Using pre-set license
Built from '2021.3/staging' branch; Version is '2021.3.6f1 (7da38d85baf6) revision 8233869'; Using compiler version '192829333'; Build Type 'Release'
OS: 'Windows 11  (10.0.22000) 64bit Professional' Language: 'en' Physical Memory: 32689 MB
BatchMode: 1, IsHumanControllingUs: 0, StartBugReporterOnCrash: 0, Is64bit: 1, IsPro: 1

COMMAND LINE ARGUMENTS:
C:\Program Files\Unity\Hub\Editor\2021.3.6f1\Editor\Unity.exe
-adb2
-batchMode
-noUpm
-name
AssetImportWorker4
-projectPath
O:/MSc AI/Dissertation-Project/RPG
-logFile
Logs/AssetImportWorker4.log
-srvPort
63331
Successfully changed project path to: O:/MSc AI/Dissertation-Project/RPG
O:/MSc AI/Dissertation-Project/RPG
[UnityMemory] Configuration Parameters - Can be set up in boot.config
    "memorysetup-bucket-allocator-granularity=16"
    "memorysetup-bucket-allocator-bucket-count=8"
    "memorysetup-bucket-allocator-block-size=33554432"
    "memorysetup-bucket-allocator-block-count=8"
    "memorysetup-main-allocator-block-size=16777216"
    "memorysetup-thread-allocator-block-size=16777216"
    "memorysetup-gfx-main-allocator-block-size=16777216"
    "memorysetup-gfx-thread-allocator-block-size=16777216"
    "memorysetup-cache-allocator-block-size=4194304"
    "memorysetup-typetree-allocator-block-size=2097152"
    "memorysetup-profiler-bucket-allocator-granularity=16"
    "memorysetup-profiler-bucket-allocator-bucket-count=8"
    "memorysetup-profiler-bucket-allocator-block-size=33554432"
    "memorysetup-profiler-bucket-allocator-block-count=8"
    "memorysetup-profiler-allocator-block-size=16777216"
    "memorysetup-profiler-editor-allocator-block-size=1048576"
    "memorysetup-temp-allocator-size-main=16777216"
    "memorysetup-job-temp-allocator-block-size=2097152"
    "memorysetup-job-temp-allocator-block-size-background=1048576"
    "memorysetup-job-temp-allocator-reduction-small-platforms=262144"
    "memorysetup-temp-allocator-size-background-worker=32768"
    "memorysetup-temp-allocator-size-job-worker=262144"
    "memorysetup-temp-allocator-size-preload-manager=33554432"
    "memorysetup-temp-allocator-size-nav-mesh-worker=65536"
    "memorysetup-temp-allocator-size-audio-worker=65536"
    "memorysetup-temp-allocator-size-cloud-worker=32768"
    "memorysetup-temp-allocator-size-gi-baking-worker=262144"
    "memorysetup-temp-allocator-size-gfx=262144"
Refreshing native plugins compatible for Editor in 143.23 ms, found 3 plugins.
Preloading 0 native plugins for Editor in 0.00 ms.
Initialize engine version: 2021.3.6f1 (7da38d85baf6)
[Subsystems] Discovering subsystems at path C:/Program Files/Unity/Hub/Editor/2021.3.6f1/Editor/Data/Resources/UnitySubsystems
[Subsystems] Discovering subsystems at path O:/MSc AI/Dissertation-Project/RPG/Assets
GfxDevice: creating device client; threaded=0; jobified=0
Direct3D:
    Version:  Direct3D 11.0 [level 11.1]
    Renderer: NVIDIA GeForce RTX 3070 (ID=0x2484)
    Vendor:   NVIDIA
    VRAM:     8043 MB
    Driver:   31.0.15.1659
Shader Custom/UnlitShadow uses undefined Queue: 'Opaque'
Shader Custom/UnlitShadow uses undefined Queue: 'Opaque'
Initialize mono
Mono path[0] = 'C:/Program Files/Unity/Hub/Editor/2021.3.6f1/Editor/Data/Managed'
Mono path[1] = 'C:/Program Files/Unity/Hub/Editor/2021.3.6f1/Editor/Data/MonoBleedingEdge/lib/mono/unityjit-win32'
Mono config path = 'C:/Program Files/Unity/Hub/Editor/2021.3.6f1/Editor/Data/MonoBleedingEdge/etc'
Using monoOptions --debugger-agent=transport=dt_socket,embedding=1,server=y,suspend=n,address=127.0.0.1:56164
Begin MonoManager ReloadAssembly
Registering precompiled unity dll's ...
Register platform support module: C:/Program Files/Unity/Hub/Editor/2021.3.6f1/Editor/Data/PlaybackEngines/MacStandaloneSupport/UnityEditor.OSXStandalone.Extensions.dll
Register platform support module: C:/Program Files/Unity/Hub/Editor/2021.3.6f1/Editor/Data/PlaybackEngines/WindowsStandaloneSupport/UnityEditor.WindowsStandalone.Extensions.dll
Registered in 0.005126 seconds.
Native extension for WindowsStandalone target not found
Native extension for OSXStandalone target not found
Refreshing native plugins compatible for Editor in 96.55 ms, found 3 plugins.
Preloading 0 native plugins for Editor in 0.00 ms.
Mono: successfully reloaded assembly
- Completed reload, in  0.612 seconds
Domain Reload Profiling:
	ReloadAssembly (612ms)
		BeginReloadAssembly (74ms)
			ExecutionOrderSort (0ms)
			DisableScriptedObjects (0ms)
			BackupInstance (0ms)
			ReleaseScriptingObjects (0ms)
			CreateAndSetChildDomain (1ms)
		EndReloadAssembly (429ms)
			LoadAssemblies (72ms)
			RebuildTransferFunctionScriptingTraits (0ms)
			SetupTypeCache (103ms)
			ReleaseScriptCaches (0ms)
			RebuildScriptCaches (23ms)
			SetupLoadedEditorAssemblies (258ms)
				LogAssemblyErrors (0ms)
				InitializePlatformSupportModulesInManaged (8ms)
				SetLoadedEditorAssemblies (0ms)
				RefreshPlugins (97ms)
				BeforeProcessingInitializeOnLoad (1ms)
				ProcessInitializeOnLoadAttributes (114ms)
				ProcessInitializeOnLoadMethodAttributes (37ms)
				AfterProcessingInitializeOnLoad (0ms)
				EditorAssembliesLoaded (0ms)
			ExecutionOrderSort2 (0ms)
			AwakeInstancesAfterBackupRestoration (0ms)
Platform modules already initialized, skipping
Registering precompiled user dll's ...
Registered in 0.002832 seconds.
Begin MonoManager ReloadAssembly
Symbol file LoadedFromMemory doesn't match image O:\MSc AI\Dissertation-Project\RPG\Library\PackageCache\com.unity.visualscripting@1.7.8\Editor\VisualScripting.Core\Dependencies\YamlDotNet\Unity.VisualScripting.YamlDotNet.dll
Symbol file LoadedFromMemory doesn't match image O:\MSc AI\Dissertation-Project\RPG\Library\PackageCache\com.unity.visualscripting@1.7.8\Editor\VisualScripting.Core\Dependencies\DotNetZip\Unity.VisualScripting.IonicZip.dll
Native extension for WindowsStandalone target not found
Native extension for OSXStandalone target not found
Refreshing native plugins compatible for Editor in 1.41 ms, found 3 plugins.
Preloading 0 native plugins for Editor in 0.00 ms.
Mono: successfully reloaded assembly
- Completed reload, in  0.890 seconds
Domain Reload Profiling:
	ReloadAssembly (891ms)
		BeginReloadAssembly (89ms)
			ExecutionOrderSort (0ms)
			DisableScriptedObjects (5ms)
			BackupInstance (0ms)
			ReleaseScriptingObjects (0ms)
			CreateAndSetChildDomain (19ms)
		EndReloadAssembly (713ms)
			LoadAssemblies (64ms)
			RebuildTransferFunctionScriptingTraits (0ms)
			SetupTypeCache (206ms)
			ReleaseScriptCaches (1ms)
			RebuildScriptCaches (47ms)
			SetupLoadedEditorAssemblies (356ms)
				LogAssemblyErrors (0ms)
				InitializePlatformSupportModulesInManaged (6ms)
				SetLoadedEditorAssemblies (1ms)
				RefreshPlugins (1ms)
				BeforeProcessingInitializeOnLoad (75ms)
				ProcessInitializeOnLoadAttributes (244ms)
				ProcessInitializeOnLoadMethodAttributes (22ms)
				AfterProcessingInitializeOnLoad (6ms)
				EditorAssembliesLoaded (0ms)
			ExecutionOrderSort2 (0ms)
			AwakeInstancesAfterBackupRestoration (6ms)
Platform modules already initialized, skipping
========================================================================
Worker process is ready to serve import requests
Shader Custom/UnlitShadow uses undefined Queue: 'Opaque'
Shader Custom/UnlitShadow uses undefined Queue: 'Opaque'
Launched and connected shader compiler UnityShaderCompiler.exe after 0.04 seconds
Refreshing native plugins compatible for Editor in 1.14 ms, found 3 plugins.
Preloading 0 native plugins for Editor in 0.00 ms.
Unloading 4146 Unused Serialized files (Serialized files now loaded: 0)
Unloading 53 unused Assets / (1.4 MB). Loaded Objects now: 4630.
Memory consumption went from 243.3 MB to 241.8 MB.
Total: 3.599700 ms (FindLiveObjects: 0.307800 ms CreateObjectMapping: 0.117900 ms MarkObjects: 2.754500 ms  DeleteObjects: 0.418800 ms)

AssetImportParameters requested are different than current active one (requested -> active):
  custom:video-decoder-ogg-theora: a1e56fd34408186e4bbccfd4996cb3dc -> 
  custom:container-muxer-webm: aa71ff27fc2769a1b78a27578f13a17b -> 
  custom:container-demuxer-webm: 4f35f7cbe854078d1ac9338744f61a02 -> 
  custom:video-encoder-webm-vp8: eb34c28f22e8b96e1ab97ce403110664 -> 
  custom:audio-encoder-webm-vorbis: bf7c407c2cedff20999df2af8eb42d56 -> 
  custom:framework-win-MediaFoundation: 216162199b28c13a410421893ffa2e32 -> 
  custom:container-demuxer-ogg: 62fdf1f143b41e24485cea50d1cbac27 -> 
  custom:video-decoder-webm-vp8: 9c59270c3fd7afecdb556c50c9e8de78 -> 
  custom:audio-decoder-ogg-vorbis: bf7c407c2cedff20999df2af8eb42d56 -> 
========================================================================
Received Import Request.
  Time since last request: 122930.984004 seconds.
  path: Assets/Magic/EffectTexturesAndPrefabs/Materials/Fire_A.mat
  artifactKey: Guid(b465c451c01c117458142e3e46fe035b) Importer(815301076,1909f56bfc062723c751e8b465ee728b)
Start importing Assets/Magic/EffectTexturesAndPrefabs/Materials/Fire_A.mat using Guid(b465c451c01c117458142e3e46fe035b) Importer(815301076,1909f56bfc062723c751e8b465ee728b)  -> (artifact id: '6c8f05261ca64f71d574d30fb6bb26fc') in 0.094303 seconds 
========================================================================
Received Import Request.
  Time since last request: 13.497160 seconds.
  path: Assets/Magic/Mirza Beig/Particle Systems/Inferno VFX/Materials/Particles/Spritesheets/mat_vfx-inf_particle_spritesheet_hotCloud-colour-alpha-[1.0].mat
  artifactKey: Guid(b5ecc53330be6da4ea3b9b2138eed85f) Importer(815301076,1909f56bfc062723c751e8b465ee728b)
Start importing Assets/Magic/Mirza Beig/Particle Systems/Inferno VFX/Materials/Particles/Spritesheets/mat_vfx-inf_particle_spritesheet_hotCloud-colour-alpha-[1.0].mat using Guid(b5ecc53330be6da4ea3b9b2138eed85f) Importer(815301076,1909f56bfc062723c751e8b465ee728b)  -> (artifact id: '4d8704a022abe63655ee9224b2916abe') in 0.063422 seconds 
========================================================================
Received Import Request.
  Time since last request: 41.920481 seconds.
  path: Assets/Magic/EffectTexturesAndPrefabs/Materials/FireParticle_A.mat
  artifactKey: Guid(abc49fa8b01f5314c880641bc7c5986d) Importer(815301076,1909f56bfc062723c751e8b465ee728b)
Start importing Assets/Magic/EffectTexturesAndPrefabs/Materials/FireParticle_A.mat using Guid(abc49fa8b01f5314c880641bc7c5986d) Importer(815301076,1909f56bfc062723c751e8b465ee728b)  -> (artifact id: 'd9b6be95aa77666c804f2a81143c1607') in 0.009476 seconds 
========================================================================
Received Import Request.
  Time since last request: 41.080973 seconds.
  path: Assets/Magic/Mirza Beig/Particle Systems/Inferno VFX/Materials/Particles/Spritesheets/mat_vfx-inf_particle_spritesheet_blast5-alpha-[1.0].mat
  artifactKey: Guid(6f6f691d7a719ca4ca14f13ff568244e) Importer(815301076,1909f56bfc062723c751e8b465ee728b)
Start importing Assets/Magic/Mirza Beig/Particle Systems/Inferno VFX/Materials/Particles/Spritesheets/mat_vfx-inf_particle_spritesheet_blast5-alpha-[1.0].mat using Guid(6f6f691d7a719ca4ca14f13ff568244e) Importer(815301076,1909f56bfc062723c751e8b465ee728b)  -> (artifact id: '57fa5fbf7b025e96be2dae2e90b7045d') in 0.076743 seconds 
========================================================================
Received Import Request.
  Time since last request: 57.240580 seconds.
  path: Assets/Magic/Mirza Beig/Particle Systems/Inferno VFX/Materials/Particles/Spritesheets/mat_vfx-inf_particle_spritesheet_blast4-alpha-[1.0].mat
  artifactKey: Guid(4f4837f10076e42439cb813dc1056d95) Importer(815301076,1909f56bfc062723c751e8b465ee728b)
Start importing Assets/Magic/Mirza Beig/Particle Systems/Inferno VFX/Materials/Particles/Spritesheets/mat_vfx-inf_particle_spritesheet_blast4-alpha-[1.0].mat using Guid(4f4837f10076e42439cb813dc1056d95) Importer(815301076,1909f56bfc062723c751e8b465ee728b)  -> (artifact id: 'd53e7b19f4c4d0db8435fd609dfb689b') in 0.092423 seconds 
========================================================================
Received Import Request.
  Time since last request: 0.696392 seconds.
  path: Assets/Magic/Mirza Beig/Particle Systems/Inferno VFX/Materials/Particles/Spritesheets/mat_vfx-inf_particle_spritesheet_blast3-alpha-[1.0].mat
  artifactKey: Guid(ff0aee75227feca4d9bfd52658503c86) Importer(815301076,1909f56bfc062723c751e8b465ee728b)
Start importing Assets/Magic/Mirza Beig/Particle Systems/Inferno VFX/Materials/Particles/Spritesheets/mat_vfx-inf_particle_spritesheet_blast3-alpha-[1.0].mat using Guid(ff0aee75227feca4d9bfd52658503c86) Importer(815301076,1909f56bfc062723c751e8b465ee728b)  -> (artifact id: '17662c33e182c3d7d7d4f8236385ebfc') in 0.059159 seconds 
========================================================================
Received Import Request.
  Time since last request: 7.272143 seconds.
  path: Assets/Prefabs/Magic/Nova.prefab
  artifactKey: Guid(9c19ae2b495b8d54f842385df8507d0c) Importer(815301076,1909f56bfc062723c751e8b465ee728b)
Start importing Assets/Prefabs/Magic/Nova.prefab using Guid(9c19ae2b495b8d54f842385df8507d0c) Importer(815301076,1909f56bfc062723c751e8b465ee728b)  -> (artifact id: 'a432ff71a81b2171f9d5100461b9b38f') in 0.207478 seconds 
========================================================================
Received Import Request.
  Time since last request: 28.518243 seconds.
  path: Assets/Prefabs/Magic/ShockWave.prefab
  artifactKey: Guid(73f45dc7014a3de47bd3c4216e7aaa99) Importer(815301076,1909f56bfc062723c751e8b465ee728b)
Start importing Assets/Prefabs/Magic/ShockWave.prefab using Guid(73f45dc7014a3de47bd3c4216e7aaa99) Importer(815301076,1909f56bfc062723c751e8b465ee728b)  -> (artifact id: '7b63173e4ec77b818bd7587356af269a') in 0.061198 seconds 
========================================================================
Received Prepare
Registering precompiled user dll's ...
Registered in 0.002866 seconds.
Begin MonoManager ReloadAssembly
Symbol file LoadedFromMemory doesn't match image O:\MSc AI\Dissertation-Project\RPG\Library\PackageCache\com.unity.visualscripting@1.7.8\Editor\VisualScripting.Core\Dependencies\YamlDotNet\Unity.VisualScripting.YamlDotNet.dll
Symbol file LoadedFromMemory doesn't match image O:\MSc AI\Dissertation-Project\RPG\Library\PackageCache\com.unity.visualscripting@1.7.8\Editor\VisualScripting.Core\Dependencies\DotNetZip\Unity.VisualScripting.IonicZip.dll
Native extension for WindowsStandalone target not found
Native extension for OSXStandalone target not found
Refreshing native plugins compatible for Editor in 1.61 ms, found 3 plugins.
Preloading 0 native plugins for Editor in 0.00 ms.
Mono: successfully reloaded assembly
- Completed reload, in  0.906 seconds
Domain Reload Profiling:
	ReloadAssembly (906ms)
		BeginReloadAssembly (112ms)
			ExecutionOrderSort (0ms)
			DisableScriptedObjects (3ms)
			BackupInstance (0ms)
			ReleaseScriptingObjects (0ms)
			CreateAndSetChildDomain (39ms)
		EndReloadAssembly (712ms)
			LoadAssemblies (66ms)
			RebuildTransferFunctionScriptingTraits (0ms)
			SetupTypeCache (240ms)
			ReleaseScriptCaches (1ms)
			RebuildScriptCaches (39ms)
			SetupLoadedEditorAssemblies (324ms)
				LogAssemblyErrors (0ms)
				InitializePlatformSupportModulesInManaged (14ms)
				SetLoadedEditorAssemblies (0ms)
				RefreshPlugins (2ms)
				BeforeProcessingInitializeOnLoad (68ms)
				ProcessInitializeOnLoadAttributes (214ms)
				ProcessInitializeOnLoadMethodAttributes (21ms)
				AfterProcessingInitializeOnLoad (5ms)
				EditorAssembliesLoaded (0ms)
			ExecutionOrderSort2 (0ms)
			AwakeInstancesAfterBackupRestoration (4ms)
Platform modules already initialized, skipping
Shader Custom/UnlitShadow uses undefined Queue: 'Opaque'
Shader Custom/UnlitShadow uses undefined Queue: 'Opaque'
Refreshing native plugins compatible for Editor in 1.93 ms, found 3 plugins.
Preloading 0 native plugins for Editor in 0.00 ms.
Unloading 4086 Unused Serialized files (Serialized files now loaded: 0)
Unloading 35 unused Assets / (1.4 MB). Loaded Objects now: 4685.
Memory consumption went from 242.2 MB to 240.8 MB.
Total: 3.163000 ms (FindLiveObjects: 0.275800 ms CreateObjectMapping: 0.092900 ms MarkObjects: 2.440600 ms  DeleteObjects: 0.352600 ms)

AssetImportParameters requested are different than current active one (requested -> active):
  custom:video-decoder-ogg-theora: a1e56fd34408186e4bbccfd4996cb3dc -> 
  custom:container-muxer-webm: aa71ff27fc2769a1b78a27578f13a17b -> 
  custom:container-demuxer-webm: 4f35f7cbe854078d1ac9338744f61a02 -> 
  custom:video-encoder-webm-vp8: eb34c28f22e8b96e1ab97ce403110664 -> 
  custom:audio-encoder-webm-vorbis: bf7c407c2cedff20999df2af8eb42d56 -> 
  custom:framework-win-MediaFoundation: 216162199b28c13a410421893ffa2e32 -> 
  custom:container-demuxer-ogg: 62fdf1f143b41e24485cea50d1cbac27 -> 
  custom:video-decoder-webm-vp8: 9c59270c3fd7afecdb556c50c9e8de78 -> 
  custom:audio-decoder-ogg-vorbis: bf7c407c2cedff20999df2af8eb42d56 -> 
========================================================================
Received Prepare
Registering precompiled user dll's ...
Registered in 0.003169 seconds.
Begin MonoManager ReloadAssembly
Symbol file LoadedFromMemory doesn't match image O:\MSc AI\Dissertation-Project\RPG\Library\PackageCache\com.unity.visualscripting@1.7.8\Editor\VisualScripting.Core\Dependencies\YamlDotNet\Unity.VisualScripting.YamlDotNet.dll
Symbol file LoadedFromMemory doesn't match image O:\MSc AI\Dissertation-Project\RPG\Library\PackageCache\com.unity.visualscripting@1.7.8\Editor\VisualScripting.Core\Dependencies\DotNetZip\Unity.VisualScripting.IonicZip.dll
Native extension for WindowsStandalone target not found
Native extension for OSXStandalone target not found
Refreshing native plugins compatible for Editor in 1.55 ms, found 3 plugins.
Preloading 0 native plugins for Editor in 0.00 ms.
Mono: successfully reloaded assembly
- Completed reload, in  0.919 seconds
Domain Reload Profiling:
	ReloadAssembly (919ms)
		BeginReloadAssembly (113ms)
			ExecutionOrderSort (0ms)
			DisableScriptedObjects (3ms)
			BackupInstance (0ms)
			ReleaseScriptingObjects (0ms)
			CreateAndSetChildDomain (38ms)
		EndReloadAssembly (726ms)
			LoadAssemblies (68ms)
			RebuildTransferFunctionScriptingTraits (0ms)
			SetupTypeCache (246ms)
			ReleaseScriptCaches (2ms)
			RebuildScriptCaches (43ms)
			SetupLoadedEditorAssemblies (329ms)
				LogAssemblyErrors (0ms)
				InitializePlatformSupportModulesInManaged (14ms)
				SetLoadedEditorAssemblies (0ms)
				RefreshPlugins (2ms)
				BeforeProcessingInitializeOnLoad (67ms)
				ProcessInitializeOnLoadAttributes (218ms)
				ProcessInitializeOnLoadMethodAttributes (21ms)
				AfterProcessingInitializeOnLoad (7ms)
				EditorAssembliesLoaded (0ms)
			ExecutionOrderSort2 (0ms)
			AwakeInstancesAfterBackupRestoration (5ms)
Platform modules already initialized, skipping
Shader Custom/UnlitShadow uses undefined Queue: 'Opaque'
Shader Custom/UnlitShadow uses undefined Queue: 'Opaque'
Refreshing native plugins compatible for Editor in 1.96 ms, found 3 plugins.
Preloading 0 native plugins for Editor in 0.00 ms.
Unloading 4086 Unused Serialized files (Serialized files now loaded: 0)
Unloading 34 unused Assets / (1.4 MB). Loaded Objects now: 4700.
Memory consumption went from 242.2 MB to 240.8 MB.
Total: 3.219700 ms (FindLiveObjects: 0.287800 ms CreateObjectMapping: 0.095600 ms MarkObjects: 2.491300 ms  DeleteObjects: 0.344200 ms)

AssetImportParameters requested are different than current active one (requested -> active):
  custom:video-decoder-ogg-theora: a1e56fd34408186e4bbccfd4996cb3dc -> 
  custom:container-muxer-webm: aa71ff27fc2769a1b78a27578f13a17b -> 
  custom:container-demuxer-webm: 4f35f7cbe854078d1ac9338744f61a02 -> 
  custom:video-encoder-webm-vp8: eb34c28f22e8b96e1ab97ce403110664 -> 
  custom:audio-encoder-webm-vorbis: bf7c407c2cedff20999df2af8eb42d56 -> 
  custom:framework-win-MediaFoundation: 216162199b28c13a410421893ffa2e32 -> 
  custom:container-demuxer-ogg: 62fdf1f143b41e24485cea50d1cbac27 -> 
  custom:video-decoder-webm-vp8: 9c59270c3fd7afecdb556c50c9e8de78 -> 
  custom:audio-decoder-ogg-vorbis: bf7c407c2cedff20999df2af8eb42d56 -> 
========================================================================
Received Prepare
Registering precompiled user dll's ...
Registered in 0.002730 seconds.
Begin MonoManager ReloadAssembly
Symbol file LoadedFromMemory doesn't match image O:\MSc AI\Dissertation-Project\RPG\Library\PackageCache\com.unity.visualscripting@1.7.8\Editor\VisualScripting.Core\Dependencies\YamlDotNet\Unity.VisualScripting.YamlDotNet.dll
Symbol file LoadedFromMemory doesn't match image O:\MSc AI\Dissertation-Project\RPG\Library\PackageCache\com.unity.visualscripting@1.7.8\Editor\VisualScripting.Core\Dependencies\DotNetZip\Unity.VisualScripting.IonicZip.dll
Native extension for WindowsStandalone target not found
Native extension for OSXStandalone target not found
Refreshing native plugins compatible for Editor in 1.51 ms, found 3 plugins.
Preloading 0 native plugins for Editor in 0.00 ms.
Mono: successfully reloaded assembly
- Completed reload, in  0.926 seconds
Domain Reload Profiling:
	ReloadAssembly (927ms)
		BeginReloadAssembly (112ms)
			ExecutionOrderSort (0ms)
			DisableScriptedObjects (4ms)
			BackupInstance (0ms)
			ReleaseScriptingObjects (0ms)
			CreateAndSetChildDomain (38ms)
		EndReloadAssembly (735ms)
			LoadAssemblies (64ms)
			RebuildTransferFunctionScriptingTraits (0ms)
			SetupTypeCache (243ms)
			ReleaseScriptCaches (2ms)
			RebuildScriptCaches (48ms)
			SetupLoadedEditorAssemblies (329ms)
				LogAssemblyErrors (0ms)
				InitializePlatformSupportModulesInManaged (12ms)
				SetLoadedEditorAssemblies (0ms)
				RefreshPlugins (2ms)
				BeforeProcessingInitializeOnLoad (65ms)
				ProcessInitializeOnLoadAttributes (220ms)
				ProcessInitializeOnLoadMethodAttributes (25ms)
				AfterProcessingInitializeOnLoad (5ms)
				EditorAssembliesLoaded (0ms)
			ExecutionOrderSort2 (0ms)
			AwakeInstancesAfterBackupRestoration (4ms)
Platform modules already initialized, skipping
Shader Custom/UnlitShadow uses undefined Queue: 'Opaque'
Shader Custom/UnlitShadow uses undefined Queue: 'Opaque'
Refreshing native plugins compatible for Editor in 1.80 ms, found 3 plugins.
Preloading 0 native plugins for Editor in 0.00 ms.
Unloading 4086 Unused Serialized files (Serialized files now loaded: 0)
Unloading 34 unused Assets / (1.4 MB). Loaded Objects now: 4715.
Memory consumption went from 242.3 MB to 240.8 MB.
Total: 3.232600 ms (FindLiveObjects: 0.281200 ms CreateObjectMapping: 0.103400 ms MarkObjects: 2.512200 ms  DeleteObjects: 0.334900 ms)

AssetImportParameters requested are different than current active one (requested -> active):
  custom:video-decoder-ogg-theora: a1e56fd34408186e4bbccfd4996cb3dc -> 
  custom:container-muxer-webm: aa71ff27fc2769a1b78a27578f13a17b -> 
  custom:container-demuxer-webm: 4f35f7cbe854078d1ac9338744f61a02 -> 
  custom:video-encoder-webm-vp8: eb34c28f22e8b96e1ab97ce403110664 -> 
  custom:audio-encoder-webm-vorbis: bf7c407c2cedff20999df2af8eb42d56 -> 
  custom:framework-win-MediaFoundation: 216162199b28c13a410421893ffa2e32 -> 
  custom:container-demuxer-ogg: 62fdf1f143b41e24485cea50d1cbac27 -> 
  custom:video-decoder-webm-vp8: 9c59270c3fd7afecdb556c50c9e8de78 -> 
  custom:audio-decoder-ogg-vorbis: bf7c407c2cedff20999df2af8eb42d56 -> 
========================================================================
Received Import Request.
  Time since last request: 535.680619 seconds.
  path: Assets/Prefabs
  artifactKey: Guid(5f59e6eefa38839468200c6ae42d4865) Importer(815301076,1909f56bfc062723c751e8b465ee728b)
Start importing Assets/Prefabs using Guid(5f59e6eefa38839468200c6ae42d4865) Importer(815301076,1909f56bfc062723c751e8b465ee728b)  -> (artifact id: 'f52c4024e1dbacff26054cf319074b46') in 0.010771 seconds 
========================================================================
Received Import Request.
  Time since last request: 43.782811 seconds.
  path: Assets/Prefabs/Magic
  artifactKey: Guid(78a7db44088c0cb4fbce3f0cdc4eeada) Importer(815301076,1909f56bfc062723c751e8b465ee728b)
Start importing Assets/Prefabs/Magic using Guid(78a7db44088c0cb4fbce3f0cdc4eeada) Importer(815301076,1909f56bfc062723c751e8b465ee728b)  -> (artifact id: 'eb41eea548f77502d002fe41e5f35014') in 0.005602 seconds 
========================================================================
Received Prepare
Registering precompiled user dll's ...
Registered in 0.002681 seconds.
Begin MonoManager ReloadAssembly
Symbol file LoadedFromMemory doesn't match image O:\MSc AI\Dissertation-Project\RPG\Library\PackageCache\com.unity.visualscripting@1.7.8\Editor\VisualScripting.Core\Dependencies\YamlDotNet\Unity.VisualScripting.YamlDotNet.dll
Symbol file LoadedFromMemory doesn't match image O:\MSc AI\Dissertation-Project\RPG\Library\PackageCache\com.unity.visualscripting@1.7.8\Editor\VisualScripting.Core\Dependencies\DotNetZip\Unity.VisualScripting.IonicZip.dll
Native extension for WindowsStandalone target not found
Native extension for OSXStandalone target not found
Refreshing native plugins compatible for Editor in 1.24 ms, found 3 plugins.
Preloading 0 native plugins for Editor in 0.00 ms.
Mono: successfully reloaded assembly
- Completed reload, in  0.846 seconds
Domain Reload Profiling:
	ReloadAssembly (847ms)
		BeginReloadAssembly (114ms)
			ExecutionOrderSort (0ms)
			DisableScriptedObjects (5ms)
			BackupInstance (0ms)
			ReleaseScriptingObjects (0ms)
			CreateAndSetChildDomain (36ms)
		EndReloadAssembly (660ms)
			LoadAssemblies (63ms)
			RebuildTransferFunctionScriptingTraits (0ms)
			SetupTypeCache (196ms)
			ReleaseScriptCaches (1ms)
			RebuildScriptCaches (33ms)
			SetupLoadedEditorAssemblies (318ms)
				LogAssemblyErrors (0ms)
				InitializePlatformSupportModulesInManaged (12ms)
				SetLoadedEditorAssemblies (1ms)
				RefreshPlugins (1ms)
				BeforeProcessingInitializeOnLoad (64ms)
				ProcessInitializeOnLoadAttributes (211ms)
				ProcessInitializeOnLoadMethodAttributes (23ms)
				AfterProcessingInitializeOnLoad (6ms)
				EditorAssembliesLoaded (0ms)
			ExecutionOrderSort2 (0ms)
			AwakeInstancesAfterBackupRestoration (6ms)
Platform modules already initialized, skipping
Shader Custom/UnlitShadow uses undefined Queue: 'Opaque'
Shader Custom/UnlitShadow uses undefined Queue: 'Opaque'
Refreshing native plugins compatible for Editor in 1.91 ms, found 3 plugins.
Preloading 0 native plugins for Editor in 0.00 ms.
Unloading 4086 Unused Serialized files (Serialized files now loaded: 0)
Unloading 34 unused Assets / (1.4 MB). Loaded Objects now: 4730.
Memory consumption went from 242.3 MB to 240.9 MB.
Total: 4.399400 ms (FindLiveObjects: 0.383200 ms CreateObjectMapping: 0.108000 ms MarkObjects: 3.483800 ms  DeleteObjects: 0.423200 ms)

AssetImportParameters requested are different than current active one (requested -> active):
  custom:video-decoder-ogg-theora: a1e56fd34408186e4bbccfd4996cb3dc -> 
  custom:container-muxer-webm: aa71ff27fc2769a1b78a27578f13a17b -> 
  custom:container-demuxer-webm: 4f35f7cbe854078d1ac9338744f61a02 -> 
  custom:video-encoder-webm-vp8: eb34c28f22e8b96e1ab97ce403110664 -> 
  custom:audio-encoder-webm-vorbis: bf7c407c2cedff20999df2af8eb42d56 -> 
  custom:framework-win-MediaFoundation: 216162199b28c13a410421893ffa2e32 -> 
  custom:container-demuxer-ogg: 62fdf1f143b41e24485cea50d1cbac27 -> 
  custom:video-decoder-webm-vp8: 9c59270c3fd7afecdb556c50c9e8de78 -> 
  custom:audio-decoder-ogg-vorbis: bf7c407c2cedff20999df2af8eb42d56 -> 
========================================================================
Received Prepare
Registering precompiled user dll's ...
Registered in 0.002810 seconds.
Begin MonoManager ReloadAssembly
Symbol file LoadedFromMemory doesn't match image O:\MSc AI\Dissertation-Project\RPG\Library\PackageCache\com.unity.visualscripting@1.7.8\Editor\VisualScripting.Core\Dependencies\YamlDotNet\Unity.VisualScripting.YamlDotNet.dll
Symbol file LoadedFromMemory doesn't match image O:\MSc AI\Dissertation-Project\RPG\Library\PackageCache\com.unity.visualscripting@1.7.8\Editor\VisualScripting.Core\Dependencies\DotNetZip\Unity.VisualScripting.IonicZip.dll
Native extension for WindowsStandalone target not found
Native extension for OSXStandalone target not found
Refreshing native plugins compatible for Editor in 3.37 ms, found 3 plugins.
Preloading 0 native plugins for Editor in 0.00 ms.
Mono: successfully reloaded assembly
- Completed reload, in  0.842 seconds
Domain Reload Profiling:
	ReloadAssembly (843ms)
		BeginReloadAssembly (109ms)
			ExecutionOrderSort (0ms)
			DisableScriptedObjects (4ms)
			BackupInstance (0ms)
			ReleaseScriptingObjects (0ms)
			CreateAndSetChildDomain (35ms)
		EndReloadAssembly (661ms)
			LoadAssemblies (62ms)
			RebuildTransferFunctionScriptingTraits (0ms)
			SetupTypeCache (187ms)
			ReleaseScriptCaches (1ms)
			RebuildScriptCaches (34ms)
			SetupLoadedEditorAssemblies (324ms)
				LogAssemblyErrors (0ms)
				InitializePlatformSupportModulesInManaged (17ms)
				SetLoadedEditorAssemblies (0ms)
				RefreshPlugins (3ms)
				BeforeProcessingInitializeOnLoad (66ms)
				ProcessInitializeOnLoadAttributes (205ms)
				ProcessInitializeOnLoadMethodAttributes (24ms)
				AfterProcessingInitializeOnLoad (8ms)
				EditorAssembliesLoaded (0ms)
			ExecutionOrderSort2 (0ms)
			AwakeInstancesAfterBackupRestoration (5ms)
Platform modules already initialized, skipping
Shader Custom/UnlitShadow uses undefined Queue: 'Opaque'
Shader Custom/UnlitShadow uses undefined Queue: 'Opaque'
Refreshing native plugins compatible for Editor in 2.03 ms, found 3 plugins.
Preloading 0 native plugins for Editor in 0.00 ms.
Unloading 4086 Unused Serialized files (Serialized files now loaded: 0)
Unloading 34 unused Assets / (1.4 MB). Loaded Objects now: 4745.
Memory consumption went from 242.3 MB to 240.9 MB.
Total: 3.619800 ms (FindLiveObjects: 0.343500 ms CreateObjectMapping: 0.110900 ms MarkObjects: 2.812200 ms  DeleteObjects: 0.352200 ms)

AssetImportParameters requested are different than current active one (requested -> active):
  custom:video-decoder-ogg-theora: a1e56fd34408186e4bbccfd4996cb3dc -> 
  custom:container-muxer-webm: aa71ff27fc2769a1b78a27578f13a17b -> 
  custom:container-demuxer-webm: 4f35f7cbe854078d1ac9338744f61a02 -> 
  custom:video-encoder-webm-vp8: eb34c28f22e8b96e1ab97ce403110664 -> 
  custom:audio-encoder-webm-vorbis: bf7c407c2cedff20999df2af8eb42d56 -> 
  custom:framework-win-MediaFoundation: 216162199b28c13a410421893ffa2e32 -> 
  custom:container-demuxer-ogg: 62fdf1f143b41e24485cea50d1cbac27 -> 
  custom:video-decoder-webm-vp8: 9c59270c3fd7afecdb556c50c9e8de78 -> 
  custom:audio-decoder-ogg-vorbis: bf7c407c2cedff20999df2af8eb42d56 -> 
========================================================================
Received Prepare
Registering precompiled user dll's ...
Registered in 0.003093 seconds.
Begin MonoManager ReloadAssembly
Symbol file LoadedFromMemory doesn't match image O:\MSc AI\Dissertation-Project\RPG\Library\PackageCache\com.unity.visualscripting@1.7.8\Editor\VisualScripting.Core\Dependencies\YamlDotNet\Unity.VisualScripting.YamlDotNet.dll
Symbol file LoadedFromMemory doesn't match image O:\MSc AI\Dissertation-Project\RPG\Library\PackageCache\com.unity.visualscripting@1.7.8\Editor\VisualScripting.Core\Dependencies\DotNetZip\Unity.VisualScripting.IonicZip.dll
Native extension for WindowsStandalone target not found
Native extension for OSXStandalone target not found
Refreshing native plugins compatible for Editor in 1.23 ms, found 3 plugins.
Preloading 0 native plugins for Editor in 0.00 ms.
Mono: successfully reloaded assembly
- Completed reload, in  0.865 seconds
Domain Reload Profiling:
	ReloadAssembly (865ms)
		BeginReloadAssembly (122ms)
			ExecutionOrderSort (0ms)
			DisableScriptedObjects (4ms)
			BackupInstance (0ms)
			ReleaseScriptingObjects (0ms)
			CreateAndSetChildDomain (42ms)
		EndReloadAssembly (660ms)
			LoadAssemblies (66ms)
			RebuildTransferFunctionScriptingTraits (0ms)
			SetupTypeCache (187ms)
			ReleaseScriptCaches (1ms)
			RebuildScriptCaches (49ms)
			SetupLoadedEditorAssemblies (307ms)
				LogAssemblyErrors (0ms)
				InitializePlatformSupportModulesInManaged (12ms)
				SetLoadedEditorAssemblies (0ms)
				RefreshPlugins (1ms)
				BeforeProcessingInitializeOnLoad (57ms)
				ProcessInitializeOnLoadAttributes (209ms)
				ProcessInitializeOnLoadMethodAttributes (21ms)
				AfterProcessingInitializeOnLoad (7ms)
				EditorAssembliesLoaded (0ms)
			ExecutionOrderSort2 (0ms)
			AwakeInstancesAfterBackupRestoration (4ms)
Platform modules already initialized, skipping
Shader Custom/UnlitShadow uses undefined Queue: 'Opaque'
Shader Custom/UnlitShadow uses undefined Queue: 'Opaque'
Refreshing native plugins compatible for Editor in 2.15 ms, found 3 plugins.
Preloading 0 native plugins for Editor in 0.00 ms.
Unloading 4086 Unused Serialized files (Serialized files now loaded: 0)
Unloading 34 unused Assets / (1.4 MB). Loaded Objects now: 4760.
Memory consumption went from 242.3 MB to 240.9 MB.
Total: 3.270300 ms (FindLiveObjects: 0.302100 ms CreateObjectMapping: 0.093100 ms MarkObjects: 2.531000 ms  DeleteObjects: 0.343300 ms)

AssetImportParameters requested are different than current active one (requested -> active):
  custom:video-decoder-ogg-theora: a1e56fd34408186e4bbccfd4996cb3dc -> 
  custom:container-muxer-webm: aa71ff27fc2769a1b78a27578f13a17b -> 
  custom:container-demuxer-webm: 4f35f7cbe854078d1ac9338744f61a02 -> 
  custom:video-encoder-webm-vp8: eb34c28f22e8b96e1ab97ce403110664 -> 
  custom:audio-encoder-webm-vorbis: bf7c407c2cedff20999df2af8eb42d56 -> 
  custom:framework-win-MediaFoundation: 216162199b28c13a410421893ffa2e32 -> 
  custom:container-demuxer-ogg: 62fdf1f143b41e24485cea50d1cbac27 -> 
  custom:video-decoder-webm-vp8: 9c59270c3fd7afecdb556c50c9e8de78 -> 
  custom:audio-decoder-ogg-vorbis: bf7c407c2cedff20999df2af8eb42d56 -> 
========================================================================
Received Prepare
Registering precompiled user dll's ...
Registered in 0.003163 seconds.
Begin MonoManager ReloadAssembly
Symbol file LoadedFromMemory doesn't match image O:\MSc AI\Dissertation-Project\RPG\Library\PackageCache\com.unity.visualscripting@1.7.8\Editor\VisualScripting.Core\Dependencies\YamlDotNet\Unity.VisualScripting.YamlDotNet.dll
Symbol file LoadedFromMemory doesn't match image O:\MSc AI\Dissertation-Project\RPG\Library\PackageCache\com.unity.visualscripting@1.7.8\Editor\VisualScripting.Core\Dependencies\DotNetZip\Unity.VisualScripting.IonicZip.dll
Native extension for WindowsStandalone target not found
Native extension for OSXStandalone target not found
Refreshing native plugins compatible for Editor in 1.23 ms, found 3 plugins.
Preloading 0 native plugins for Editor in 0.00 ms.
Mono: successfully reloaded assembly
- Completed reload, in  0.845 seconds
Domain Reload Profiling:
	ReloadAssembly (846ms)
		BeginReloadAssembly (115ms)
			ExecutionOrderSort (0ms)
			DisableScriptedObjects (4ms)
			BackupInstance (0ms)
			ReleaseScriptingObjects (0ms)
			CreateAndSetChildDomain (35ms)
		EndReloadAssembly (652ms)
			LoadAssemblies (64ms)
			RebuildTransferFunctionScriptingTraits (0ms)
			SetupTypeCache (199ms)
			ReleaseScriptCaches (2ms)
			RebuildScriptCaches (40ms)
			SetupLoadedEditorAssemblies (307ms)
				LogAssemblyErrors (0ms)
				InitializePlatformSupportModulesInManaged (18ms)
				SetLoadedEditorAssemblies (0ms)
				RefreshPlugins (1ms)
				BeforeProcessingInitializeOnLoad (55ms)
				ProcessInitializeOnLoadAttributes (207ms)
				ProcessInitializeOnLoadMethodAttributes (21ms)
				AfterProcessingInitializeOnLoad (5ms)
				EditorAssembliesLoaded (0ms)
			ExecutionOrderSort2 (0ms)
			AwakeInstancesAfterBackupRestoration (4ms)
Platform modules already initialized, skipping
Shader Custom/UnlitShadow uses undefined Queue: 'Opaque'
Shader Custom/UnlitShadow uses undefined Queue: 'Opaque'
Refreshing native plugins compatible for Editor in 2.15 ms, found 3 plugins.
Preloading 0 native plugins for Editor in 0.00 ms.
Unloading 4086 Unused Serialized files (Serialized files now loaded: 0)
Unloading 34 unused Assets / (1.4 MB). Loaded Objects now: 4775.
Memory consumption went from 242.3 MB to 240.9 MB.
Total: 3.423600 ms (FindLiveObjects: 0.292900 ms CreateObjectMapping: 0.103900 ms MarkObjects: 2.658800 ms  DeleteObjects: 0.367200 ms)

AssetImportParameters requested are different than current active one (requested -> active):
  custom:video-decoder-ogg-theora: a1e56fd34408186e4bbccfd4996cb3dc -> 
  custom:container-muxer-webm: aa71ff27fc2769a1b78a27578f13a17b -> 
  custom:container-demuxer-webm: 4f35f7cbe854078d1ac9338744f61a02 -> 
  custom:video-encoder-webm-vp8: eb34c28f22e8b96e1ab97ce403110664 -> 
  custom:audio-encoder-webm-vorbis: bf7c407c2cedff20999df2af8eb42d56 -> 
  custom:framework-win-MediaFoundation: 216162199b28c13a410421893ffa2e32 -> 
  custom:container-demuxer-ogg: 62fdf1f143b41e24485cea50d1cbac27 -> 
  custom:video-decoder-webm-vp8: 9c59270c3fd7afecdb556c50c9e8de78 -> 
  custom:audio-decoder-ogg-vorbis: bf7c407c2cedff20999df2af8eb42d56 -> 
========================================================================
Received Prepare
Registering precompiled user dll's ...
Registered in 0.002837 seconds.
Begin MonoManager ReloadAssembly
Symbol file LoadedFromMemory doesn't match image O:\MSc AI\Dissertation-Project\RPG\Library\PackageCache\com.unity.visualscripting@1.7.8\Editor\VisualScripting.Core\Dependencies\YamlDotNet\Unity.VisualScripting.YamlDotNet.dll
Symbol file LoadedFromMemory doesn't match image O:\MSc AI\Dissertation-Project\RPG\Library\PackageCache\com.unity.visualscripting@1.7.8\Editor\VisualScripting.Core\Dependencies\DotNetZip\Unity.VisualScripting.IonicZip.dll
Native extension for WindowsStandalone target not found
Native extension for OSXStandalone target not found
Refreshing native plugins compatible for Editor in 1.23 ms, found 3 plugins.
Preloading 0 native plugins for Editor in 0.00 ms.
Mono: successfully reloaded assembly
- Completed reload, in  0.911 seconds
Domain Reload Profiling:
	ReloadAssembly (912ms)
		BeginReloadAssembly (116ms)
			ExecutionOrderSort (0ms)
			DisableScriptedObjects (3ms)
			BackupInstance (0ms)
			ReleaseScriptingObjects (0ms)
			CreateAndSetChildDomain (40ms)
		EndReloadAssembly (718ms)
			LoadAssemblies (64ms)
			RebuildTransferFunctionScriptingTraits (0ms)
			SetupTypeCache (208ms)
			ReleaseScriptCaches (2ms)
			RebuildScriptCaches (61ms)
			SetupLoadedEditorAssemblies (324ms)
				LogAssemblyErrors (0ms)
				InitializePlatformSupportModulesInManaged (12ms)
				SetLoadedEditorAssemblies (0ms)
				RefreshPlugins (1ms)
				BeforeProcessingInitializeOnLoad (59ms)
				ProcessInitializeOnLoadAttributes (220ms)
				ProcessInitializeOnLoadMethodAttributes (26ms)
				AfterProcessingInitializeOnLoad (5ms)
				EditorAssembliesLoaded (0ms)
			ExecutionOrderSort2 (0ms)
			AwakeInstancesAfterBackupRestoration (4ms)
Platform modules already initialized, skipping
Shader Custom/UnlitShadow uses undefined Queue: 'Opaque'
Shader Custom/UnlitShadow uses undefined Queue: 'Opaque'
Refreshing native plugins compatible for Editor in 2.03 ms, found 3 plugins.
Preloading 0 native plugins for Editor in 0.00 ms.
Unloading 4086 Unused Serialized files (Serialized files now loaded: 0)
Unloading 34 unused Assets / (1.4 MB). Loaded Objects now: 4790.
Memory consumption went from 242.3 MB to 240.9 MB.
Total: 3.729700 ms (FindLiveObjects: 0.311000 ms CreateObjectMapping: 0.091600 ms MarkObjects: 2.960800 ms  DeleteObjects: 0.365700 ms)

AssetImportParameters requested are different than current active one (requested -> active):
  custom:video-decoder-ogg-theora: a1e56fd34408186e4bbccfd4996cb3dc -> 
  custom:container-muxer-webm: aa71ff27fc2769a1b78a27578f13a17b -> 
  custom:container-demuxer-webm: 4f35f7cbe854078d1ac9338744f61a02 -> 
  custom:video-encoder-webm-vp8: eb34c28f22e8b96e1ab97ce403110664 -> 
  custom:audio-encoder-webm-vorbis: bf7c407c2cedff20999df2af8eb42d56 -> 
  custom:framework-win-MediaFoundation: 216162199b28c13a410421893ffa2e32 -> 
  custom:container-demuxer-ogg: 62fdf1f143b41e24485cea50d1cbac27 -> 
  custom:video-decoder-webm-vp8: 9c59270c3fd7afecdb556c50c9e8de78 -> 
  custom:audio-decoder-ogg-vorbis: bf7c407c2cedff20999df2af8eb42d56 -> 
========================================================================
Received Import Request.
  Time since last request: 580.803206 seconds.
  path: ProjectSettings/TagManager.asset
  artifactKey: Guid(00000000000000003000000000000000) Importer(815301076,1909f56bfc062723c751e8b465ee728b)
Start importing ProjectSettings/TagManager.asset using Guid(00000000000000003000000000000000) Importer(815301076,1909f56bfc062723c751e8b465ee728b)  -> (artifact id: '43b53d764d3ae94422c59607900f287c') in 0.021982 seconds 
========================================================================
Received Prepare
Registering precompiled user dll's ...
Registered in 0.002633 seconds.
Begin MonoManager ReloadAssembly
Symbol file LoadedFromMemory doesn't match image O:\MSc AI\Dissertation-Project\RPG\Library\PackageCache\com.unity.visualscripting@1.7.8\Editor\VisualScripting.Core\Dependencies\YamlDotNet\Unity.VisualScripting.YamlDotNet.dll
Symbol file LoadedFromMemory doesn't match image O:\MSc AI\Dissertation-Project\RPG\Library\PackageCache\com.unity.visualscripting@1.7.8\Editor\VisualScripting.Core\Dependencies\DotNetZip\Unity.VisualScripting.IonicZip.dll
Native extension for WindowsStandalone target not found
Native extension for OSXStandalone target not found
Refreshing native plugins compatible for Editor in 1.55 ms, found 3 plugins.
Preloading 0 native plugins for Editor in 0.00 ms.
Mono: successfully reloaded assembly
- Completed reload, in  0.834 seconds
Domain Reload Profiling:
	ReloadAssembly (835ms)
		BeginReloadAssembly (108ms)
			ExecutionOrderSort (0ms)
			DisableScriptedObjects (3ms)
			BackupInstance (0ms)
			ReleaseScriptingObjects (0ms)
			CreateAndSetChildDomain (38ms)
		EndReloadAssembly (645ms)
			LoadAssemblies (58ms)
			RebuildTransferFunctionScriptingTraits (0ms)
			SetupTypeCache (183ms)
			ReleaseScriptCaches (2ms)
			RebuildScriptCaches (34ms)
			SetupLoadedEditorAssemblies (310ms)
				LogAssemblyErrors (0ms)
				InitializePlatformSupportModulesInManaged (17ms)
				SetLoadedEditorAssemblies (0ms)
				RefreshPlugins (2ms)
				BeforeProcessingInitializeOnLoad (55ms)
				ProcessInitializeOnLoadAttributes (210ms)
				ProcessInitializeOnLoadMethodAttributes (21ms)
				AfterProcessingInitializeOnLoad (5ms)
				EditorAssembliesLoaded (0ms)
			ExecutionOrderSort2 (0ms)
			AwakeInstancesAfterBackupRestoration (4ms)
Platform modules already initialized, skipping
Shader Custom/UnlitShadow uses undefined Queue: 'Opaque'
Shader Custom/UnlitShadow uses undefined Queue: 'Opaque'
Refreshing native plugins compatible for Editor in 2.29 ms, found 3 plugins.
Preloading 0 native plugins for Editor in 0.00 ms.
Unloading 4086 Unused Serialized files (Serialized files now loaded: 0)
Unloading 35 unused Assets / (1.4 MB). Loaded Objects now: 4805.
Memory consumption went from 242.4 MB to 241.0 MB.
Total: 4.170500 ms (FindLiveObjects: 0.323500 ms CreateObjectMapping: 0.096000 ms MarkObjects: 3.364800 ms  DeleteObjects: 0.385500 ms)

AssetImportParameters requested are different than current active one (requested -> active):
  custom:video-decoder-ogg-theora: a1e56fd34408186e4bbccfd4996cb3dc -> 
  custom:container-muxer-webm: aa71ff27fc2769a1b78a27578f13a17b -> 
  custom:container-demuxer-webm: 4f35f7cbe854078d1ac9338744f61a02 -> 
  custom:video-encoder-webm-vp8: eb34c28f22e8b96e1ab97ce403110664 -> 
  custom:audio-encoder-webm-vorbis: bf7c407c2cedff20999df2af8eb42d56 -> 
  custom:framework-win-MediaFoundation: 216162199b28c13a410421893ffa2e32 -> 
  custom:container-demuxer-ogg: 62fdf1f143b41e24485cea50d1cbac27 -> 
  custom:video-decoder-webm-vp8: 9c59270c3fd7afecdb556c50c9e8de78 -> 
  custom:audio-decoder-ogg-vorbis: bf7c407c2cedff20999df2af8eb42d56 -> 
========================================================================
Received Prepare
Registering precompiled user dll's ...
Registered in 0.002762 seconds.
Begin MonoManager ReloadAssembly
Symbol file LoadedFromMemory doesn't match image O:\MSc AI\Dissertation-Project\RPG\Library\PackageCache\com.unity.visualscripting@1.7.8\Editor\VisualScripting.Core\Dependencies\YamlDotNet\Unity.VisualScripting.YamlDotNet.dll
Symbol file LoadedFromMemory doesn't match image O:\MSc AI\Dissertation-Project\RPG\Library\PackageCache\com.unity.visualscripting@1.7.8\Editor\VisualScripting.Core\Dependencies\DotNetZip\Unity.VisualScripting.IonicZip.dll
Native extension for WindowsStandalone target not found
Native extension for OSXStandalone target not found
Refreshing native plugins compatible for Editor in 1.19 ms, found 3 plugins.
Preloading 0 native plugins for Editor in 0.00 ms.
Mono: successfully reloaded assembly
- Completed reload, in  0.806 seconds
Domain Reload Profiling:
	ReloadAssembly (807ms)
		BeginReloadAssembly (108ms)
			ExecutionOrderSort (0ms)
			DisableScriptedObjects (4ms)
			BackupInstance (0ms)
			ReleaseScriptingObjects (0ms)
			CreateAndSetChildDomain (36ms)
		EndReloadAssembly (628ms)
			LoadAssemblies (59ms)
			RebuildTransferFunctionScriptingTraits (0ms)
			SetupTypeCache (203ms)
			ReleaseScriptCaches (2ms)
			RebuildScriptCaches (34ms)
			SetupLoadedEditorAssemblies (295ms)
				LogAssemblyErrors (0ms)
				InitializePlatformSupportModulesInManaged (11ms)
				SetLoadedEditorAssemblies (0ms)
				RefreshPlugins (1ms)
				BeforeProcessingInitializeOnLoad (56ms)
				ProcessInitializeOnLoadAttributes (196ms)
				ProcessInitializeOnLoadMethodAttributes (25ms)
				AfterProcessingInitializeOnLoad (5ms)
				EditorAssembliesLoaded (0ms)
			ExecutionOrderSort2 (0ms)
			AwakeInstancesAfterBackupRestoration (5ms)
Platform modules already initialized, skipping
Shader Custom/UnlitShadow uses undefined Queue: 'Opaque'
Shader Custom/UnlitShadow uses undefined Queue: 'Opaque'
Refreshing native plugins compatible for Editor in 1.94 ms, found 3 plugins.
Preloading 0 native plugins for Editor in 0.00 ms.
Unloading 4086 Unused Serialized files (Serialized files now loaded: 0)
Unloading 34 unused Assets / (1.4 MB). Loaded Objects now: 4820.
Memory consumption went from 242.4 MB to 241.0 MB.
Total: 3.280400 ms (FindLiveObjects: 0.290700 ms CreateObjectMapping: 0.093500 ms MarkObjects: 2.548800 ms  DeleteObjects: 0.346500 ms)

AssetImportParameters requested are different than current active one (requested -> active):
  custom:video-decoder-ogg-theora: a1e56fd34408186e4bbccfd4996cb3dc -> 
  custom:container-muxer-webm: aa71ff27fc2769a1b78a27578f13a17b -> 
  custom:container-demuxer-webm: 4f35f7cbe854078d1ac9338744f61a02 -> 
  custom:video-encoder-webm-vp8: eb34c28f22e8b96e1ab97ce403110664 -> 
  custom:audio-encoder-webm-vorbis: bf7c407c2cedff20999df2af8eb42d56 -> 
  custom:framework-win-MediaFoundation: 216162199b28c13a410421893ffa2e32 -> 
  custom:container-demuxer-ogg: 62fdf1f143b41e24485cea50d1cbac27 -> 
  custom:video-decoder-webm-vp8: 9c59270c3fd7afecdb556c50c9e8de78 -> 
  custom:audio-decoder-ogg-vorbis: bf7c407c2cedff20999df2af8eb42d56 -> 
========================================================================
Received Prepare
Registering precompiled user dll's ...
Registered in 0.003364 seconds.
Begin MonoManager ReloadAssembly
Symbol file LoadedFromMemory doesn't match image O:\MSc AI\Dissertation-Project\RPG\Library\PackageCache\com.unity.visualscripting@1.7.8\Editor\VisualScripting.Core\Dependencies\YamlDotNet\Unity.VisualScripting.YamlDotNet.dll
Symbol file LoadedFromMemory doesn't match image O:\MSc AI\Dissertation-Project\RPG\Library\PackageCache\com.unity.visualscripting@1.7.8\Editor\VisualScripting.Core\Dependencies\DotNetZip\Unity.VisualScripting.IonicZip.dll
Native extension for WindowsStandalone target not found
Native extension for OSXStandalone target not found
Refreshing native plugins compatible for Editor in 0.93 ms, found 3 plugins.
Preloading 0 native plugins for Editor in 0.00 ms.
Mono: successfully reloaded assembly
- Completed reload, in  0.797 seconds
Domain Reload Profiling:
	ReloadAssembly (797ms)
		BeginReloadAssembly (110ms)
			ExecutionOrderSort (0ms)
			DisableScriptedObjects (4ms)
			BackupInstance (0ms)
			ReleaseScriptingObjects (0ms)
			CreateAndSetChildDomain (34ms)
		EndReloadAssembly (614ms)
			LoadAssemblies (64ms)
			RebuildTransferFunctionScriptingTraits (0ms)
			SetupTypeCache (180ms)
			ReleaseScriptCaches (2ms)
			RebuildScriptCaches (35ms)
			SetupLoadedEditorAssemblies (304ms)
				LogAssemblyErrors (0ms)
				InitializePlatformSupportModulesInManaged (11ms)
				SetLoadedEditorAssemblies (0ms)
				RefreshPlugins (1ms)
				BeforeProcessingInitializeOnLoad (56ms)
				ProcessInitializeOnLoadAttributes (209ms)
				ProcessInitializeOnLoadMethodAttributes (22ms)
				AfterProcessingInitializeOnLoad (5ms)
				EditorAssembliesLoaded (0ms)
			ExecutionOrderSort2 (0ms)
			AwakeInstancesAfterBackupRestoration (4ms)
Platform modules already initialized, skipping
Shader Custom/UnlitShadow uses undefined Queue: 'Opaque'
Shader Custom/UnlitShadow uses undefined Queue: 'Opaque'
Refreshing native plugins compatible for Editor in 1.91 ms, found 3 plugins.
Preloading 0 native plugins for Editor in 0.00 ms.
Unloading 4086 Unused Serialized files (Serialized files now loaded: 0)
Unloading 34 unused Assets / (1.4 MB). Loaded Objects now: 4835.
Memory consumption went from 242.4 MB to 241.0 MB.
Total: 3.501500 ms (FindLiveObjects: 0.285500 ms CreateObjectMapping: 0.173900 ms MarkObjects: 2.698300 ms  DeleteObjects: 0.342500 ms)

AssetImportParameters requested are different than current active one (requested -> active):
  custom:video-decoder-ogg-theora: a1e56fd34408186e4bbccfd4996cb3dc -> 
  custom:container-muxer-webm: aa71ff27fc2769a1b78a27578f13a17b -> 
  custom:container-demuxer-webm: 4f35f7cbe854078d1ac9338744f61a02 -> 
  custom:video-encoder-webm-vp8: eb34c28f22e8b96e1ab97ce403110664 -> 
  custom:audio-encoder-webm-vorbis: bf7c407c2cedff20999df2af8eb42d56 -> 
  custom:framework-win-MediaFoundation: 216162199b28c13a410421893ffa2e32 -> 
  custom:container-demuxer-ogg: 62fdf1f143b41e24485cea50d1cbac27 -> 
  custom:video-decoder-webm-vp8: 9c59270c3fd7afecdb556c50c9e8de78 -> 
  custom:audio-decoder-ogg-vorbis: bf7c407c2cedff20999df2af8eb42d56 -> 
========================================================================
Received Prepare
Registering precompiled user dll's ...
Registered in 0.003038 seconds.
Begin MonoManager ReloadAssembly
Symbol file LoadedFromMemory doesn't match image O:\MSc AI\Dissertation-Project\RPG\Library\PackageCache\com.unity.visualscripting@1.7.8\Editor\VisualScripting.Core\Dependencies\YamlDotNet\Unity.VisualScripting.YamlDotNet.dll
Symbol file LoadedFromMemory doesn't match image O:\MSc AI\Dissertation-Project\RPG\Library\PackageCache\com.unity.visualscripting@1.7.8\Editor\VisualScripting.Core\Dependencies\DotNetZip\Unity.VisualScripting.IonicZip.dll
Native extension for WindowsStandalone target not found
Native extension for OSXStandalone target not found
Refreshing native plugins compatible for Editor in 1.18 ms, found 3 plugins.
Preloading 0 native plugins for Editor in 0.00 ms.
Mono: successfully reloaded assembly
- Completed reload, in  0.846 seconds
Domain Reload Profiling:
	ReloadAssembly (846ms)
		BeginReloadAssembly (119ms)
			ExecutionOrderSort (0ms)
			DisableScriptedObjects (3ms)
			BackupInstance (0ms)
			ReleaseScriptingObjects (0ms)
			CreateAndSetChildDomain (42ms)
		EndReloadAssembly (644ms)
			LoadAssemblies (66ms)
			RebuildTransferFunctionScriptingTraits (0ms)
			SetupTypeCache (207ms)
			ReleaseScriptCaches (2ms)
			RebuildScriptCaches (33ms)
			SetupLoadedEditorAssemblies (312ms)
				LogAssemblyErrors (0ms)
				InitializePlatformSupportModulesInManaged (13ms)
				SetLoadedEditorAssemblies (0ms)
				RefreshPlugins (1ms)
				BeforeProcessingInitializeOnLoad (57ms)
				ProcessInitializeOnLoadAttributes (208ms)
				ProcessInitializeOnLoadMethodAttributes (27ms)
				AfterProcessingInitializeOnLoad (5ms)
				EditorAssembliesLoaded (0ms)
			ExecutionOrderSort2 (0ms)
			AwakeInstancesAfterBackupRestoration (4ms)
Platform modules already initialized, skipping
Shader Custom/UnlitShadow uses undefined Queue: 'Opaque'
Shader Custom/UnlitShadow uses undefined Queue: 'Opaque'
Refreshing native plugins compatible for Editor in 1.96 ms, found 3 plugins.
Preloading 0 native plugins for Editor in 0.00 ms.
Unloading 4086 Unused Serialized files (Serialized files now loaded: 0)
Unloading 34 unused Assets / (1.4 MB). Loaded Objects now: 4850.
Memory consumption went from 242.4 MB to 241.0 MB.
Total: 3.280300 ms (FindLiveObjects: 0.301800 ms CreateObjectMapping: 0.095200 ms MarkObjects: 2.525800 ms  DeleteObjects: 0.356600 ms)

AssetImportParameters requested are different than current active one (requested -> active):
  custom:video-decoder-ogg-theora: a1e56fd34408186e4bbccfd4996cb3dc -> 
  custom:container-muxer-webm: aa71ff27fc2769a1b78a27578f13a17b -> 
  custom:container-demuxer-webm: 4f35f7cbe854078d1ac9338744f61a02 -> 
  custom:video-encoder-webm-vp8: eb34c28f22e8b96e1ab97ce403110664 -> 
  custom:audio-encoder-webm-vorbis: bf7c407c2cedff20999df2af8eb42d56 -> 
  custom:framework-win-MediaFoundation: 216162199b28c13a410421893ffa2e32 -> 
  custom:container-demuxer-ogg: 62fdf1f143b41e24485cea50d1cbac27 -> 
  custom:video-decoder-webm-vp8: 9c59270c3fd7afecdb556c50c9e8de78 -> 
  custom:audio-decoder-ogg-vorbis: bf7c407c2cedff20999df2af8eb42d56 -> 
========================================================================
Received Prepare
Registering precompiled user dll's ...
Registered in 0.004042 seconds.
Begin MonoManager ReloadAssembly
Symbol file LoadedFromMemory doesn't match image O:\MSc AI\Dissertation-Project\RPG\Library\PackageCache\com.unity.visualscripting@1.7.8\Editor\VisualScripting.Core\Dependencies\YamlDotNet\Unity.VisualScripting.YamlDotNet.dll
Symbol file LoadedFromMemory doesn't match image O:\MSc AI\Dissertation-Project\RPG\Library\PackageCache\com.unity.visualscripting@1.7.8\Editor\VisualScripting.Core\Dependencies\DotNetZip\Unity.VisualScripting.IonicZip.dll
Native extension for WindowsStandalone target not found
Native extension for OSXStandalone target not found
Refreshing native plugins compatible for Editor in 1.04 ms, found 3 plugins.
Preloading 0 native plugins for Editor in 0.00 ms.
Mono: successfully reloaded assembly
- Completed reload, in  0.803 seconds
Domain Reload Profiling:
	ReloadAssembly (803ms)
		BeginReloadAssembly (107ms)
			ExecutionOrderSort (0ms)
			DisableScriptedObjects (3ms)
			BackupInstance (0ms)
			ReleaseScriptingObjects (0ms)
			CreateAndSetChildDomain (35ms)
		EndReloadAssembly (610ms)
			LoadAssemblies (59ms)
			RebuildTransferFunctionScriptingTraits (0ms)
			SetupTypeCache (188ms)
			ReleaseScriptCaches (2ms)
			RebuildScriptCaches (34ms)
			SetupLoadedEditorAssemblies (292ms)
				LogAssemblyErrors (0ms)
				InitializePlatformSupportModulesInManaged (12ms)
				SetLoadedEditorAssemblies (0ms)
				RefreshPlugins (1ms)
				BeforeProcessingInitializeOnLoad (51ms)
				ProcessInitializeOnLoadAttributes (196ms)
				ProcessInitializeOnLoadMethodAttributes (23ms)
				AfterProcessingInitializeOnLoad (8ms)
				EditorAssembliesLoaded (0ms)
			ExecutionOrderSort2 (0ms)
			AwakeInstancesAfterBackupRestoration (6ms)
Platform modules already initialized, skipping
Shader Custom/UnlitShadow uses undefined Queue: 'Opaque'
Shader Custom/UnlitShadow uses undefined Queue: 'Opaque'
Refreshing native plugins compatible for Editor in 1.97 ms, found 3 plugins.
Preloading 0 native plugins for Editor in 0.00 ms.
Unloading 4086 Unused Serialized files (Serialized files now loaded: 0)
Unloading 34 unused Assets / (1.4 MB). Loaded Objects now: 4865.
Memory consumption went from 242.4 MB to 241.0 MB.
Total: 4.137900 ms (FindLiveObjects: 0.330500 ms CreateObjectMapping: 0.110000 ms MarkObjects: 3.334100 ms  DeleteObjects: 0.362500 ms)

AssetImportParameters requested are different than current active one (requested -> active):
  custom:video-decoder-ogg-theora: a1e56fd34408186e4bbccfd4996cb3dc -> 
  custom:container-muxer-webm: aa71ff27fc2769a1b78a27578f13a17b -> 
  custom:container-demuxer-webm: 4f35f7cbe854078d1ac9338744f61a02 -> 
  custom:video-encoder-webm-vp8: eb34c28f22e8b96e1ab97ce403110664 -> 
  custom:audio-encoder-webm-vorbis: bf7c407c2cedff20999df2af8eb42d56 -> 
  custom:framework-win-MediaFoundation: 216162199b28c13a410421893ffa2e32 -> 
  custom:container-demuxer-ogg: 62fdf1f143b41e24485cea50d1cbac27 -> 
  custom:video-decoder-webm-vp8: 9c59270c3fd7afecdb556c50c9e8de78 -> 
  custom:audio-decoder-ogg-vorbis: bf7c407c2cedff20999df2af8eb42d56 -> 
========================================================================
Received Prepare
Registering precompiled user dll's ...
Registered in 0.002968 seconds.
Begin MonoManager ReloadAssembly
Symbol file LoadedFromMemory doesn't match image O:\MSc AI\Dissertation-Project\RPG\Library\PackageCache\com.unity.visualscripting@1.7.8\Editor\VisualScripting.Core\Dependencies\YamlDotNet\Unity.VisualScripting.YamlDotNet.dll
Symbol file LoadedFromMemory doesn't match image O:\MSc AI\Dissertation-Project\RPG\Library\PackageCache\com.unity.visualscripting@1.7.8\Editor\VisualScripting.Core\Dependencies\DotNetZip\Unity.VisualScripting.IonicZip.dll
Native extension for WindowsStandalone target not found
Native extension for OSXStandalone target not found
Refreshing native plugins compatible for Editor in 1.20 ms, found 3 plugins.
Preloading 0 native plugins for Editor in 0.00 ms.
Mono: successfully reloaded assembly
- Completed reload, in  0.851 seconds
Domain Reload Profiling:
	ReloadAssembly (852ms)
		BeginReloadAssembly (123ms)
			ExecutionOrderSort (0ms)
			DisableScriptedObjects (4ms)
			BackupInstance (0ms)
			ReleaseScriptingObjects (0ms)
			CreateAndSetChildDomain (43ms)
		EndReloadAssembly (650ms)
			LoadAssemblies (68ms)
			RebuildTransferFunctionScriptingTraits (0ms)
			SetupTypeCache (217ms)
			ReleaseScriptCaches (2ms)
			RebuildScriptCaches (34ms)
			SetupLoadedEditorAssemblies (299ms)
				LogAssemblyErrors (0ms)
				InitializePlatformSupportModulesInManaged (14ms)
				SetLoadedEditorAssemblies (0ms)
				RefreshPlugins (1ms)
				BeforeProcessingInitializeOnLoad (52ms)
				ProcessInitializeOnLoadAttributes (205ms)
				ProcessInitializeOnLoadMethodAttributes (22ms)
				AfterProcessingInitializeOnLoad (5ms)
				EditorAssembliesLoaded (0ms)
			ExecutionOrderSort2 (0ms)
			AwakeInstancesAfterBackupRestoration (4ms)
Platform modules already initialized, skipping
Shader Custom/UnlitShadow uses undefined Queue: 'Opaque'
Shader Custom/UnlitShadow uses undefined Queue: 'Opaque'
Refreshing native plugins compatible for Editor in 2.14 ms, found 3 plugins.
Preloading 0 native plugins for Editor in 0.00 ms.
Unloading 4086 Unused Serialized files (Serialized files now loaded: 0)
Unloading 34 unused Assets / (1.4 MB). Loaded Objects now: 4880.
Memory consumption went from 242.5 MB to 241.1 MB.
Total: 3.472200 ms (FindLiveObjects: 0.305100 ms CreateObjectMapping: 0.112100 ms MarkObjects: 2.567500 ms  DeleteObjects: 0.486600 ms)

AssetImportParameters requested are different than current active one (requested -> active):
  custom:video-decoder-ogg-theora: a1e56fd34408186e4bbccfd4996cb3dc -> 
  custom:container-muxer-webm: aa71ff27fc2769a1b78a27578f13a17b -> 
  custom:container-demuxer-webm: 4f35f7cbe854078d1ac9338744f61a02 -> 
  custom:video-encoder-webm-vp8: eb34c28f22e8b96e1ab97ce403110664 -> 
  custom:audio-encoder-webm-vorbis: bf7c407c2cedff20999df2af8eb42d56 -> 
  custom:framework-win-MediaFoundation: 216162199b28c13a410421893ffa2e32 -> 
  custom:container-demuxer-ogg: 62fdf1f143b41e24485cea50d1cbac27 -> 
  custom:video-decoder-webm-vp8: 9c59270c3fd7afecdb556c50c9e8de78 -> 
  custom:audio-decoder-ogg-vorbis: bf7c407c2cedff20999df2af8eb42d56 -> 
========================================================================
Received Import Request.
  Time since last request: 462.308777 seconds.
  path: Assets/Magic
  artifactKey: Guid(05b78ae667435b84bb7c8bc343cd1c20) Importer(815301076,1909f56bfc062723c751e8b465ee728b)
Start importing Assets/Magic using Guid(05b78ae667435b84bb7c8bc343cd1c20) Importer(815301076,1909f56bfc062723c751e8b465ee728b)  -> (artifact id: 'a21334a0a72bb37084a41e4403d93f6e') in 0.008566 seconds 
========================================================================
Received Import Request.
  Time since last request: 3.697833 seconds.
  path: Assets/Prefabs/Magic/Blast.prefab
  artifactKey: Guid(dca0e299563b44e4b89d33b32208fa60) Importer(815301076,1909f56bfc062723c751e8b465ee728b)
Start importing Assets/Prefabs/Magic/Blast.prefab using Guid(dca0e299563b44e4b89d33b32208fa60) Importer(815301076,1909f56bfc062723c751e8b465ee728b)  -> (artifact id: '33a198645fa5043ff6faaf1622229529') in 0.257516 seconds 
========================================================================
Received Import Request.
  Time since last request: 0.000041 seconds.
  path: Assets/Prefabs/Magic/FireStar.prefab
  artifactKey: Guid(f44dfdf888b8cf743b3cd9d190f47343) Importer(815301076,1909f56bfc062723c751e8b465ee728b)
Start importing Assets/Prefabs/Magic/FireStar.prefab using Guid(f44dfdf888b8cf743b3cd9d190f47343) Importer(815301076,1909f56bfc062723c751e8b465ee728b)  -> (artifact id: '7bd5f91393bc7dd66e7e6c60f6b5b8b3') in 0.020420 seconds 
========================================================================
Received Import Request.
  Time since last request: 0.000030 seconds.
  path: Assets/Prefabs/Magic/Strength.prefab
  artifactKey: Guid(03c21d3ac244f1240858c4fc3d34b4af) Importer(815301076,1909f56bfc062723c751e8b465ee728b)
Start importing Assets/Prefabs/Magic/Strength.prefab using Guid(03c21d3ac244f1240858c4fc3d34b4af) Importer(815301076,1909f56bfc062723c751e8b465ee728b)  -> (artifact id: '0848ae12629cdfcf4b7683a877b5cddf') in 0.017046 seconds 
========================================================================
Received Import Request.
  Time since last request: 0.000031 seconds.
  path: Assets/Prefabs/Magic/FireTwist.prefab
  artifactKey: Guid(3b90d25db2246804098822112fe49a64) Importer(815301076,1909f56bfc062723c751e8b465ee728b)
Start importing Assets/Prefabs/Magic/FireTwist.prefab using Guid(3b90d25db2246804098822112fe49a64) Importer(815301076,1909f56bfc062723c751e8b465ee728b)  -> (artifact id: 'a52e9ea8982837c8cad87a736da37669') in 0.017914 seconds 
========================================================================
Received Import Request.
  Time since last request: 0.000028 seconds.
  path: Assets/Prefabs/Magic/Heal.prefab
  artifactKey: Guid(fea7e17eb9ebed24f8e6de3713cdd2ea) Importer(815301076,1909f56bfc062723c751e8b465ee728b)
Start importing Assets/Prefabs/Magic/Heal.prefab using Guid(fea7e17eb9ebed24f8e6de3713cdd2ea) Importer(815301076,1909f56bfc062723c751e8b465ee728b)  -> (artifact id: '310b615e4082a79d28ef0c211b369a95') in 0.021986 seconds 
========================================================================
Received Import Request.
  Time since last request: 0.000036 seconds.
  path: Assets/Prefabs/Magic/Swirl.prefab
  artifactKey: Guid(a3664e6634d00d04792d493cbdca0c00) Importer(815301076,1909f56bfc062723c751e8b465ee728b)
Start importing Assets/Prefabs/Magic/Swirl.prefab using Guid(a3664e6634d00d04792d493cbdca0c00) Importer(815301076,1909f56bfc062723c751e8b465ee728b)  -> (artifact id: 'c4990bd5f8de5fe479e45b42038d5098') in 0.028584 seconds 
========================================================================
Received Import Request.
  Time since last request: 0.000027 seconds.
  path: Assets/Prefabs/Magic/Tornado.prefab
  artifactKey: Guid(bc6704c7aafdd034cad6313b6e57a213) Importer(815301076,1909f56bfc062723c751e8b465ee728b)
Start importing Assets/Prefabs/Magic/Tornado.prefab using Guid(bc6704c7aafdd034cad6313b6e57a213) Importer(815301076,1909f56bfc062723c751e8b465ee728b)  -> (artifact id: '1748a6829d1a71daad95fc94cc30f586') in 0.029534 seconds 
========================================================================
Received Import Request.
  Time since last request: 60.781000 seconds.
  path: Assets/Prefabs/Magic/FireBall.prefab
  artifactKey: Guid(10371b7222faa5840af8f5f92fcdc89a) Importer(815301076,1909f56bfc062723c751e8b465ee728b)
Start importing Assets/Prefabs/Magic/FireBall.prefab using Guid(10371b7222faa5840af8f5f92fcdc89a) Importer(815301076,1909f56bfc062723c751e8b465ee728b)  -> (artifact id: '7ea0f50b068e417069d36c739ab7b76d') in 0.011262 seconds 
========================================================================
Received Import Request.
  Time since last request: 30.986613 seconds.
  path: Assets/Magic/Mirza Beig/Particle Systems/Inferno VFX/Materials/Particles/Spritesheets/mat_vfx-inf_particle_spritesheet_blast4-add-[1.0].mat
  artifactKey: Guid(36f607ecf2f940947a7f5cf933d8874f) Importer(815301076,1909f56bfc062723c751e8b465ee728b)
Start importing Assets/Magic/Mirza Beig/Particle Systems/Inferno VFX/Materials/Particles/Spritesheets/mat_vfx-inf_particle_spritesheet_blast4-add-[1.0].mat using Guid(36f607ecf2f940947a7f5cf933d8874f) Importer(815301076,1909f56bfc062723c751e8b465ee728b)  -> (artifact id: 'b25e342e17ed69d5c6a9f2da422e76df') in 0.067049 seconds 
========================================================================
Received Import Request.
  Time since last request: 35.313927 seconds.
  path: Assets/Prefabs/Magic/FireStar.prefab
  artifactKey: Guid(f44dfdf888b8cf743b3cd9d190f47343) Importer(815301076,1909f56bfc062723c751e8b465ee728b)
Start importing Assets/Prefabs/Magic/FireStar.prefab using Guid(f44dfdf888b8cf743b3cd9d190f47343) Importer(815301076,1909f56bfc062723c751e8b465ee728b)  -> (artifact id: '6cfc7865f3266283ee8b7484c1b333b9') in 0.029015 seconds 
========================================================================
Received Import Request.
  Time since last request: 6.336012 seconds.
  path: Assets/Prefabs/Magic/FireTwist.prefab
  artifactKey: Guid(3b90d25db2246804098822112fe49a64) Importer(815301076,1909f56bfc062723c751e8b465ee728b)
Start importing Assets/Prefabs/Magic/FireTwist.prefab using Guid(3b90d25db2246804098822112fe49a64) Importer(815301076,1909f56bfc062723c751e8b465ee728b)  -> (artifact id: '9dcdb83c143fbb79509128d6bb877288') in 0.045159 seconds 
========================================================================
Received Import Request.
  Time since last request: 8.112823 seconds.
  path: Assets/Magic/KTK_Effect_Samples/FBX/eff_shock_cone1.FBX
  artifactKey: Guid(0e60c63a7a6bdba4896433dd90442d2a) Importer(815301076,1909f56bfc062723c751e8b465ee728b)
Start importing Assets/Magic/KTK_Effect_Samples/FBX/eff_shock_cone1.FBX using Guid(0e60c63a7a6bdba4896433dd90442d2a) Importer(815301076,1909f56bfc062723c751e8b465ee728b)  -> (artifact id: 'f5a2fb92ec69744eb0cb74a3ee5d48cd') in 0.097150 seconds 
========================================================================
Received Prepare
Registering precompiled user dll's ...
Registered in 0.003823 seconds.
Begin MonoManager ReloadAssembly
Symbol file LoadedFromMemory doesn't match image O:\MSc AI\Dissertation-Project\RPG\Library\PackageCache\com.unity.visualscripting@1.7.8\Editor\VisualScripting.Core\Dependencies\YamlDotNet\Unity.VisualScripting.YamlDotNet.dll
Symbol file LoadedFromMemory doesn't match image O:\MSc AI\Dissertation-Project\RPG\Library\PackageCache\com.unity.visualscripting@1.7.8\Editor\VisualScripting.Core\Dependencies\DotNetZip\Unity.VisualScripting.IonicZip.dll
Native extension for WindowsStandalone target not found
Native extension for OSXStandalone target not found
Refreshing native plugins compatible for Editor in 1.96 ms, found 3 plugins.
Preloading 0 native plugins for Editor in 0.00 ms.
Mono: successfully reloaded assembly
- Completed reload, in  0.931 seconds
Domain Reload Profiling:
	ReloadAssembly (932ms)
		BeginReloadAssembly (121ms)
			ExecutionOrderSort (0ms)
			DisableScriptedObjects (3ms)
			BackupInstance (0ms)
			ReleaseScriptingObjects (0ms)
			CreateAndSetChildDomain (43ms)
		EndReloadAssembly (735ms)
			LoadAssemblies (68ms)
			RebuildTransferFunctionScriptingTraits (0ms)
			SetupTypeCache (207ms)
			ReleaseScriptCaches (2ms)
			RebuildScriptCaches (68ms)
			SetupLoadedEditorAssemblies (349ms)
				LogAssemblyErrors (0ms)
				InitializePlatformSupportModulesInManaged (12ms)
				SetLoadedEditorAssemblies (0ms)
				RefreshPlugins (2ms)
				BeforeProcessingInitializeOnLoad (86ms)
				ProcessInitializeOnLoadAttributes (220ms)
				ProcessInitializeOnLoadMethodAttributes (23ms)
				AfterProcessingInitializeOnLoad (5ms)
				EditorAssembliesLoaded (0ms)
			ExecutionOrderSort2 (0ms)
			AwakeInstancesAfterBackupRestoration (4ms)
Platform modules already initialized, skipping
Shader Custom/UnlitShadow uses undefined Queue: 'Opaque'
Shader Custom/UnlitShadow uses undefined Queue: 'Opaque'
Refreshing native plugins compatible for Editor in 1.87 ms, found 3 plugins.
Preloading 0 native plugins for Editor in 0.00 ms.
Unloading 4086 Unused Serialized files (Serialized files now loaded: 0)
Unloading 35 unused Assets / (1.4 MB). Loaded Objects now: 4898.
Memory consumption went from 242.7 MB to 241.3 MB.
Total: 3.176700 ms (FindLiveObjects: 0.292700 ms CreateObjectMapping: 0.097400 ms MarkObjects: 2.446000 ms  DeleteObjects: 0.339400 ms)

AssetImportParameters requested are different than current active one (requested -> active):
  custom:video-decoder-ogg-theora: a1e56fd34408186e4bbccfd4996cb3dc -> 
  custom:container-muxer-webm: aa71ff27fc2769a1b78a27578f13a17b -> 
  custom:container-demuxer-webm: 4f35f7cbe854078d1ac9338744f61a02 -> 
  custom:video-encoder-webm-vp8: eb34c28f22e8b96e1ab97ce403110664 -> 
  custom:audio-encoder-webm-vorbis: bf7c407c2cedff20999df2af8eb42d56 -> 
  custom:framework-win-MediaFoundation: 216162199b28c13a410421893ffa2e32 -> 
  custom:container-demuxer-ogg: 62fdf1f143b41e24485cea50d1cbac27 -> 
  custom:video-decoder-webm-vp8: 9c59270c3fd7afecdb556c50c9e8de78 -> 
  custom:audio-decoder-ogg-vorbis: bf7c407c2cedff20999df2af8eb42d56 -> 
========================================================================
Received Prepare
Registering precompiled user dll's ...
Registered in 0.002766 seconds.
Begin MonoManager ReloadAssembly
Symbol file LoadedFromMemory doesn't match image O:\MSc AI\Dissertation-Project\RPG\Library\PackageCache\com.unity.visualscripting@1.7.8\Editor\VisualScripting.Core\Dependencies\YamlDotNet\Unity.VisualScripting.YamlDotNet.dll
Symbol file LoadedFromMemory doesn't match image O:\MSc AI\Dissertation-Project\RPG\Library\PackageCache\com.unity.visualscripting@1.7.8\Editor\VisualScripting.Core\Dependencies\DotNetZip\Unity.VisualScripting.IonicZip.dll
Native extension for WindowsStandalone target not found
Native extension for OSXStandalone target not found
Refreshing native plugins compatible for Editor in 1.18 ms, found 3 plugins.
Preloading 0 native plugins for Editor in 0.00 ms.
Mono: successfully reloaded assembly
- Completed reload, in  0.818 seconds
Domain Reload Profiling:
	ReloadAssembly (819ms)
		BeginReloadAssembly (113ms)
			ExecutionOrderSort (0ms)
			DisableScriptedObjects (4ms)
			BackupInstance (0ms)
			ReleaseScriptingObjects (0ms)
			CreateAndSetChildDomain (38ms)
		EndReloadAssembly (629ms)
			LoadAssemblies (62ms)
			RebuildTransferFunctionScriptingTraits (0ms)
			SetupTypeCache (205ms)
			ReleaseScriptCaches (2ms)
			RebuildScriptCaches (36ms)
			SetupLoadedEditorAssemblies (297ms)
				LogAssemblyErrors (0ms)
				InitializePlatformSupportModulesInManaged (11ms)
				SetLoadedEditorAssemblies (0ms)
				RefreshPlugins (1ms)
				BeforeProcessingInitializeOnLoad (52ms)
				ProcessInitializeOnLoadAttributes (207ms)
				ProcessInitializeOnLoadMethodAttributes (20ms)
				AfterProcessingInitializeOnLoad (5ms)
				EditorAssembliesLoaded (0ms)
			ExecutionOrderSort2 (0ms)
			AwakeInstancesAfterBackupRestoration (4ms)
Platform modules already initialized, skipping
Shader Custom/UnlitShadow uses undefined Queue: 'Opaque'
Shader Custom/UnlitShadow uses undefined Queue: 'Opaque'
Refreshing native plugins compatible for Editor in 2.01 ms, found 3 plugins.
Preloading 0 native plugins for Editor in 0.00 ms.
Unloading 4086 Unused Serialized files (Serialized files now loaded: 0)
Unloading 34 unused Assets / (1.4 MB). Loaded Objects now: 4913.
Memory consumption went from 242.8 MB to 241.4 MB.
Total: 3.554600 ms (FindLiveObjects: 0.309100 ms CreateObjectMapping: 0.097300 ms MarkObjects: 2.820200 ms  DeleteObjects: 0.326500 ms)

AssetImportParameters requested are different than current active one (requested -> active):
  custom:video-decoder-ogg-theora: a1e56fd34408186e4bbccfd4996cb3dc -> 
  custom:container-muxer-webm: aa71ff27fc2769a1b78a27578f13a17b -> 
  custom:container-demuxer-webm: 4f35f7cbe854078d1ac9338744f61a02 -> 
  custom:video-encoder-webm-vp8: eb34c28f22e8b96e1ab97ce403110664 -> 
  custom:audio-encoder-webm-vorbis: bf7c407c2cedff20999df2af8eb42d56 -> 
  custom:framework-win-MediaFoundation: 216162199b28c13a410421893ffa2e32 -> 
  custom:container-demuxer-ogg: 62fdf1f143b41e24485cea50d1cbac27 -> 
  custom:video-decoder-webm-vp8: 9c59270c3fd7afecdb556c50c9e8de78 -> 
  custom:audio-decoder-ogg-vorbis: bf7c407c2cedff20999df2af8eb42d56 -> 
========================================================================
Received Prepare
Registering precompiled user dll's ...
Registered in 0.003155 seconds.
Begin MonoManager ReloadAssembly
Symbol file LoadedFromMemory doesn't match image O:\MSc AI\Dissertation-Project\RPG\Library\PackageCache\com.unity.visualscripting@1.7.8\Editor\VisualScripting.Core\Dependencies\YamlDotNet\Unity.VisualScripting.YamlDotNet.dll
Symbol file LoadedFromMemory doesn't match image O:\MSc AI\Dissertation-Project\RPG\Library\PackageCache\com.unity.visualscripting@1.7.8\Editor\VisualScripting.Core\Dependencies\DotNetZip\Unity.VisualScripting.IonicZip.dll
Native extension for WindowsStandalone target not found
Native extension for OSXStandalone target not found
Refreshing native plugins compatible for Editor in 1.06 ms, found 3 plugins.
Preloading 0 native plugins for Editor in 0.00 ms.
Mono: successfully reloaded assembly
- Completed reload, in  0.859 seconds
Domain Reload Profiling:
	ReloadAssembly (859ms)
		BeginReloadAssembly (109ms)
			ExecutionOrderSort (0ms)
			DisableScriptedObjects (4ms)
			BackupInstance (0ms)
			ReleaseScriptingObjects (0ms)
			CreateAndSetChildDomain (37ms)
		EndReloadAssembly (679ms)
			LoadAssemblies (59ms)
			RebuildTransferFunctionScriptingTraits (0ms)
			SetupTypeCache (203ms)
			ReleaseScriptCaches (2ms)
			RebuildScriptCaches (43ms)
			SetupLoadedEditorAssemblies (305ms)
				LogAssemblyErrors (0ms)
				InitializePlatformSupportModulesInManaged (11ms)
				SetLoadedEditorAssemblies (0ms)
				RefreshPlugins (1ms)
				BeforeProcessingInitializeOnLoad (53ms)
				ProcessInitializeOnLoadAttributes (212ms)
				ProcessInitializeOnLoadMethodAttributes (22ms)
				AfterProcessingInitializeOnLoad (5ms)
				EditorAssembliesLoaded (0ms)
			ExecutionOrderSort2 (0ms)
			AwakeInstancesAfterBackupRestoration (5ms)
Platform modules already initialized, skipping
Shader Custom/UnlitShadow uses undefined Queue: 'Opaque'
Shader Custom/UnlitShadow uses undefined Queue: 'Opaque'
Refreshing native plugins compatible for Editor in 2.88 ms, found 3 plugins.
Preloading 0 native plugins for Editor in 0.00 ms.
Unloading 4086 Unused Serialized files (Serialized files now loaded: 0)
Unloading 34 unused Assets / (1.4 MB). Loaded Objects now: 4928.
Memory consumption went from 242.8 MB to 241.4 MB.
Total: 3.359700 ms (FindLiveObjects: 0.332800 ms CreateObjectMapping: 0.204900 ms MarkObjects: 2.471000 ms  DeleteObjects: 0.350200 ms)

AssetImportParameters requested are different than current active one (requested -> active):
  custom:video-decoder-ogg-theora: a1e56fd34408186e4bbccfd4996cb3dc -> 
  custom:container-muxer-webm: aa71ff27fc2769a1b78a27578f13a17b -> 
  custom:container-demuxer-webm: 4f35f7cbe854078d1ac9338744f61a02 -> 
  custom:video-encoder-webm-vp8: eb34c28f22e8b96e1ab97ce403110664 -> 
  custom:audio-encoder-webm-vorbis: bf7c407c2cedff20999df2af8eb42d56 -> 
  custom:framework-win-MediaFoundation: 216162199b28c13a410421893ffa2e32 -> 
  custom:container-demuxer-ogg: 62fdf1f143b41e24485cea50d1cbac27 -> 
  custom:video-decoder-webm-vp8: 9c59270c3fd7afecdb556c50c9e8de78 -> 
  custom:audio-decoder-ogg-vorbis: bf7c407c2cedff20999df2af8eb42d56 -> 
========================================================================
Received Prepare
Registering precompiled user dll's ...
Registered in 0.004039 seconds.
Begin MonoManager ReloadAssembly
Symbol file LoadedFromMemory doesn't match image O:\MSc AI\Dissertation-Project\RPG\Library\PackageCache\com.unity.visualscripting@1.7.8\Editor\VisualScripting.Core\Dependencies\YamlDotNet\Unity.VisualScripting.YamlDotNet.dll
Symbol file LoadedFromMemory doesn't match image O:\MSc AI\Dissertation-Project\RPG\Library\PackageCache\com.unity.visualscripting@1.7.8\Editor\VisualScripting.Core\Dependencies\DotNetZip\Unity.VisualScripting.IonicZip.dll
Native extension for WindowsStandalone target not found
Native extension for OSXStandalone target not found
Refreshing native plugins compatible for Editor in 1.63 ms, found 3 plugins.
Preloading 0 native plugins for Editor in 0.00 ms.
Mono: successfully reloaded assembly
- Completed reload, in  0.838 seconds
Domain Reload Profiling:
	ReloadAssembly (838ms)
		BeginReloadAssembly (112ms)
			ExecutionOrderSort (0ms)
			DisableScriptedObjects (4ms)
			BackupInstance (0ms)
			ReleaseScriptingObjects (0ms)
			CreateAndSetChildDomain (38ms)
		EndReloadAssembly (647ms)
			LoadAssemblies (61ms)
			RebuildTransferFunctionScriptingTraits (0ms)
			SetupTypeCache (189ms)
			ReleaseScriptCaches (2ms)
			RebuildScriptCaches (35ms)
			SetupLoadedEditorAssemblies (307ms)
				LogAssemblyErrors (0ms)
				InitializePlatformSupportModulesInManaged (11ms)
				SetLoadedEditorAssemblies (0ms)
				RefreshPlugins (2ms)
				BeforeProcessingInitializeOnLoad (55ms)
				ProcessInitializeOnLoadAttributes (210ms)
				ProcessInitializeOnLoadMethodAttributes (23ms)
				AfterProcessingInitializeOnLoad (5ms)
				EditorAssembliesLoaded (0ms)
			ExecutionOrderSort2 (0ms)
			AwakeInstancesAfterBackupRestoration (5ms)
Platform modules already initialized, skipping
Shader Custom/UnlitShadow uses undefined Queue: 'Opaque'
Shader Custom/UnlitShadow uses undefined Queue: 'Opaque'
Refreshing native plugins compatible for Editor in 2.05 ms, found 3 plugins.
Preloading 0 native plugins for Editor in 0.00 ms.
Unloading 4086 Unused Serialized files (Serialized files now loaded: 0)
Unloading 34 unused Assets / (1.4 MB). Loaded Objects now: 4943.
Memory consumption went from 242.8 MB to 241.4 MB.
Total: 3.457500 ms (FindLiveObjects: 0.304100 ms CreateObjectMapping: 0.104800 ms MarkObjects: 2.679900 ms  DeleteObjects: 0.368000 ms)

AssetImportParameters requested are different than current active one (requested -> active):
  custom:video-decoder-ogg-theora: a1e56fd34408186e4bbccfd4996cb3dc -> 
  custom:container-muxer-webm: aa71ff27fc2769a1b78a27578f13a17b -> 
  custom:container-demuxer-webm: 4f35f7cbe854078d1ac9338744f61a02 -> 
  custom:video-encoder-webm-vp8: eb34c28f22e8b96e1ab97ce403110664 -> 
  custom:audio-encoder-webm-vorbis: bf7c407c2cedff20999df2af8eb42d56 -> 
  custom:framework-win-MediaFoundation: 216162199b28c13a410421893ffa2e32 -> 
  custom:container-demuxer-ogg: 62fdf1f143b41e24485cea50d1cbac27 -> 
  custom:video-decoder-webm-vp8: 9c59270c3fd7afecdb556c50c9e8de78 -> 
  custom:audio-decoder-ogg-vorbis: bf7c407c2cedff20999df2af8eb42d56 -> 
========================================================================
Received Prepare
Registering precompiled user dll's ...
Registered in 0.002653 seconds.
Begin MonoManager ReloadAssembly
Symbol file LoadedFromMemory doesn't match image O:\MSc AI\Dissertation-Project\RPG\Library\PackageCache\com.unity.visualscripting@1.7.8\Editor\VisualScripting.Core\Dependencies\YamlDotNet\Unity.VisualScripting.YamlDotNet.dll
Symbol file LoadedFromMemory doesn't match image O:\MSc AI\Dissertation-Project\RPG\Library\PackageCache\com.unity.visualscripting@1.7.8\Editor\VisualScripting.Core\Dependencies\DotNetZip\Unity.VisualScripting.IonicZip.dll
Native extension for WindowsStandalone target not found
Native extension for OSXStandalone target not found
Refreshing native plugins compatible for Editor in 1.21 ms, found 3 plugins.
Preloading 0 native plugins for Editor in 0.00 ms.
Mono: successfully reloaded assembly
- Completed reload, in  0.827 seconds
Domain Reload Profiling:
	ReloadAssembly (828ms)
		BeginReloadAssembly (106ms)
			ExecutionOrderSort (0ms)
			DisableScriptedObjects (4ms)
			BackupInstance (0ms)
			ReleaseScriptingObjects (0ms)
			CreateAndSetChildDomain (35ms)
		EndReloadAssembly (652ms)
			LoadAssemblies (59ms)
			RebuildTransferFunctionScriptingTraits (0ms)
			SetupTypeCache (200ms)
			ReleaseScriptCaches (2ms)
			RebuildScriptCaches (49ms)
			SetupLoadedEditorAssemblies (298ms)
				LogAssemblyErrors (0ms)
				InitializePlatformSupportModulesInManaged (11ms)
				SetLoadedEditorAssemblies (0ms)
				RefreshPlugins (1ms)
				BeforeProcessingInitializeOnLoad (55ms)
				ProcessInitializeOnLoadAttributes (201ms)
				ProcessInitializeOnLoadMethodAttributes (23ms)
				AfterProcessingInitializeOnLoad (5ms)
				EditorAssembliesLoaded (0ms)
			ExecutionOrderSort2 (0ms)
			AwakeInstancesAfterBackupRestoration (4ms)
Platform modules already initialized, skipping
Shader Custom/UnlitShadow uses undefined Queue: 'Opaque'
Shader Custom/UnlitShadow uses undefined Queue: 'Opaque'
Refreshing native plugins compatible for Editor in 2.40 ms, found 3 plugins.
Preloading 0 native plugins for Editor in 0.00 ms.
Unloading 4086 Unused Serialized files (Serialized files now loaded: 0)
Unloading 34 unused Assets / (1.4 MB). Loaded Objects now: 4958.
Memory consumption went from 242.8 MB to 241.4 MB.
Total: 3.706400 ms (FindLiveObjects: 0.338200 ms CreateObjectMapping: 0.208400 ms MarkObjects: 2.750100 ms  DeleteObjects: 0.408800 ms)

AssetImportParameters requested are different than current active one (requested -> active):
  custom:video-decoder-ogg-theora: a1e56fd34408186e4bbccfd4996cb3dc -> 
  custom:container-muxer-webm: aa71ff27fc2769a1b78a27578f13a17b -> 
  custom:container-demuxer-webm: 4f35f7cbe854078d1ac9338744f61a02 -> 
  custom:video-encoder-webm-vp8: eb34c28f22e8b96e1ab97ce403110664 -> 
  custom:audio-encoder-webm-vorbis: bf7c407c2cedff20999df2af8eb42d56 -> 
  custom:framework-win-MediaFoundation: 216162199b28c13a410421893ffa2e32 -> 
  custom:container-demuxer-ogg: 62fdf1f143b41e24485cea50d1cbac27 -> 
  custom:video-decoder-webm-vp8: 9c59270c3fd7afecdb556c50c9e8de78 -> 
  custom:audio-decoder-ogg-vorbis: bf7c407c2cedff20999df2af8eb42d56 -> 
========================================================================
Received Prepare
Registering precompiled user dll's ...
Registered in 0.003400 seconds.
Begin MonoManager ReloadAssembly
Symbol file LoadedFromMemory doesn't match image O:\MSc AI\Dissertation-Project\RPG\Library\PackageCache\com.unity.visualscripting@1.7.8\Editor\VisualScripting.Core\Dependencies\YamlDotNet\Unity.VisualScripting.YamlDotNet.dll
Symbol file LoadedFromMemory doesn't match image O:\MSc AI\Dissertation-Project\RPG\Library\PackageCache\com.unity.visualscripting@1.7.8\Editor\VisualScripting.Core\Dependencies\DotNetZip\Unity.VisualScripting.IonicZip.dll
Native extension for WindowsStandalone target not found
Native extension for OSXStandalone target not found
Refreshing native plugins compatible for Editor in 1.22 ms, found 3 plugins.
Preloading 0 native plugins for Editor in 0.00 ms.
Mono: successfully reloaded assembly
- Completed reload, in  0.870 seconds
Domain Reload Profiling:
	ReloadAssembly (870ms)
		BeginReloadAssembly (114ms)
			ExecutionOrderSort (0ms)
			DisableScriptedObjects (4ms)
			BackupInstance (0ms)
			ReleaseScriptingObjects (0ms)
			CreateAndSetChildDomain (36ms)
		EndReloadAssembly (671ms)
			LoadAssemblies (64ms)
			RebuildTransferFunctionScriptingTraits (0ms)
			SetupTypeCache (213ms)
			ReleaseScriptCaches (2ms)
			RebuildScriptCaches (43ms)
			SetupLoadedEditorAssemblies (321ms)
				LogAssemblyErrors (0ms)
				InitializePlatformSupportModulesInManaged (13ms)
				SetLoadedEditorAssemblies (0ms)
				RefreshPlugins (1ms)
				BeforeProcessingInitializeOnLoad (62ms)
				ProcessInitializeOnLoadAttributes (218ms)
				ProcessInitializeOnLoadMethodAttributes (21ms)
				AfterProcessingInitializeOnLoad (5ms)
				EditorAssembliesLoaded (0ms)
			ExecutionOrderSort2 (0ms)
			AwakeInstancesAfterBackupRestoration (4ms)
Platform modules already initialized, skipping
Shader Custom/UnlitShadow uses undefined Queue: 'Opaque'
Shader Custom/UnlitShadow uses undefined Queue: 'Opaque'
Refreshing native plugins compatible for Editor in 1.85 ms, found 3 plugins.
Preloading 0 native plugins for Editor in 0.00 ms.
Unloading 4086 Unused Serialized files (Serialized files now loaded: 0)
Unloading 34 unused Assets / (1.4 MB). Loaded Objects now: 4973.
Memory consumption went from 242.8 MB to 241.4 MB.
Total: 3.542200 ms (FindLiveObjects: 0.301500 ms CreateObjectMapping: 0.304400 ms MarkObjects: 2.602100 ms  DeleteObjects: 0.333400 ms)

AssetImportParameters requested are different than current active one (requested -> active):
  custom:video-decoder-ogg-theora: a1e56fd34408186e4bbccfd4996cb3dc -> 
  custom:container-muxer-webm: aa71ff27fc2769a1b78a27578f13a17b -> 
  custom:container-demuxer-webm: 4f35f7cbe854078d1ac9338744f61a02 -> 
  custom:video-encoder-webm-vp8: eb34c28f22e8b96e1ab97ce403110664 -> 
  custom:audio-encoder-webm-vorbis: bf7c407c2cedff20999df2af8eb42d56 -> 
  custom:framework-win-MediaFoundation: 216162199b28c13a410421893ffa2e32 -> 
  custom:container-demuxer-ogg: 62fdf1f143b41e24485cea50d1cbac27 -> 
  custom:video-decoder-webm-vp8: 9c59270c3fd7afecdb556c50c9e8de78 -> 
  custom:audio-decoder-ogg-vorbis: bf7c407c2cedff20999df2af8eb42d56 -> 
========================================================================
Received Prepare
Registering precompiled user dll's ...
Registered in 0.003306 seconds.
Begin MonoManager ReloadAssembly
Symbol file LoadedFromMemory doesn't match image O:\MSc AI\Dissertation-Project\RPG\Library\PackageCache\com.unity.visualscripting@1.7.8\Editor\VisualScripting.Core\Dependencies\YamlDotNet\Unity.VisualScripting.YamlDotNet.dll
Symbol file LoadedFromMemory doesn't match image O:\MSc AI\Dissertation-Project\RPG\Library\PackageCache\com.unity.visualscripting@1.7.8\Editor\VisualScripting.Core\Dependencies\DotNetZip\Unity.VisualScripting.IonicZip.dll
Native extension for WindowsStandalone target not found
Native extension for OSXStandalone target not found
Refreshing native plugins compatible for Editor in 1.23 ms, found 3 plugins.
Preloading 0 native plugins for Editor in 0.00 ms.
Mono: successfully reloaded assembly
- Completed reload, in  0.882 seconds
Domain Reload Profiling:
	ReloadAssembly (883ms)
		BeginReloadAssembly (108ms)
			ExecutionOrderSort (0ms)
			DisableScriptedObjects (4ms)
			BackupInstance (0ms)
			ReleaseScriptingObjects (0ms)
			CreateAndSetChildDomain (35ms)
		EndReloadAssembly (693ms)
			LoadAssemblies (57ms)
			RebuildTransferFunctionScriptingTraits (0ms)
			SetupTypeCache (201ms)
			ReleaseScriptCaches (2ms)
			RebuildScriptCaches (38ms)
			SetupLoadedEditorAssemblies (349ms)
				LogAssemblyErrors (0ms)
				InitializePlatformSupportModulesInManaged (15ms)
				SetLoadedEditorAssemblies (0ms)
				RefreshPlugins (1ms)
				BeforeProcessingInitializeOnLoad (60ms)
				ProcessInitializeOnLoadAttributes (241ms)
				ProcessInitializeOnLoadMethodAttributes (26ms)
				AfterProcessingInitializeOnLoad (5ms)
				EditorAssembliesLoaded (0ms)
			ExecutionOrderSort2 (0ms)
			AwakeInstancesAfterBackupRestoration (5ms)
Platform modules already initialized, skipping
Shader Custom/UnlitShadow uses undefined Queue: 'Opaque'
Shader Custom/UnlitShadow uses undefined Queue: 'Opaque'
Refreshing native plugins compatible for Editor in 1.99 ms, found 3 plugins.
Preloading 0 native plugins for Editor in 0.00 ms.
Unloading 4086 Unused Serialized files (Serialized files now loaded: 0)
Unloading 34 unused Assets / (1.4 MB). Loaded Objects now: 4988.
Memory consumption went from 242.9 MB to 241.4 MB.
Total: 3.926900 ms (FindLiveObjects: 0.359100 ms CreateObjectMapping: 0.253100 ms MarkObjects: 2.928700 ms  DeleteObjects: 0.385000 ms)

AssetImportParameters requested are different than current active one (requested -> active):
  custom:video-decoder-ogg-theora: a1e56fd34408186e4bbccfd4996cb3dc -> 
  custom:container-muxer-webm: aa71ff27fc2769a1b78a27578f13a17b -> 
  custom:container-demuxer-webm: 4f35f7cbe854078d1ac9338744f61a02 -> 
  custom:video-encoder-webm-vp8: eb34c28f22e8b96e1ab97ce403110664 -> 
  custom:audio-encoder-webm-vorbis: bf7c407c2cedff20999df2af8eb42d56 -> 
  custom:framework-win-MediaFoundation: 216162199b28c13a410421893ffa2e32 -> 
  custom:container-demuxer-ogg: 62fdf1f143b41e24485cea50d1cbac27 -> 
  custom:video-decoder-webm-vp8: 9c59270c3fd7afecdb556c50c9e8de78 -> 
  custom:audio-decoder-ogg-vorbis: bf7c407c2cedff20999df2af8eb42d56 -> 
========================================================================
Received Prepare
Registering precompiled user dll's ...
Registered in 0.002738 seconds.
Begin MonoManager ReloadAssembly
Symbol file LoadedFromMemory doesn't match image O:\MSc AI\Dissertation-Project\RPG\Library\PackageCache\com.unity.visualscripting@1.7.8\Editor\VisualScripting.Core\Dependencies\YamlDotNet\Unity.VisualScripting.YamlDotNet.dll
Symbol file LoadedFromMemory doesn't match image O:\MSc AI\Dissertation-Project\RPG\Library\PackageCache\com.unity.visualscripting@1.7.8\Editor\VisualScripting.Core\Dependencies\DotNetZip\Unity.VisualScripting.IonicZip.dll
Native extension for WindowsStandalone target not found
Native extension for OSXStandalone target not found
Refreshing native plugins compatible for Editor in 1.19 ms, found 3 plugins.
Preloading 0 native plugins for Editor in 0.00 ms.
Mono: successfully reloaded assembly
- Completed reload, in  0.887 seconds
Domain Reload Profiling:
	ReloadAssembly (888ms)
		BeginReloadAssembly (110ms)
			ExecutionOrderSort (0ms)
			DisableScriptedObjects (3ms)
			BackupInstance (0ms)
			ReleaseScriptingObjects (0ms)
			CreateAndSetChildDomain (38ms)
		EndReloadAssembly (700ms)
			LoadAssemblies (61ms)
			RebuildTransferFunctionScriptingTraits (0ms)
			SetupTypeCache (200ms)
			ReleaseScriptCaches (2ms)
			RebuildScriptCaches (43ms)
			SetupLoadedEditorAssemblies (312ms)
				LogAssemblyErrors (0ms)
				InitializePlatformSupportModulesInManaged (11ms)
				SetLoadedEditorAssemblies (0ms)
				RefreshPlugins (1ms)
				BeforeProcessingInitializeOnLoad (59ms)
				ProcessInitializeOnLoadAttributes (215ms)
				ProcessInitializeOnLoadMethodAttributes (21ms)
				AfterProcessingInitializeOnLoad (5ms)
				EditorAssembliesLoaded (0ms)
			ExecutionOrderSort2 (0ms)
			AwakeInstancesAfterBackupRestoration (5ms)
Platform modules already initialized, skipping
Shader Custom/UnlitShadow uses undefined Queue: 'Opaque'
Shader Custom/UnlitShadow uses undefined Queue: 'Opaque'
Refreshing native plugins compatible for Editor in 2.11 ms, found 3 plugins.
Preloading 0 native plugins for Editor in 0.00 ms.
Unloading 4086 Unused Serialized files (Serialized files now loaded: 0)
Unloading 34 unused Assets / (1.4 MB). Loaded Objects now: 5003.
Memory consumption went from 242.9 MB to 241.5 MB.
Total: 4.123800 ms (FindLiveObjects: 0.530000 ms CreateObjectMapping: 0.265700 ms MarkObjects: 2.787700 ms  DeleteObjects: 0.539500 ms)

AssetImportParameters requested are different than current active one (requested -> active):
  custom:video-decoder-ogg-theora: a1e56fd34408186e4bbccfd4996cb3dc -> 
  custom:container-muxer-webm: aa71ff27fc2769a1b78a27578f13a17b -> 
  custom:container-demuxer-webm: 4f35f7cbe854078d1ac9338744f61a02 -> 
  custom:video-encoder-webm-vp8: eb34c28f22e8b96e1ab97ce403110664 -> 
  custom:audio-encoder-webm-vorbis: bf7c407c2cedff20999df2af8eb42d56 -> 
  custom:framework-win-MediaFoundation: 216162199b28c13a410421893ffa2e32 -> 
  custom:container-demuxer-ogg: 62fdf1f143b41e24485cea50d1cbac27 -> 
  custom:video-decoder-webm-vp8: 9c59270c3fd7afecdb556c50c9e8de78 -> 
  custom:audio-decoder-ogg-vorbis: bf7c407c2cedff20999df2af8eb42d56 -> 
========================================================================
Received Prepare
Registering precompiled user dll's ...
Registered in 0.002697 seconds.
Begin MonoManager ReloadAssembly
Symbol file LoadedFromMemory doesn't match image O:\MSc AI\Dissertation-Project\RPG\Library\PackageCache\com.unity.visualscripting@1.7.8\Editor\VisualScripting.Core\Dependencies\YamlDotNet\Unity.VisualScripting.YamlDotNet.dll
Symbol file LoadedFromMemory doesn't match image O:\MSc AI\Dissertation-Project\RPG\Library\PackageCache\com.unity.visualscripting@1.7.8\Editor\VisualScripting.Core\Dependencies\DotNetZip\Unity.VisualScripting.IonicZip.dll
Native extension for WindowsStandalone target not found
Native extension for OSXStandalone target not found
Refreshing native plugins compatible for Editor in 0.93 ms, found 3 plugins.
Preloading 0 native plugins for Editor in 0.00 ms.
Mono: successfully reloaded assembly
- Completed reload, in  0.845 seconds
Domain Reload Profiling:
	ReloadAssembly (845ms)
		BeginReloadAssembly (119ms)
			ExecutionOrderSort (0ms)
			DisableScriptedObjects (4ms)
			BackupInstance (0ms)
			ReleaseScriptingObjects (0ms)
			CreateAndSetChildDomain (39ms)
		EndReloadAssembly (643ms)
			LoadAssemblies (65ms)
			RebuildTransferFunctionScriptingTraits (0ms)
			SetupTypeCache (207ms)
			ReleaseScriptCaches (2ms)
			RebuildScriptCaches (34ms)
			SetupLoadedEditorAssemblies (306ms)
				LogAssemblyErrors (0ms)
				InitializePlatformSupportModulesInManaged (11ms)
				SetLoadedEditorAssemblies (0ms)
				RefreshPlugins (1ms)
				BeforeProcessingInitializeOnLoad (53ms)
				ProcessInitializeOnLoadAttributes (213ms)
				ProcessInitializeOnLoadMethodAttributes (23ms)
				AfterProcessingInitializeOnLoad (5ms)
				EditorAssembliesLoaded (0ms)
			ExecutionOrderSort2 (0ms)
			AwakeInstancesAfterBackupRestoration (5ms)
Platform modules already initialized, skipping
Shader Custom/UnlitShadow uses undefined Queue: 'Opaque'
Shader Custom/UnlitShadow uses undefined Queue: 'Opaque'
Refreshing native plugins compatible for Editor in 1.92 ms, found 3 plugins.
Preloading 0 native plugins for Editor in 0.00 ms.
Unloading 4086 Unused Serialized files (Serialized files now loaded: 0)
Unloading 34 unused Assets / (1.4 MB). Loaded Objects now: 5018.
Memory consumption went from 242.9 MB to 241.5 MB.
Total: 3.146000 ms (FindLiveObjects: 0.307000 ms CreateObjectMapping: 0.156300 ms MarkObjects: 2.366000 ms  DeleteObjects: 0.315900 ms)

AssetImportParameters requested are different than current active one (requested -> active):
  custom:video-decoder-ogg-theora: a1e56fd34408186e4bbccfd4996cb3dc -> 
  custom:container-muxer-webm: aa71ff27fc2769a1b78a27578f13a17b -> 
  custom:container-demuxer-webm: 4f35f7cbe854078d1ac9338744f61a02 -> 
  custom:video-encoder-webm-vp8: eb34c28f22e8b96e1ab97ce403110664 -> 
  custom:audio-encoder-webm-vorbis: bf7c407c2cedff20999df2af8eb42d56 -> 
  custom:framework-win-MediaFoundation: 216162199b28c13a410421893ffa2e32 -> 
  custom:container-demuxer-ogg: 62fdf1f143b41e24485cea50d1cbac27 -> 
  custom:video-decoder-webm-vp8: 9c59270c3fd7afecdb556c50c9e8de78 -> 
  custom:audio-decoder-ogg-vorbis: bf7c407c2cedff20999df2af8eb42d56 -> 
========================================================================
Received Prepare
Registering precompiled user dll's ...
Registered in 0.003205 seconds.
Begin MonoManager ReloadAssembly
Symbol file LoadedFromMemory doesn't match image O:\MSc AI\Dissertation-Project\RPG\Library\PackageCache\com.unity.visualscripting@1.7.8\Editor\VisualScripting.Core\Dependencies\YamlDotNet\Unity.VisualScripting.YamlDotNet.dll
Symbol file LoadedFromMemory doesn't match image O:\MSc AI\Dissertation-Project\RPG\Library\PackageCache\com.unity.visualscripting@1.7.8\Editor\VisualScripting.Core\Dependencies\DotNetZip\Unity.VisualScripting.IonicZip.dll
Native extension for WindowsStandalone target not found
Native extension for OSXStandalone target not found
Refreshing native plugins compatible for Editor in 1.20 ms, found 3 plugins.
Preloading 0 native plugins for Editor in 0.00 ms.
Mono: successfully reloaded assembly
- Completed reload, in  0.864 seconds
Domain Reload Profiling:
	ReloadAssembly (864ms)
		BeginReloadAssembly (109ms)
			ExecutionOrderSort (0ms)
			DisableScriptedObjects (3ms)
			BackupInstance (0ms)
			ReleaseScriptingObjects (0ms)
			CreateAndSetChildDomain (39ms)
		EndReloadAssembly (685ms)
			LoadAssemblies (60ms)
			RebuildTransferFunctionScriptingTraits (0ms)
			SetupTypeCache (208ms)
			ReleaseScriptCaches (2ms)
			RebuildScriptCaches (63ms)
			SetupLoadedEditorAssemblies (306ms)
				LogAssemblyErrors (0ms)
				InitializePlatformSupportModulesInManaged (11ms)
				SetLoadedEditorAssemblies (0ms)
				RefreshPlugins (1ms)
				BeforeProcessingInitializeOnLoad (55ms)
				ProcessInitializeOnLoadAttributes (208ms)
				ProcessInitializeOnLoadMethodAttributes (25ms)
				AfterProcessingInitializeOnLoad (5ms)
				EditorAssembliesLoaded (0ms)
			ExecutionOrderSort2 (0ms)
			AwakeInstancesAfterBackupRestoration (4ms)
Platform modules already initialized, skipping
Shader Custom/UnlitShadow uses undefined Queue: 'Opaque'
Shader Custom/UnlitShadow uses undefined Queue: 'Opaque'
Refreshing native plugins compatible for Editor in 1.97 ms, found 3 plugins.
Preloading 0 native plugins for Editor in 0.00 ms.
Unloading 4086 Unused Serialized files (Serialized files now loaded: 0)
Unloading 34 unused Assets / (1.4 MB). Loaded Objects now: 5033.
Memory consumption went from 242.9 MB to 241.5 MB.
Total: 3.559400 ms (FindLiveObjects: 0.531200 ms CreateObjectMapping: 0.095400 ms MarkObjects: 2.589900 ms  DeleteObjects: 0.341200 ms)

AssetImportParameters requested are different than current active one (requested -> active):
  custom:video-decoder-ogg-theora: a1e56fd34408186e4bbccfd4996cb3dc -> 
  custom:container-muxer-webm: aa71ff27fc2769a1b78a27578f13a17b -> 
  custom:container-demuxer-webm: 4f35f7cbe854078d1ac9338744f61a02 -> 
  custom:video-encoder-webm-vp8: eb34c28f22e8b96e1ab97ce403110664 -> 
  custom:audio-encoder-webm-vorbis: bf7c407c2cedff20999df2af8eb42d56 -> 
  custom:framework-win-MediaFoundation: 216162199b28c13a410421893ffa2e32 -> 
  custom:container-demuxer-ogg: 62fdf1f143b41e24485cea50d1cbac27 -> 
  custom:video-decoder-webm-vp8: 9c59270c3fd7afecdb556c50c9e8de78 -> 
  custom:audio-decoder-ogg-vorbis: bf7c407c2cedff20999df2af8eb42d56 -> 
========================================================================
Received Prepare
Registering precompiled user dll's ...
Registered in 0.002867 seconds.
Begin MonoManager ReloadAssembly
Symbol file LoadedFromMemory doesn't match image O:\MSc AI\Dissertation-Project\RPG\Library\PackageCache\com.unity.visualscripting@1.7.8\Editor\VisualScripting.Core\Dependencies\YamlDotNet\Unity.VisualScripting.YamlDotNet.dll
Symbol file LoadedFromMemory doesn't match image O:\MSc AI\Dissertation-Project\RPG\Library\PackageCache\com.unity.visualscripting@1.7.8\Editor\VisualScripting.Core\Dependencies\DotNetZip\Unity.VisualScripting.IonicZip.dll
Native extension for WindowsStandalone target not found
Native extension for OSXStandalone target not found
Refreshing native plugins compatible for Editor in 1.36 ms, found 3 plugins.
Preloading 0 native plugins for Editor in 0.00 ms.
Mono: successfully reloaded assembly
- Completed reload, in  0.860 seconds
Domain Reload Profiling:
	ReloadAssembly (860ms)
		BeginReloadAssembly (117ms)
			ExecutionOrderSort (0ms)
			DisableScriptedObjects (4ms)
			BackupInstance (0ms)
			ReleaseScriptingObjects (0ms)
			CreateAndSetChildDomain (41ms)
		EndReloadAssembly (666ms)
			LoadAssemblies (63ms)
			RebuildTransferFunctionScriptingTraits (0ms)
			SetupTypeCache (205ms)
			ReleaseScriptCaches (2ms)
			RebuildScriptCaches (44ms)
			SetupLoadedEditorAssemblies (306ms)
				LogAssemblyErrors (0ms)
				InitializePlatformSupportModulesInManaged (14ms)
				SetLoadedEditorAssemblies (0ms)
				RefreshPlugins (1ms)
				BeforeProcessingInitializeOnLoad (54ms)
				ProcessInitializeOnLoadAttributes (205ms)
				ProcessInitializeOnLoadMethodAttributes (25ms)
				AfterProcessingInitializeOnLoad (5ms)
				EditorAssembliesLoaded (0ms)
			ExecutionOrderSort2 (0ms)
			AwakeInstancesAfterBackupRestoration (5ms)
Platform modules already initialized, skipping
Shader Custom/UnlitShadow uses undefined Queue: 'Opaque'
Shader Custom/UnlitShadow uses undefined Queue: 'Opaque'
Refreshing native plugins compatible for Editor in 1.96 ms, found 3 plugins.
Preloading 0 native plugins for Editor in 0.00 ms.
Unloading 4086 Unused Serialized files (Serialized files now loaded: 0)
Unloading 34 unused Assets / (1.4 MB). Loaded Objects now: 5048.
Memory consumption went from 242.9 MB to 241.5 MB.
Total: 3.810500 ms (FindLiveObjects: 0.318700 ms CreateObjectMapping: 0.215000 ms MarkObjects: 2.786900 ms  DeleteObjects: 0.488900 ms)

AssetImportParameters requested are different than current active one (requested -> active):
  custom:video-decoder-ogg-theora: a1e56fd34408186e4bbccfd4996cb3dc -> 
  custom:container-muxer-webm: aa71ff27fc2769a1b78a27578f13a17b -> 
  custom:container-demuxer-webm: 4f35f7cbe854078d1ac9338744f61a02 -> 
  custom:video-encoder-webm-vp8: eb34c28f22e8b96e1ab97ce403110664 -> 
  custom:audio-encoder-webm-vorbis: bf7c407c2cedff20999df2af8eb42d56 -> 
  custom:framework-win-MediaFoundation: 216162199b28c13a410421893ffa2e32 -> 
  custom:container-demuxer-ogg: 62fdf1f143b41e24485cea50d1cbac27 -> 
  custom:video-decoder-webm-vp8: 9c59270c3fd7afecdb556c50c9e8de78 -> 
  custom:audio-decoder-ogg-vorbis: bf7c407c2cedff20999df2af8eb42d56 -> 
========================================================================
Received Prepare
Registering precompiled user dll's ...
Registered in 0.003163 seconds.
Begin MonoManager ReloadAssembly
Symbol file LoadedFromMemory doesn't match image O:\MSc AI\Dissertation-Project\RPG\Library\PackageCache\com.unity.visualscripting@1.7.8\Editor\VisualScripting.Core\Dependencies\YamlDotNet\Unity.VisualScripting.YamlDotNet.dll
Symbol file LoadedFromMemory doesn't match image O:\MSc AI\Dissertation-Project\RPG\Library\PackageCache\com.unity.visualscripting@1.7.8\Editor\VisualScripting.Core\Dependencies\DotNetZip\Unity.VisualScripting.IonicZip.dll
Native extension for WindowsStandalone target not found
Native extension for OSXStandalone target not found
Refreshing native plugins compatible for Editor in 1.16 ms, found 3 plugins.
Preloading 0 native plugins for Editor in 0.00 ms.
Mono: successfully reloaded assembly
- Completed reload, in  0.866 seconds
Domain Reload Profiling:
	ReloadAssembly (867ms)
		BeginReloadAssembly (116ms)
			ExecutionOrderSort (0ms)
			DisableScriptedObjects (4ms)
			BackupInstance (0ms)
			ReleaseScriptingObjects (0ms)
			CreateAndSetChildDomain (35ms)
		EndReloadAssembly (670ms)
			LoadAssemblies (60ms)
			RebuildTransferFunctionScriptingTraits (0ms)
			SetupTypeCache (196ms)
			ReleaseScriptCaches (1ms)
			RebuildScriptCaches (36ms)
			SetupLoadedEditorAssemblies (344ms)
				LogAssemblyErrors (0ms)
				InitializePlatformSupportModulesInManaged (13ms)
				SetLoadedEditorAssemblies (0ms)
				RefreshPlugins (1ms)
				BeforeProcessingInitializeOnLoad (88ms)
				ProcessInitializeOnLoadAttributes (215ms)
				ProcessInitializeOnLoadMethodAttributes (21ms)
				AfterProcessingInitializeOnLoad (5ms)
				EditorAssembliesLoaded (0ms)
			ExecutionOrderSort2 (0ms)
			AwakeInstancesAfterBackupRestoration (5ms)
Platform modules already initialized, skipping
Shader Custom/UnlitShadow uses undefined Queue: 'Opaque'
Shader Custom/UnlitShadow uses undefined Queue: 'Opaque'
Refreshing native plugins compatible for Editor in 1.97 ms, found 3 plugins.
Preloading 0 native plugins for Editor in 0.00 ms.
Unloading 4086 Unused Serialized files (Serialized files now loaded: 0)
Unloading 34 unused Assets / (1.4 MB). Loaded Objects now: 5063.
Memory consumption went from 242.9 MB to 241.5 MB.
Total: 4.207400 ms (FindLiveObjects: 0.370200 ms CreateObjectMapping: 0.254000 ms MarkObjects: 3.155800 ms  DeleteObjects: 0.426400 ms)

AssetImportParameters requested are different than current active one (requested -> active):
  custom:video-decoder-ogg-theora: a1e56fd34408186e4bbccfd4996cb3dc -> 
  custom:container-muxer-webm: aa71ff27fc2769a1b78a27578f13a17b -> 
  custom:container-demuxer-webm: 4f35f7cbe854078d1ac9338744f61a02 -> 
  custom:video-encoder-webm-vp8: eb34c28f22e8b96e1ab97ce403110664 -> 
  custom:audio-encoder-webm-vorbis: bf7c407c2cedff20999df2af8eb42d56 -> 
  custom:framework-win-MediaFoundation: 216162199b28c13a410421893ffa2e32 -> 
  custom:container-demuxer-ogg: 62fdf1f143b41e24485cea50d1cbac27 -> 
  custom:video-decoder-webm-vp8: 9c59270c3fd7afecdb556c50c9e8de78 -> 
  custom:audio-decoder-ogg-vorbis: bf7c407c2cedff20999df2af8eb42d56 -> 
========================================================================
Received Import Request.
  Time since last request: 1727.796521 seconds.
  path: Assets/Prefabs/Magic/Blast.prefab
  artifactKey: Guid(dca0e299563b44e4b89d33b32208fa60) Importer(815301076,1909f56bfc062723c751e8b465ee728b)
Start importing Assets/Prefabs/Magic/Blast.prefab using Guid(dca0e299563b44e4b89d33b32208fa60) Importer(815301076,1909f56bfc062723c751e8b465ee728b)  -> (artifact id: '429f5201140df93163310d4ebac00aac') in 0.247666 seconds 
========================================================================
Received Import Request.
  Time since last request: 0.000062 seconds.
  path: Assets/Prefabs/Magic/FireStar.prefab
  artifactKey: Guid(f44dfdf888b8cf743b3cd9d190f47343) Importer(815301076,1909f56bfc062723c751e8b465ee728b)
Start importing Assets/Prefabs/Magic/FireStar.prefab using Guid(f44dfdf888b8cf743b3cd9d190f47343) Importer(815301076,1909f56bfc062723c751e8b465ee728b)  -> (artifact id: 'c0092f646784d93588491ca1e31e8141') in 0.038081 seconds 
========================================================================
Received Import Request.
  Time since last request: 0.000053 seconds.
  path: Assets/Prefabs/Magic/ShockWave.prefab
  artifactKey: Guid(73f45dc7014a3de47bd3c4216e7aaa99) Importer(815301076,1909f56bfc062723c751e8b465ee728b)
Start importing Assets/Prefabs/Magic/ShockWave.prefab using Guid(73f45dc7014a3de47bd3c4216e7aaa99) Importer(815301076,1909f56bfc062723c751e8b465ee728b)  -> (artifact id: 'ec053a396e60423d8dbc808f13b27d5f') in 0.109961 seconds 
========================================================================
Received Import Request.
  Time since last request: 0.000033 seconds.
  path: Assets/Prefabs/Magic/Strength.prefab
  artifactKey: Guid(03c21d3ac244f1240858c4fc3d34b4af) Importer(815301076,1909f56bfc062723c751e8b465ee728b)
Start importing Assets/Prefabs/Magic/Strength.prefab using Guid(03c21d3ac244f1240858c4fc3d34b4af) Importer(815301076,1909f56bfc062723c751e8b465ee728b)  -> (artifact id: '376476087ad2691a6025978514865ea6') in 0.020509 seconds 
========================================================================
Received Import Request.
  Time since last request: 0.000028 seconds.
  path: Assets/Prefabs/Magic/FireTwist.prefab
  artifactKey: Guid(3b90d25db2246804098822112fe49a64) Importer(815301076,1909f56bfc062723c751e8b465ee728b)
Start importing Assets/Prefabs/Magic/FireTwist.prefab using Guid(3b90d25db2246804098822112fe49a64) Importer(815301076,1909f56bfc062723c751e8b465ee728b)  -> (artifact id: 'a27d40b40f64e9fef1a7f1f024a0c8d7') in 0.009191 seconds 
========================================================================
Received Import Request.
  Time since last request: 0.000016 seconds.
  path: Assets/Prefabs/Magic/Invulnerability.prefab
  artifactKey: Guid(002cdb40bc29bfa418db9b5edaa3c96e) Importer(815301076,1909f56bfc062723c751e8b465ee728b)
Start importing Assets/Prefabs/Magic/Invulnerability.prefab using Guid(002cdb40bc29bfa418db9b5edaa3c96e) Importer(815301076,1909f56bfc062723c751e8b465ee728b)  -> (artifact id: '5e231bfcdd802755bf8628c344f2e288') in 0.008009 seconds 
========================================================================
Received Import Request.
  Time since last request: 0.000017 seconds.
  path: Assets/Prefabs/Magic/Swirl.prefab
  artifactKey: Guid(a3664e6634d00d04792d493cbdca0c00) Importer(815301076,1909f56bfc062723c751e8b465ee728b)
Start importing Assets/Prefabs/Magic/Swirl.prefab using Guid(a3664e6634d00d04792d493cbdca0c00) Importer(815301076,1909f56bfc062723c751e8b465ee728b)  -> (artifact id: 'f007601188e2a730e272a4bcefe3f071') in 0.041495 seconds 
========================================================================
Received Import Request.
  Time since last request: 0.000034 seconds.
  path: Assets/Prefabs/Magic/Tornado.prefab
  artifactKey: Guid(bc6704c7aafdd034cad6313b6e57a213) Importer(815301076,1909f56bfc062723c751e8b465ee728b)
Start importing Assets/Prefabs/Magic/Tornado.prefab using Guid(bc6704c7aafdd034cad6313b6e57a213) Importer(815301076,1909f56bfc062723c751e8b465ee728b)  -> (artifact id: '80459200d6bf21066dcad27c0ae0cd9d') in 0.024157 seconds 
========================================================================
Received Prepare
Registering precompiled user dll's ...
Registered in 0.002750 seconds.
Begin MonoManager ReloadAssembly
Symbol file LoadedFromMemory doesn't match image O:\MSc AI\Dissertation-Project\RPG\Library\PackageCache\com.unity.visualscripting@1.7.8\Editor\VisualScripting.Core\Dependencies\YamlDotNet\Unity.VisualScripting.YamlDotNet.dll
Symbol file LoadedFromMemory doesn't match image O:\MSc AI\Dissertation-Project\RPG\Library\PackageCache\com.unity.visualscripting@1.7.8\Editor\VisualScripting.Core\Dependencies\DotNetZip\Unity.VisualScripting.IonicZip.dll
Native extension for WindowsStandalone target not found
Native extension for OSXStandalone target not found
Refreshing native plugins compatible for Editor in 1.14 ms, found 3 plugins.
Preloading 0 native plugins for Editor in 0.00 ms.
Mono: successfully reloaded assembly
- Completed reload, in  0.862 seconds
Domain Reload Profiling:
	ReloadAssembly (863ms)
		BeginReloadAssembly (131ms)
			ExecutionOrderSort (0ms)
			DisableScriptedObjects (5ms)
			BackupInstance (0ms)
			ReleaseScriptingObjects (0ms)
			CreateAndSetChildDomain (45ms)
		EndReloadAssembly (650ms)
			LoadAssemblies (74ms)
			RebuildTransferFunctionScriptingTraits (0ms)
			SetupTypeCache (200ms)
			ReleaseScriptCaches (2ms)
			RebuildScriptCaches (38ms)
			SetupLoadedEditorAssemblies (302ms)
				LogAssemblyErrors (0ms)
				InitializePlatformSupportModulesInManaged (11ms)
				SetLoadedEditorAssemblies (0ms)
				RefreshPlugins (1ms)
				BeforeProcessingInitializeOnLoad (52ms)
				ProcessInitializeOnLoadAttributes (210ms)
				ProcessInitializeOnLoadMethodAttributes (23ms)
				AfterProcessingInitializeOnLoad (5ms)
				EditorAssembliesLoaded (0ms)
			ExecutionOrderSort2 (0ms)
			AwakeInstancesAfterBackupRestoration (4ms)
Platform modules already initialized, skipping
Shader Custom/UnlitShadow uses undefined Queue: 'Opaque'
Shader Custom/UnlitShadow uses undefined Queue: 'Opaque'
Refreshing native plugins compatible for Editor in 2.28 ms, found 3 plugins.
Preloading 0 native plugins for Editor in 0.00 ms.
Unloading 4086 Unused Serialized files (Serialized files now loaded: 0)
Unloading 35 unused Assets / (1.4 MB). Loaded Objects now: 5078.
Memory consumption went from 243.0 MB to 241.6 MB.
Total: 3.474200 ms (FindLiveObjects: 0.338100 ms CreateObjectMapping: 0.100000 ms MarkObjects: 2.669600 ms  DeleteObjects: 0.365600 ms)

AssetImportParameters requested are different than current active one (requested -> active):
  custom:video-decoder-ogg-theora: a1e56fd34408186e4bbccfd4996cb3dc -> 
  custom:container-muxer-webm: aa71ff27fc2769a1b78a27578f13a17b -> 
  custom:container-demuxer-webm: 4f35f7cbe854078d1ac9338744f61a02 -> 
  custom:video-encoder-webm-vp8: eb34c28f22e8b96e1ab97ce403110664 -> 
  custom:audio-encoder-webm-vorbis: bf7c407c2cedff20999df2af8eb42d56 -> 
  custom:framework-win-MediaFoundation: 216162199b28c13a410421893ffa2e32 -> 
  custom:container-demuxer-ogg: 62fdf1f143b41e24485cea50d1cbac27 -> 
  custom:video-decoder-webm-vp8: 9c59270c3fd7afecdb556c50c9e8de78 -> 
  custom:audio-decoder-ogg-vorbis: bf7c407c2cedff20999df2af8eb42d56 -> 
========================================================================
Received Prepare
Registering precompiled user dll's ...
Registered in 0.003988 seconds.
Begin MonoManager ReloadAssembly
Symbol file LoadedFromMemory doesn't match image O:\MSc AI\Dissertation-Project\RPG\Library\PackageCache\com.unity.visualscripting@1.7.8\Editor\VisualScripting.Core\Dependencies\YamlDotNet\Unity.VisualScripting.YamlDotNet.dll
Symbol file LoadedFromMemory doesn't match image O:\MSc AI\Dissertation-Project\RPG\Library\PackageCache\com.unity.visualscripting@1.7.8\Editor\VisualScripting.Core\Dependencies\DotNetZip\Unity.VisualScripting.IonicZip.dll
Native extension for WindowsStandalone target not found
Native extension for OSXStandalone target not found
Refreshing native plugins compatible for Editor in 0.98 ms, found 3 plugins.
Preloading 0 native plugins for Editor in 0.00 ms.
Mono: successfully reloaded assembly
- Completed reload, in  0.808 seconds
Domain Reload Profiling:
	ReloadAssembly (809ms)
		BeginReloadAssembly (121ms)
			ExecutionOrderSort (0ms)
			DisableScriptedObjects (3ms)
			BackupInstance (0ms)
			ReleaseScriptingObjects (0ms)
			CreateAndSetChildDomain (44ms)
		EndReloadAssembly (603ms)
			LoadAssemblies (66ms)
			RebuildTransferFunctionScriptingTraits (0ms)
			SetupTypeCache (184ms)
			ReleaseScriptCaches (1ms)
			RebuildScriptCaches (32ms)
			SetupLoadedEditorAssemblies (293ms)
				LogAssemblyErrors (0ms)
				InitializePlatformSupportModulesInManaged (10ms)
				SetLoadedEditorAssemblies (0ms)
				RefreshPlugins (1ms)
				BeforeProcessingInitializeOnLoad (52ms)
				ProcessInitializeOnLoadAttributes (203ms)
				ProcessInitializeOnLoadMethodAttributes (21ms)
				AfterProcessingInitializeOnLoad (5ms)
				EditorAssembliesLoaded (0ms)
			ExecutionOrderSort2 (0ms)
			AwakeInstancesAfterBackupRestoration (5ms)
Platform modules already initialized, skipping
Shader Custom/UnlitShadow uses undefined Queue: 'Opaque'
Shader Custom/UnlitShadow uses undefined Queue: 'Opaque'
Refreshing native plugins compatible for Editor in 1.99 ms, found 3 plugins.
Preloading 0 native plugins for Editor in 0.00 ms.
Unloading 4086 Unused Serialized files (Serialized files now loaded: 0)
Unloading 34 unused Assets / (1.4 MB). Loaded Objects now: 5093.
Memory consumption went from 243.0 MB to 241.6 MB.
Total: 3.278600 ms (FindLiveObjects: 0.303200 ms CreateObjectMapping: 0.099900 ms MarkObjects: 2.524600 ms  DeleteObjects: 0.350100 ms)

AssetImportParameters requested are different than current active one (requested -> active):
  custom:video-decoder-ogg-theora: a1e56fd34408186e4bbccfd4996cb3dc -> 
  custom:container-muxer-webm: aa71ff27fc2769a1b78a27578f13a17b -> 
  custom:container-demuxer-webm: 4f35f7cbe854078d1ac9338744f61a02 -> 
  custom:video-encoder-webm-vp8: eb34c28f22e8b96e1ab97ce403110664 -> 
  custom:audio-encoder-webm-vorbis: bf7c407c2cedff20999df2af8eb42d56 -> 
  custom:framework-win-MediaFoundation: 216162199b28c13a410421893ffa2e32 -> 
  custom:container-demuxer-ogg: 62fdf1f143b41e24485cea50d1cbac27 -> 
  custom:video-decoder-webm-vp8: 9c59270c3fd7afecdb556c50c9e8de78 -> 
  custom:audio-decoder-ogg-vorbis: bf7c407c2cedff20999df2af8eb42d56 -> 
========================================================================
Received Prepare
Registering precompiled user dll's ...
Registered in 0.003553 seconds.
Begin MonoManager ReloadAssembly
Symbol file LoadedFromMemory doesn't match image O:\MSc AI\Dissertation-Project\RPG\Library\PackageCache\com.unity.visualscripting@1.7.8\Editor\VisualScripting.Core\Dependencies\YamlDotNet\Unity.VisualScripting.YamlDotNet.dll
Symbol file LoadedFromMemory doesn't match image O:\MSc AI\Dissertation-Project\RPG\Library\PackageCache\com.unity.visualscripting@1.7.8\Editor\VisualScripting.Core\Dependencies\DotNetZip\Unity.VisualScripting.IonicZip.dll
Native extension for WindowsStandalone target not found
Native extension for OSXStandalone target not found
Refreshing native plugins compatible for Editor in 1.97 ms, found 3 plugins.
Preloading 0 native plugins for Editor in 0.00 ms.
Mono: successfully reloaded assembly
- Completed reload, in  0.840 seconds
Domain Reload Profiling:
	ReloadAssembly (842ms)
		BeginReloadAssembly (116ms)
			ExecutionOrderSort (0ms)
			DisableScriptedObjects (4ms)
			BackupInstance (0ms)
			ReleaseScriptingObjects (0ms)
			CreateAndSetChildDomain (37ms)
		EndReloadAssembly (640ms)
			LoadAssemblies (64ms)
			RebuildTransferFunctionScriptingTraits (0ms)
			SetupTypeCache (200ms)
			ReleaseScriptCaches (1ms)
			RebuildScriptCaches (34ms)
			SetupLoadedEditorAssemblies (313ms)
				LogAssemblyErrors (0ms)
				InitializePlatformSupportModulesInManaged (11ms)
				SetLoadedEditorAssemblies (1ms)
				RefreshPlugins (2ms)
				BeforeProcessingInitializeOnLoad (62ms)
				ProcessInitializeOnLoadAttributes (207ms)
				ProcessInitializeOnLoadMethodAttributes (24ms)
				AfterProcessingInitializeOnLoad (5ms)
				EditorAssembliesLoaded (0ms)
			ExecutionOrderSort2 (0ms)
			AwakeInstancesAfterBackupRestoration (4ms)
Platform modules already initialized, skipping
Shader Custom/UnlitShadow uses undefined Queue: 'Opaque'
Shader Custom/UnlitShadow uses undefined Queue: 'Opaque'
Refreshing native plugins compatible for Editor in 1.90 ms, found 3 plugins.
Preloading 0 native plugins for Editor in 0.00 ms.
Unloading 4086 Unused Serialized files (Serialized files now loaded: 0)
Unloading 34 unused Assets / (1.4 MB). Loaded Objects now: 5108.
Memory consumption went from 243.0 MB to 241.6 MB.
Total: 3.202600 ms (FindLiveObjects: 0.307800 ms CreateObjectMapping: 0.093300 ms MarkObjects: 2.432700 ms  DeleteObjects: 0.367700 ms)

AssetImportParameters requested are different than current active one (requested -> active):
  custom:video-decoder-ogg-theora: a1e56fd34408186e4bbccfd4996cb3dc -> 
  custom:container-muxer-webm: aa71ff27fc2769a1b78a27578f13a17b -> 
  custom:container-demuxer-webm: 4f35f7cbe854078d1ac9338744f61a02 -> 
  custom:video-encoder-webm-vp8: eb34c28f22e8b96e1ab97ce403110664 -> 
  custom:audio-encoder-webm-vorbis: bf7c407c2cedff20999df2af8eb42d56 -> 
  custom:framework-win-MediaFoundation: 216162199b28c13a410421893ffa2e32 -> 
  custom:container-demuxer-ogg: 62fdf1f143b41e24485cea50d1cbac27 -> 
  custom:video-decoder-webm-vp8: 9c59270c3fd7afecdb556c50c9e8de78 -> 
  custom:audio-decoder-ogg-vorbis: bf7c407c2cedff20999df2af8eb42d56 -> 
========================================================================
Received Prepare
Registering precompiled user dll's ...
Registered in 0.003285 seconds.
Begin MonoManager ReloadAssembly
Symbol file LoadedFromMemory doesn't match image O:\MSc AI\Dissertation-Project\RPG\Library\PackageCache\com.unity.visualscripting@1.7.8\Editor\VisualScripting.Core\Dependencies\YamlDotNet\Unity.VisualScripting.YamlDotNet.dll
Symbol file LoadedFromMemory doesn't match image O:\MSc AI\Dissertation-Project\RPG\Library\PackageCache\com.unity.visualscripting@1.7.8\Editor\VisualScripting.Core\Dependencies\DotNetZip\Unity.VisualScripting.IonicZip.dll
Native extension for WindowsStandalone target not found
Native extension for OSXStandalone target not found
Refreshing native plugins compatible for Editor in 1.35 ms, found 3 plugins.
Preloading 0 native plugins for Editor in 0.00 ms.
Mono: successfully reloaded assembly
- Completed reload, in  0.867 seconds
Domain Reload Profiling:
	ReloadAssembly (867ms)
		BeginReloadAssembly (120ms)
			ExecutionOrderSort (0ms)
			DisableScriptedObjects (4ms)
			BackupInstance (0ms)
			ReleaseScriptingObjects (0ms)
			CreateAndSetChildDomain (36ms)
		EndReloadAssembly (659ms)
			LoadAssemblies (69ms)
			RebuildTransferFunctionScriptingTraits (0ms)
			SetupTypeCache (203ms)
			ReleaseScriptCaches (2ms)
			RebuildScriptCaches (41ms)
			SetupLoadedEditorAssemblies (316ms)
				LogAssemblyErrors (0ms)
				InitializePlatformSupportModulesInManaged (13ms)
				SetLoadedEditorAssemblies (0ms)
				RefreshPlugins (1ms)
				BeforeProcessingInitializeOnLoad (58ms)
				ProcessInitializeOnLoadAttributes (217ms)
				ProcessInitializeOnLoadMethodAttributes (21ms)
				AfterProcessingInitializeOnLoad (5ms)
				EditorAssembliesLoaded (0ms)
			ExecutionOrderSort2 (0ms)
			AwakeInstancesAfterBackupRestoration (4ms)
Platform modules already initialized, skipping
Shader Custom/UnlitShadow uses undefined Queue: 'Opaque'
Shader Custom/UnlitShadow uses undefined Queue: 'Opaque'
Refreshing native plugins compatible for Editor in 1.82 ms, found 3 plugins.
Preloading 0 native plugins for Editor in 0.00 ms.
Unloading 4086 Unused Serialized files (Serialized files now loaded: 0)
Unloading 34 unused Assets / (1.4 MB). Loaded Objects now: 5123.
Memory consumption went from 243.1 MB to 241.7 MB.
Total: 3.229100 ms (FindLiveObjects: 0.321200 ms CreateObjectMapping: 0.166000 ms MarkObjects: 2.400400 ms  DeleteObjects: 0.340700 ms)

AssetImportParameters requested are different than current active one (requested -> active):
  custom:video-decoder-ogg-theora: a1e56fd34408186e4bbccfd4996cb3dc -> 
  custom:container-muxer-webm: aa71ff27fc2769a1b78a27578f13a17b -> 
  custom:container-demuxer-webm: 4f35f7cbe854078d1ac9338744f61a02 -> 
  custom:video-encoder-webm-vp8: eb34c28f22e8b96e1ab97ce403110664 -> 
  custom:audio-encoder-webm-vorbis: bf7c407c2cedff20999df2af8eb42d56 -> 
  custom:framework-win-MediaFoundation: 216162199b28c13a410421893ffa2e32 -> 
  custom:container-demuxer-ogg: 62fdf1f143b41e24485cea50d1cbac27 -> 
  custom:video-decoder-webm-vp8: 9c59270c3fd7afecdb556c50c9e8de78 -> 
  custom:audio-decoder-ogg-vorbis: bf7c407c2cedff20999df2af8eb42d56 -> 
========================================================================
Received Prepare
Registering precompiled user dll's ...
Registered in 0.003016 seconds.
Begin MonoManager ReloadAssembly
Symbol file LoadedFromMemory doesn't match image O:\MSc AI\Dissertation-Project\RPG\Library\PackageCache\com.unity.visualscripting@1.7.8\Editor\VisualScripting.Core\Dependencies\YamlDotNet\Unity.VisualScripting.YamlDotNet.dll
Symbol file LoadedFromMemory doesn't match image O:\MSc AI\Dissertation-Project\RPG\Library\PackageCache\com.unity.visualscripting@1.7.8\Editor\VisualScripting.Core\Dependencies\DotNetZip\Unity.VisualScripting.IonicZip.dll
Native extension for WindowsStandalone target not found
Native extension for OSXStandalone target not found
Refreshing native plugins compatible for Editor in 2.06 ms, found 3 plugins.
Preloading 0 native plugins for Editor in 0.00 ms.
Mono: successfully reloaded assembly
- Completed reload, in  0.866 seconds
Domain Reload Profiling:
	ReloadAssembly (867ms)
		BeginReloadAssembly (107ms)
			ExecutionOrderSort (0ms)
			DisableScriptedObjects (3ms)
			BackupInstance (0ms)
			ReleaseScriptingObjects (0ms)
			CreateAndSetChildDomain (37ms)
		EndReloadAssembly (679ms)
			LoadAssemblies (58ms)
			RebuildTransferFunctionScriptingTraits (0ms)
			SetupTypeCache (204ms)
			ReleaseScriptCaches (2ms)
			RebuildScriptCaches (37ms)
			SetupLoadedEditorAssemblies (338ms)
				LogAssemblyErrors (0ms)
				InitializePlatformSupportModulesInManaged (18ms)
				SetLoadedEditorAssemblies (1ms)
				RefreshPlugins (2ms)
				BeforeProcessingInitializeOnLoad (71ms)
				ProcessInitializeOnLoadAttributes (217ms)
				ProcessInitializeOnLoadMethodAttributes (24ms)
				AfterProcessingInitializeOnLoad (5ms)
				EditorAssembliesLoaded (0ms)
			ExecutionOrderSort2 (0ms)
			AwakeInstancesAfterBackupRestoration (5ms)
Platform modules already initialized, skipping
Shader Custom/UnlitShadow uses undefined Queue: 'Opaque'
Shader Custom/UnlitShadow uses undefined Queue: 'Opaque'
Refreshing native plugins compatible for Editor in 1.95 ms, found 3 plugins.
Preloading 0 native plugins for Editor in 0.00 ms.
Unloading 4086 Unused Serialized files (Serialized files now loaded: 0)
Unloading 34 unused Assets / (1.4 MB). Loaded Objects now: 5138.
Memory consumption went from 243.1 MB to 241.7 MB.
Total: 3.418400 ms (FindLiveObjects: 0.378100 ms CreateObjectMapping: 0.108200 ms MarkObjects: 2.577500 ms  DeleteObjects: 0.353600 ms)

AssetImportParameters requested are different than current active one (requested -> active):
  custom:video-decoder-ogg-theora: a1e56fd34408186e4bbccfd4996cb3dc -> 
  custom:container-muxer-webm: aa71ff27fc2769a1b78a27578f13a17b -> 
  custom:container-demuxer-webm: 4f35f7cbe854078d1ac9338744f61a02 -> 
  custom:video-encoder-webm-vp8: eb34c28f22e8b96e1ab97ce403110664 -> 
  custom:audio-encoder-webm-vorbis: bf7c407c2cedff20999df2af8eb42d56 -> 
  custom:framework-win-MediaFoundation: 216162199b28c13a410421893ffa2e32 -> 
  custom:container-demuxer-ogg: 62fdf1f143b41e24485cea50d1cbac27 -> 
  custom:video-decoder-webm-vp8: 9c59270c3fd7afecdb556c50c9e8de78 -> 
  custom:audio-decoder-ogg-vorbis: bf7c407c2cedff20999df2af8eb42d56 -> 
========================================================================
Received Prepare
Registering precompiled user dll's ...
Registered in 0.002790 seconds.
Begin MonoManager ReloadAssembly
Symbol file LoadedFromMemory doesn't match image O:\MSc AI\Dissertation-Project\RPG\Library\PackageCache\com.unity.visualscripting@1.7.8\Editor\VisualScripting.Core\Dependencies\YamlDotNet\Unity.VisualScripting.YamlDotNet.dll
Symbol file LoadedFromMemory doesn't match image O:\MSc AI\Dissertation-Project\RPG\Library\PackageCache\com.unity.visualscripting@1.7.8\Editor\VisualScripting.Core\Dependencies\DotNetZip\Unity.VisualScripting.IonicZip.dll
Native extension for WindowsStandalone target not found
Native extension for OSXStandalone target not found
Refreshing native plugins compatible for Editor in 1.44 ms, found 3 plugins.
Preloading 0 native plugins for Editor in 0.00 ms.
Mono: successfully reloaded assembly
- Completed reload, in  0.874 seconds
Domain Reload Profiling:
	ReloadAssembly (875ms)
		BeginReloadAssembly (111ms)
			ExecutionOrderSort (0ms)
			DisableScriptedObjects (4ms)
			BackupInstance (0ms)
			ReleaseScriptingObjects (0ms)
			CreateAndSetChildDomain (37ms)
		EndReloadAssembly (692ms)
			LoadAssemblies (62ms)
			RebuildTransferFunctionScriptingTraits (0ms)
			SetupTypeCache (216ms)
			ReleaseScriptCaches (2ms)
			RebuildScriptCaches (41ms)
			SetupLoadedEditorAssemblies (307ms)
				LogAssemblyErrors (0ms)
				InitializePlatformSupportModulesInManaged (11ms)
				SetLoadedEditorAssemblies (1ms)
				RefreshPlugins (1ms)
				BeforeProcessingInitializeOnLoad (55ms)
				ProcessInitializeOnLoadAttributes (212ms)
				ProcessInitializeOnLoadMethodAttributes (21ms)
				AfterProcessingInitializeOnLoad (5ms)
				EditorAssembliesLoaded (0ms)
			ExecutionOrderSort2 (0ms)
			AwakeInstancesAfterBackupRestoration (5ms)
Platform modules already initialized, skipping
Shader Custom/UnlitShadow uses undefined Queue: 'Opaque'
Shader Custom/UnlitShadow uses undefined Queue: 'Opaque'
Refreshing native plugins compatible for Editor in 1.96 ms, found 3 plugins.
Preloading 0 native plugins for Editor in 0.00 ms.
Unloading 4086 Unused Serialized files (Serialized files now loaded: 0)
Unloading 34 unused Assets / (1.4 MB). Loaded Objects now: 5153.
Memory consumption went from 243.1 MB to 241.7 MB.
Total: 3.568200 ms (FindLiveObjects: 0.383600 ms CreateObjectMapping: 0.108900 ms MarkObjects: 2.721900 ms  DeleteObjects: 0.352900 ms)

AssetImportParameters requested are different than current active one (requested -> active):
  custom:video-decoder-ogg-theora: a1e56fd34408186e4bbccfd4996cb3dc -> 
  custom:container-muxer-webm: aa71ff27fc2769a1b78a27578f13a17b -> 
  custom:container-demuxer-webm: 4f35f7cbe854078d1ac9338744f61a02 -> 
  custom:video-encoder-webm-vp8: eb34c28f22e8b96e1ab97ce403110664 -> 
  custom:audio-encoder-webm-vorbis: bf7c407c2cedff20999df2af8eb42d56 -> 
  custom:framework-win-MediaFoundation: 216162199b28c13a410421893ffa2e32 -> 
  custom:container-demuxer-ogg: 62fdf1f143b41e24485cea50d1cbac27 -> 
  custom:video-decoder-webm-vp8: 9c59270c3fd7afecdb556c50c9e8de78 -> 
  custom:audio-decoder-ogg-vorbis: bf7c407c2cedff20999df2af8eb42d56 -> 
========================================================================
Received Import Request.
  Time since last request: 587.544254 seconds.
  path: Assets/Prefabs/Magic/Invulnerability.prefab
  artifactKey: Guid(002cdb40bc29bfa418db9b5edaa3c96e) Importer(815301076,1909f56bfc062723c751e8b465ee728b)
Start importing Assets/Prefabs/Magic/Invulnerability.prefab using Guid(002cdb40bc29bfa418db9b5edaa3c96e) Importer(815301076,1909f56bfc062723c751e8b465ee728b)  -> (artifact id: '891994d2d2590badef68c83f396f58be') in 0.059508 seconds 
========================================================================
Received Prepare
Registering precompiled user dll's ...
Registered in 0.003043 seconds.
Begin MonoManager ReloadAssembly
Symbol file LoadedFromMemory doesn't match image O:\MSc AI\Dissertation-Project\RPG\Library\PackageCache\com.unity.visualscripting@1.7.8\Editor\VisualScripting.Core\Dependencies\YamlDotNet\Unity.VisualScripting.YamlDotNet.dll
Symbol file LoadedFromMemory doesn't match image O:\MSc AI\Dissertation-Project\RPG\Library\PackageCache\com.unity.visualscripting@1.7.8\Editor\VisualScripting.Core\Dependencies\DotNetZip\Unity.VisualScripting.IonicZip.dll
Native extension for WindowsStandalone target not found
Native extension for OSXStandalone target not found
Refreshing native plugins compatible for Editor in 1.53 ms, found 3 plugins.
Preloading 0 native plugins for Editor in 0.00 ms.
Mono: successfully reloaded assembly
- Completed reload, in  0.839 seconds
Domain Reload Profiling:
	ReloadAssembly (840ms)
		BeginReloadAssembly (113ms)
			ExecutionOrderSort (0ms)
			DisableScriptedObjects (3ms)
			BackupInstance (0ms)
			ReleaseScriptingObjects (0ms)
			CreateAndSetChildDomain (42ms)
		EndReloadAssembly (655ms)
			LoadAssemblies (59ms)
			RebuildTransferFunctionScriptingTraits (0ms)
			SetupTypeCache (190ms)
			ReleaseScriptCaches (2ms)
			RebuildScriptCaches (34ms)
			SetupLoadedEditorAssemblies (313ms)
				LogAssemblyErrors (0ms)
				InitializePlatformSupportModulesInManaged (17ms)
				SetLoadedEditorAssemblies (0ms)
				RefreshPlugins (2ms)
				BeforeProcessingInitializeOnLoad (54ms)
				ProcessInitializeOnLoadAttributes (212ms)
				ProcessInitializeOnLoadMethodAttributes (23ms)
				AfterProcessingInitializeOnLoad (5ms)
				EditorAssembliesLoaded (0ms)
			ExecutionOrderSort2 (0ms)
			AwakeInstancesAfterBackupRestoration (4ms)
Platform modules already initialized, skipping
Shader Custom/UnlitShadow uses undefined Queue: 'Opaque'
Shader Custom/UnlitShadow uses undefined Queue: 'Opaque'
Refreshing native plugins compatible for Editor in 1.94 ms, found 3 plugins.
Preloading 0 native plugins for Editor in 0.00 ms.
Unloading 4086 Unused Serialized files (Serialized files now loaded: 0)
Unloading 35 unused Assets / (1.4 MB). Loaded Objects now: 5168.
Memory consumption went from 243.2 MB to 241.8 MB.
Total: 3.681800 ms (FindLiveObjects: 0.421200 ms CreateObjectMapping: 0.097400 ms MarkObjects: 2.715900 ms  DeleteObjects: 0.446500 ms)

AssetImportParameters requested are different than current active one (requested -> active):
  custom:video-decoder-ogg-theora: a1e56fd34408186e4bbccfd4996cb3dc -> 
  custom:container-muxer-webm: aa71ff27fc2769a1b78a27578f13a17b -> 
  custom:container-demuxer-webm: 4f35f7cbe854078d1ac9338744f61a02 -> 
  custom:video-encoder-webm-vp8: eb34c28f22e8b96e1ab97ce403110664 -> 
  custom:audio-encoder-webm-vorbis: bf7c407c2cedff20999df2af8eb42d56 -> 
  custom:framework-win-MediaFoundation: 216162199b28c13a410421893ffa2e32 -> 
  custom:container-demuxer-ogg: 62fdf1f143b41e24485cea50d1cbac27 -> 
  custom:video-decoder-webm-vp8: 9c59270c3fd7afecdb556c50c9e8de78 -> 
  custom:audio-decoder-ogg-vorbis: bf7c407c2cedff20999df2af8eb42d56 -> 
========================================================================
Received Import Request.
  Time since last request: 82.561191 seconds.
  path: Assets/Prefabs/Magic/Invulnerability.prefab
  artifactKey: Guid(002cdb40bc29bfa418db9b5edaa3c96e) Importer(815301076,1909f56bfc062723c751e8b465ee728b)
Start importing Assets/Prefabs/Magic/Invulnerability.prefab using Guid(002cdb40bc29bfa418db9b5edaa3c96e) Importer(815301076,1909f56bfc062723c751e8b465ee728b)  -> (artifact id: 'a05e530a897c85b9e4877f32657ee110') in 0.054004 seconds 
========================================================================
Received Prepare
Registering precompiled user dll's ...
Registered in 0.002730 seconds.
Begin MonoManager ReloadAssembly
Symbol file LoadedFromMemory doesn't match image O:\MSc AI\Dissertation-Project\RPG\Library\PackageCache\com.unity.visualscripting@1.7.8\Editor\VisualScripting.Core\Dependencies\YamlDotNet\Unity.VisualScripting.YamlDotNet.dll
Symbol file LoadedFromMemory doesn't match image O:\MSc AI\Dissertation-Project\RPG\Library\PackageCache\com.unity.visualscripting@1.7.8\Editor\VisualScripting.Core\Dependencies\DotNetZip\Unity.VisualScripting.IonicZip.dll
Native extension for WindowsStandalone target not found
Native extension for OSXStandalone target not found
Refreshing native plugins compatible for Editor in 1.92 ms, found 3 plugins.
Preloading 0 native plugins for Editor in 0.00 ms.
Mono: successfully reloaded assembly
- Completed reload, in  0.866 seconds
Domain Reload Profiling:
	ReloadAssembly (867ms)
		BeginReloadAssembly (110ms)
			ExecutionOrderSort (0ms)
			DisableScriptedObjects (3ms)
			BackupInstance (0ms)
			ReleaseScriptingObjects (0ms)
			CreateAndSetChildDomain (38ms)
		EndReloadAssembly (683ms)
			LoadAssemblies (59ms)
			RebuildTransferFunctionScriptingTraits (0ms)
			SetupTypeCache (198ms)
			ReleaseScriptCaches (2ms)
			RebuildScriptCaches (39ms)
			SetupLoadedEditorAssemblies (339ms)
				LogAssemblyErrors (0ms)
				InitializePlatformSupportModulesInManaged (20ms)
				SetLoadedEditorAssemblies (1ms)
				RefreshPlugins (2ms)
				BeforeProcessingInitializeOnLoad (67ms)
				ProcessInitializeOnLoadAttributes (220ms)
				ProcessInitializeOnLoadMethodAttributes (23ms)
				AfterProcessingInitializeOnLoad (6ms)
				EditorAssembliesLoaded (0ms)
			ExecutionOrderSort2 (0ms)
			AwakeInstancesAfterBackupRestoration (5ms)
Platform modules already initialized, skipping
Shader Custom/UnlitShadow uses undefined Queue: 'Opaque'
Shader Custom/UnlitShadow uses undefined Queue: 'Opaque'
Refreshing native plugins compatible for Editor in 2.04 ms, found 3 plugins.
Preloading 0 native plugins for Editor in 0.00 ms.
Unloading 4086 Unused Serialized files (Serialized files now loaded: 0)
Unloading 35 unused Assets / (1.4 MB). Loaded Objects now: 5183.
Memory consumption went from 243.2 MB to 241.8 MB.
Total: 3.348100 ms (FindLiveObjects: 0.340800 ms CreateObjectMapping: 0.246200 ms MarkObjects: 2.422600 ms  DeleteObjects: 0.337800 ms)

AssetImportParameters requested are different than current active one (requested -> active):
  custom:video-decoder-ogg-theora: a1e56fd34408186e4bbccfd4996cb3dc -> 
  custom:container-muxer-webm: aa71ff27fc2769a1b78a27578f13a17b -> 
  custom:container-demuxer-webm: 4f35f7cbe854078d1ac9338744f61a02 -> 
  custom:video-encoder-webm-vp8: eb34c28f22e8b96e1ab97ce403110664 -> 
  custom:audio-encoder-webm-vorbis: bf7c407c2cedff20999df2af8eb42d56 -> 
  custom:framework-win-MediaFoundation: 216162199b28c13a410421893ffa2e32 -> 
  custom:container-demuxer-ogg: 62fdf1f143b41e24485cea50d1cbac27 -> 
  custom:video-decoder-webm-vp8: 9c59270c3fd7afecdb556c50c9e8de78 -> 
  custom:audio-decoder-ogg-vorbis: bf7c407c2cedff20999df2af8eb42d56 -> 
========================================================================
Received Prepare
Registering precompiled user dll's ...
Registered in 0.003624 seconds.
Begin MonoManager ReloadAssembly
Symbol file LoadedFromMemory doesn't match image O:\MSc AI\Dissertation-Project\RPG\Library\PackageCache\com.unity.visualscripting@1.7.8\Editor\VisualScripting.Core\Dependencies\YamlDotNet\Unity.VisualScripting.YamlDotNet.dll
Symbol file LoadedFromMemory doesn't match image O:\MSc AI\Dissertation-Project\RPG\Library\PackageCache\com.unity.visualscripting@1.7.8\Editor\VisualScripting.Core\Dependencies\DotNetZip\Unity.VisualScripting.IonicZip.dll
Native extension for WindowsStandalone target not found
Native extension for OSXStandalone target not found
Refreshing native plugins compatible for Editor in 2.47 ms, found 3 plugins.
Preloading 0 native plugins for Editor in 0.00 ms.
Mono: successfully reloaded assembly
- Completed reload, in  0.842 seconds
Domain Reload Profiling:
	ReloadAssembly (843ms)
		BeginReloadAssembly (106ms)
			ExecutionOrderSort (0ms)
			DisableScriptedObjects (3ms)
			BackupInstance (0ms)
			ReleaseScriptingObjects (0ms)
			CreateAndSetChildDomain (33ms)
		EndReloadAssembly (662ms)
			LoadAssemblies (56ms)
			RebuildTransferFunctionScriptingTraits (0ms)
			SetupTypeCache (193ms)
			ReleaseScriptCaches (1ms)
			RebuildScriptCaches (33ms)
			SetupLoadedEditorAssemblies (338ms)
				LogAssemblyErrors (0ms)
				InitializePlatformSupportModulesInManaged (19ms)
				SetLoadedEditorAssemblies (1ms)
				RefreshPlugins (3ms)
				BeforeProcessingInitializeOnLoad (69ms)
				ProcessInitializeOnLoadAttributes (220ms)
				ProcessInitializeOnLoadMethodAttributes (21ms)
				AfterProcessingInitializeOnLoad (5ms)
				EditorAssembliesLoaded (0ms)
			ExecutionOrderSort2 (0ms)
			AwakeInstancesAfterBackupRestoration (4ms)
Platform modules already initialized, skipping
Shader Custom/UnlitShadow uses undefined Queue: 'Opaque'
Shader Custom/UnlitShadow uses undefined Queue: 'Opaque'
Refreshing native plugins compatible for Editor in 1.91 ms, found 3 plugins.
Preloading 0 native plugins for Editor in 0.00 ms.
Unloading 4086 Unused Serialized files (Serialized files now loaded: 0)
Unloading 34 unused Assets / (1.4 MB). Loaded Objects now: 5198.
Memory consumption went from 243.2 MB to 241.8 MB.
Total: 3.532100 ms (FindLiveObjects: 0.304300 ms CreateObjectMapping: 0.097900 ms MarkObjects: 2.783700 ms  DeleteObjects: 0.345400 ms)

AssetImportParameters requested are different than current active one (requested -> active):
  custom:video-decoder-ogg-theora: a1e56fd34408186e4bbccfd4996cb3dc -> 
  custom:container-muxer-webm: aa71ff27fc2769a1b78a27578f13a17b -> 
  custom:container-demuxer-webm: 4f35f7cbe854078d1ac9338744f61a02 -> 
  custom:video-encoder-webm-vp8: eb34c28f22e8b96e1ab97ce403110664 -> 
  custom:audio-encoder-webm-vorbis: bf7c407c2cedff20999df2af8eb42d56 -> 
  custom:framework-win-MediaFoundation: 216162199b28c13a410421893ffa2e32 -> 
  custom:container-demuxer-ogg: 62fdf1f143b41e24485cea50d1cbac27 -> 
  custom:video-decoder-webm-vp8: 9c59270c3fd7afecdb556c50c9e8de78 -> 
  custom:audio-decoder-ogg-vorbis: bf7c407c2cedff20999df2af8eb42d56 -> 
========================================================================
Received Import Request.
  Time since last request: 92.509839 seconds.
  path: Assets/Prefabs/Magic/Heal.prefab
  artifactKey: Guid(fea7e17eb9ebed24f8e6de3713cdd2ea) Importer(815301076,1909f56bfc062723c751e8b465ee728b)
Start importing Assets/Prefabs/Magic/Heal.prefab using Guid(fea7e17eb9ebed24f8e6de3713cdd2ea) Importer(815301076,1909f56bfc062723c751e8b465ee728b)  -> (artifact id: '6ad6ecf48417d2f340b30cb7d9da26b8') in 0.063302 seconds 
========================================================================
Received Import Request.
  Time since last request: 133.904347 seconds.
  path: Assets/Prefabs/Magic/Invisibility.prefab
  artifactKey: Guid(c9d01d0e78abf4046b0178d19a62b455) Importer(815301076,1909f56bfc062723c751e8b465ee728b)
Start importing Assets/Prefabs/Magic/Invisibility.prefab using Guid(c9d01d0e78abf4046b0178d19a62b455) Importer(815301076,1909f56bfc062723c751e8b465ee728b)  -> (artifact id: 'e02cff5611affb150577075139727d98') in 0.012641 seconds 
========================================================================
Received Prepare
Registering precompiled user dll's ...
Registered in 0.003413 seconds.
Begin MonoManager ReloadAssembly
Symbol file LoadedFromMemory doesn't match image O:\MSc AI\Dissertation-Project\RPG\Library\PackageCache\com.unity.visualscripting@1.7.8\Editor\VisualScripting.Core\Dependencies\YamlDotNet\Unity.VisualScripting.YamlDotNet.dll
Symbol file LoadedFromMemory doesn't match image O:\MSc AI\Dissertation-Project\RPG\Library\PackageCache\com.unity.visualscripting@1.7.8\Editor\VisualScripting.Core\Dependencies\DotNetZip\Unity.VisualScripting.IonicZip.dll
Native extension for WindowsStandalone target not found
Native extension for OSXStandalone target not found
Refreshing native plugins compatible for Editor in 2.25 ms, found 3 plugins.
Preloading 0 native plugins for Editor in 0.00 ms.
Mono: successfully reloaded assembly
- Completed reload, in  0.830 seconds
Domain Reload Profiling:
	ReloadAssembly (830ms)
		BeginReloadAssembly (106ms)
			ExecutionOrderSort (0ms)
			DisableScriptedObjects (3ms)
			BackupInstance (0ms)
			ReleaseScriptingObjects (0ms)
			CreateAndSetChildDomain (34ms)
		EndReloadAssembly (653ms)
			LoadAssemblies (59ms)
			RebuildTransferFunctionScriptingTraits (0ms)
			SetupTypeCache (186ms)
			ReleaseScriptCaches (2ms)
			RebuildScriptCaches (33ms)
			SetupLoadedEditorAssemblies (326ms)
				LogAssemblyErrors (0ms)
				InitializePlatformSupportModulesInManaged (20ms)
				SetLoadedEditorAssemblies (1ms)
				RefreshPlugins (2ms)
				BeforeProcessingInitializeOnLoad (70ms)
				ProcessInitializeOnLoadAttributes (209ms)
				ProcessInitializeOnLoadMethodAttributes (20ms)
				AfterProcessingInitializeOnLoad (5ms)
				EditorAssembliesLoaded (0ms)
			ExecutionOrderSort2 (0ms)
			AwakeInstancesAfterBackupRestoration (4ms)
Platform modules already initialized, skipping
Shader Custom/UnlitShadow uses undefined Queue: 'Opaque'
Shader Custom/UnlitShadow uses undefined Queue: 'Opaque'
Refreshing native plugins compatible for Editor in 2.09 ms, found 3 plugins.
Preloading 0 native plugins for Editor in 0.00 ms.
Unloading 4086 Unused Serialized files (Serialized files now loaded: 0)
Unloading 35 unused Assets / (1.4 MB). Loaded Objects now: 5213.
Memory consumption went from 243.2 MB to 241.8 MB.
Total: 3.304600 ms (FindLiveObjects: 0.352600 ms CreateObjectMapping: 0.098500 ms MarkObjects: 2.497300 ms  DeleteObjects: 0.355400 ms)

AssetImportParameters requested are different than current active one (requested -> active):
  custom:video-decoder-ogg-theora: a1e56fd34408186e4bbccfd4996cb3dc -> 
  custom:container-muxer-webm: aa71ff27fc2769a1b78a27578f13a17b -> 
  custom:container-demuxer-webm: 4f35f7cbe854078d1ac9338744f61a02 -> 
  custom:video-encoder-webm-vp8: eb34c28f22e8b96e1ab97ce403110664 -> 
  custom:audio-encoder-webm-vorbis: bf7c407c2cedff20999df2af8eb42d56 -> 
  custom:framework-win-MediaFoundation: 216162199b28c13a410421893ffa2e32 -> 
  custom:container-demuxer-ogg: 62fdf1f143b41e24485cea50d1cbac27 -> 
  custom:video-decoder-webm-vp8: 9c59270c3fd7afecdb556c50c9e8de78 -> 
  custom:audio-decoder-ogg-vorbis: bf7c407c2cedff20999df2af8eb42d56 -> 
========================================================================
Received Import Request.
  Time since last request: 60.497424 seconds.
  path: Assets/Prefabs/Magic/Invisibility.prefab
  artifactKey: Guid(c9d01d0e78abf4046b0178d19a62b455) Importer(815301076,1909f56bfc062723c751e8b465ee728b)
Start importing Assets/Prefabs/Magic/Invisibility.prefab using Guid(c9d01d0e78abf4046b0178d19a62b455) Importer(815301076,1909f56bfc062723c751e8b465ee728b)  -> (artifact id: '7999551953da9d4d7689d0c74ba0eabe') in 0.057598 seconds 
========================================================================
Received Prepare
Registering precompiled user dll's ...
Registered in 0.002624 seconds.
Begin MonoManager ReloadAssembly
Symbol file LoadedFromMemory doesn't match image O:\MSc AI\Dissertation-Project\RPG\Library\PackageCache\com.unity.visualscripting@1.7.8\Editor\VisualScripting.Core\Dependencies\YamlDotNet\Unity.VisualScripting.YamlDotNet.dll
Symbol file LoadedFromMemory doesn't match image O:\MSc AI\Dissertation-Project\RPG\Library\PackageCache\com.unity.visualscripting@1.7.8\Editor\VisualScripting.Core\Dependencies\DotNetZip\Unity.VisualScripting.IonicZip.dll
Native extension for WindowsStandalone target not found
Native extension for OSXStandalone target not found
Refreshing native plugins compatible for Editor in 1.41 ms, found 3 plugins.
Preloading 0 native plugins for Editor in 0.00 ms.
Mono: successfully reloaded assembly
- Completed reload, in  0.888 seconds
Domain Reload Profiling:
	ReloadAssembly (889ms)
		BeginReloadAssembly (121ms)
			ExecutionOrderSort (0ms)
			DisableScriptedObjects (3ms)
			BackupInstance (0ms)
			ReleaseScriptingObjects (0ms)
			CreateAndSetChildDomain (44ms)
		EndReloadAssembly (683ms)
			LoadAssemblies (63ms)
			RebuildTransferFunctionScriptingTraits (0ms)
			SetupTypeCache (229ms)
			ReleaseScriptCaches (2ms)
			RebuildScriptCaches (40ms)
			SetupLoadedEditorAssemblies (316ms)
				LogAssemblyErrors (0ms)
				InitializePlatformSupportModulesInManaged (13ms)
				SetLoadedEditorAssemblies (0ms)
				RefreshPlugins (1ms)
				BeforeProcessingInitializeOnLoad (55ms)
				ProcessInitializeOnLoadAttributes (220ms)
				ProcessInitializeOnLoadMethodAttributes (22ms)
				AfterProcessingInitializeOnLoad (5ms)
				EditorAssembliesLoaded (0ms)
			ExecutionOrderSort2 (0ms)
			AwakeInstancesAfterBackupRestoration (4ms)
Platform modules already initialized, skipping
Shader Custom/UnlitShadow uses undefined Queue: 'Opaque'
Shader Custom/UnlitShadow uses undefined Queue: 'Opaque'
Refreshing native plugins compatible for Editor in 1.83 ms, found 3 plugins.
Preloading 0 native plugins for Editor in 0.00 ms.
Unloading 4086 Unused Serialized files (Serialized files now loaded: 0)
Unloading 35 unused Assets / (1.4 MB). Loaded Objects now: 5228.
Memory consumption went from 243.2 MB to 241.8 MB.
Total: 4.722800 ms (FindLiveObjects: 0.545300 ms CreateObjectMapping: 0.273000 ms MarkObjects: 3.425900 ms  DeleteObjects: 0.477300 ms)

AssetImportParameters requested are different than current active one (requested -> active):
  custom:video-decoder-ogg-theora: a1e56fd34408186e4bbccfd4996cb3dc -> 
  custom:container-muxer-webm: aa71ff27fc2769a1b78a27578f13a17b -> 
  custom:container-demuxer-webm: 4f35f7cbe854078d1ac9338744f61a02 -> 
  custom:video-encoder-webm-vp8: eb34c28f22e8b96e1ab97ce403110664 -> 
  custom:audio-encoder-webm-vorbis: bf7c407c2cedff20999df2af8eb42d56 -> 
  custom:framework-win-MediaFoundation: 216162199b28c13a410421893ffa2e32 -> 
  custom:container-demuxer-ogg: 62fdf1f143b41e24485cea50d1cbac27 -> 
  custom:video-decoder-webm-vp8: 9c59270c3fd7afecdb556c50c9e8de78 -> 
  custom:audio-decoder-ogg-vorbis: bf7c407c2cedff20999df2af8eb42d56 -> 
========================================================================
Received Prepare
Registering precompiled user dll's ...
Registered in 0.002700 seconds.
Begin MonoManager ReloadAssembly
Symbol file LoadedFromMemory doesn't match image O:\MSc AI\Dissertation-Project\RPG\Library\PackageCache\com.unity.visualscripting@1.7.8\Editor\VisualScripting.Core\Dependencies\YamlDotNet\Unity.VisualScripting.YamlDotNet.dll
Symbol file LoadedFromMemory doesn't match image O:\MSc AI\Dissertation-Project\RPG\Library\PackageCache\com.unity.visualscripting@1.7.8\Editor\VisualScripting.Core\Dependencies\DotNetZip\Unity.VisualScripting.IonicZip.dll
Native extension for WindowsStandalone target not found
Native extension for OSXStandalone target not found
Refreshing native plugins compatible for Editor in 1.18 ms, found 3 plugins.
Preloading 0 native plugins for Editor in 0.00 ms.
Mono: successfully reloaded assembly
- Completed reload, in  0.805 seconds
Domain Reload Profiling:
	ReloadAssembly (806ms)
		BeginReloadAssembly (108ms)
			ExecutionOrderSort (0ms)
			DisableScriptedObjects (4ms)
			BackupInstance (0ms)
			ReleaseScriptingObjects (0ms)
			CreateAndSetChildDomain (35ms)
		EndReloadAssembly (626ms)
			LoadAssemblies (59ms)
			RebuildTransferFunctionScriptingTraits (0ms)
			SetupTypeCache (202ms)
			ReleaseScriptCaches (2ms)
			RebuildScriptCaches (36ms)
			SetupLoadedEditorAssemblies (292ms)
				LogAssemblyErrors (0ms)
				InitializePlatformSupportModulesInManaged (11ms)
				SetLoadedEditorAssemblies (0ms)
				RefreshPlugins (1ms)
				BeforeProcessingInitializeOnLoad (52ms)
				ProcessInitializeOnLoadAttributes (201ms)
				ProcessInitializeOnLoadMethodAttributes (21ms)
				AfterProcessingInitializeOnLoad (6ms)
				EditorAssembliesLoaded (0ms)
			ExecutionOrderSort2 (0ms)
			AwakeInstancesAfterBackupRestoration (5ms)
Platform modules already initialized, skipping
Shader Custom/UnlitShadow uses undefined Queue: 'Opaque'
Shader Custom/UnlitShadow uses undefined Queue: 'Opaque'
Refreshing native plugins compatible for Editor in 2.10 ms, found 3 plugins.
Preloading 0 native plugins for Editor in 0.00 ms.
Unloading 4086 Unused Serialized files (Serialized files now loaded: 0)
Unloading 34 unused Assets / (1.4 MB). Loaded Objects now: 5243.
Memory consumption went from 243.2 MB to 241.8 MB.
Total: 4.065100 ms (FindLiveObjects: 0.333000 ms CreateObjectMapping: 0.206000 ms MarkObjects: 3.151300 ms  DeleteObjects: 0.373800 ms)

AssetImportParameters requested are different than current active one (requested -> active):
  custom:video-decoder-ogg-theora: a1e56fd34408186e4bbccfd4996cb3dc -> 
  custom:container-muxer-webm: aa71ff27fc2769a1b78a27578f13a17b -> 
  custom:container-demuxer-webm: 4f35f7cbe854078d1ac9338744f61a02 -> 
  custom:video-encoder-webm-vp8: eb34c28f22e8b96e1ab97ce403110664 -> 
  custom:audio-encoder-webm-vorbis: bf7c407c2cedff20999df2af8eb42d56 -> 
  custom:framework-win-MediaFoundation: 216162199b28c13a410421893ffa2e32 -> 
  custom:container-demuxer-ogg: 62fdf1f143b41e24485cea50d1cbac27 -> 
  custom:video-decoder-webm-vp8: 9c59270c3fd7afecdb556c50c9e8de78 -> 
  custom:audio-decoder-ogg-vorbis: bf7c407c2cedff20999df2af8eb42d56 -> 
========================================================================
Received Import Request.
  Time since last request: 84.052901 seconds.
  path: Assets/Prefabs/Magic/Blast.prefab
  artifactKey: Guid(dca0e299563b44e4b89d33b32208fa60) Importer(815301076,1909f56bfc062723c751e8b465ee728b)
Start importing Assets/Prefabs/Magic/Blast.prefab using Guid(dca0e299563b44e4b89d33b32208fa60) Importer(815301076,1909f56bfc062723c751e8b465ee728b)  -> (artifact id: '096049b0da25ceaafbc7d4fe184fc9bd') in 0.233027 seconds 
========================================================================
Received Import Request.
  Time since last request: 0.000034 seconds.
  path: Assets/Prefabs/Magic/FireStar.prefab
  artifactKey: Guid(f44dfdf888b8cf743b3cd9d190f47343) Importer(815301076,1909f56bfc062723c751e8b465ee728b)
Start importing Assets/Prefabs/Magic/FireStar.prefab using Guid(f44dfdf888b8cf743b3cd9d190f47343) Importer(815301076,1909f56bfc062723c751e8b465ee728b)  -> (artifact id: '1b60c15ce0d75549307d380d25e34b52') in 0.020740 seconds 
========================================================================
Received Import Request.
  Time since last request: 0.000169 seconds.
  path: Assets/Prefabs/Magic/ShockWave.prefab
  artifactKey: Guid(73f45dc7014a3de47bd3c4216e7aaa99) Importer(815301076,1909f56bfc062723c751e8b465ee728b)
Start importing Assets/Prefabs/Magic/ShockWave.prefab using Guid(73f45dc7014a3de47bd3c4216e7aaa99) Importer(815301076,1909f56bfc062723c751e8b465ee728b)  -> (artifact id: '102a80a82d5aa570e24155ad29709778') in 0.122820 seconds 
========================================================================
Received Import Request.
  Time since last request: 0.000029 seconds.
  path: Assets/Prefabs/Magic/Strength.prefab
  artifactKey: Guid(03c21d3ac244f1240858c4fc3d34b4af) Importer(815301076,1909f56bfc062723c751e8b465ee728b)
Start importing Assets/Prefabs/Magic/Strength.prefab using Guid(03c21d3ac244f1240858c4fc3d34b4af) Importer(815301076,1909f56bfc062723c751e8b465ee728b)  -> (artifact id: 'cc47d00298ec1ee33fd2c76ed1d0e867') in 0.011807 seconds 
========================================================================
Received Import Request.
  Time since last request: 0.000041 seconds.
  path: Assets/Prefabs/Magic/FireTwist.prefab
  artifactKey: Guid(3b90d25db2246804098822112fe49a64) Importer(815301076,1909f56bfc062723c751e8b465ee728b)
Start importing Assets/Prefabs/Magic/FireTwist.prefab using Guid(3b90d25db2246804098822112fe49a64) Importer(815301076,1909f56bfc062723c751e8b465ee728b)  -> (artifact id: '5f559e6a8d28be6cd35e8b39b46887ac') in 0.030983 seconds 
========================================================================
Received Import Request.
  Time since last request: 0.000026 seconds.
  path: Assets/Prefabs/Magic/Heal.prefab
  artifactKey: Guid(fea7e17eb9ebed24f8e6de3713cdd2ea) Importer(815301076,1909f56bfc062723c751e8b465ee728b)
Start importing Assets/Prefabs/Magic/Heal.prefab using Guid(fea7e17eb9ebed24f8e6de3713cdd2ea) Importer(815301076,1909f56bfc062723c751e8b465ee728b)  -> (artifact id: '82dd6e7aa63c9843f139db44fbbd0e9e') in 0.014157 seconds 
========================================================================
Received Import Request.
  Time since last request: 0.000040 seconds.
  path: Assets/Prefabs/Magic/Swirl.prefab
  artifactKey: Guid(a3664e6634d00d04792d493cbdca0c00) Importer(815301076,1909f56bfc062723c751e8b465ee728b)
Start importing Assets/Prefabs/Magic/Swirl.prefab using Guid(a3664e6634d00d04792d493cbdca0c00) Importer(815301076,1909f56bfc062723c751e8b465ee728b)  -> (artifact id: 'd42777132185f3ddbd669573fa14b6ea') in 0.030740 seconds 
========================================================================
Received Import Request.
  Time since last request: 0.000036 seconds.
  path: Assets/Prefabs/Magic/Tornado.prefab
  artifactKey: Guid(bc6704c7aafdd034cad6313b6e57a213) Importer(815301076,1909f56bfc062723c751e8b465ee728b)
Start importing Assets/Prefabs/Magic/Tornado.prefab using Guid(bc6704c7aafdd034cad6313b6e57a213) Importer(815301076,1909f56bfc062723c751e8b465ee728b)  -> (artifact id: '7c1d7840631140878c3fcfc351ae1db6') in 0.029392 seconds 
========================================================================
Received Import Request.
  Time since last request: 1.409711 seconds.
  path: Assets/Prefabs/Magic/Blast.prefab
  artifactKey: Guid(dca0e299563b44e4b89d33b32208fa60) Importer(815301076,1909f56bfc062723c751e8b465ee728b)
Start importing Assets/Prefabs/Magic/Blast.prefab using Guid(dca0e299563b44e4b89d33b32208fa60) Importer(815301076,1909f56bfc062723c751e8b465ee728b)  -> (artifact id: '226a12bb355dbb48bdc0e3d00d1d5c9e') in 0.137254 seconds 
========================================================================
Received Import Request.
  Time since last request: 0.000140 seconds.
  path: Assets/Prefabs/Magic/FireStar.prefab
  artifactKey: Guid(f44dfdf888b8cf743b3cd9d190f47343) Importer(815301076,1909f56bfc062723c751e8b465ee728b)
Start importing Assets/Prefabs/Magic/FireStar.prefab using Guid(f44dfdf888b8cf743b3cd9d190f47343) Importer(815301076,1909f56bfc062723c751e8b465ee728b)  -> (artifact id: 'fea4dbcd339d42783e345add419e675c') in 0.031316 seconds 
========================================================================
Received Import Request.
  Time since last request: 0.000040 seconds.
  path: Assets/Prefabs/Magic/Strength.prefab
  artifactKey: Guid(03c21d3ac244f1240858c4fc3d34b4af) Importer(815301076,1909f56bfc062723c751e8b465ee728b)
Start importing Assets/Prefabs/Magic/Strength.prefab using Guid(03c21d3ac244f1240858c4fc3d34b4af) Importer(815301076,1909f56bfc062723c751e8b465ee728b)  -> (artifact id: '97276d78ea1660e95466dd80ff0c4405') in 0.011241 seconds 
========================================================================
Received Import Request.
  Time since last request: 0.000044 seconds.
  path: Assets/Prefabs/Magic/FireTwist.prefab
  artifactKey: Guid(3b90d25db2246804098822112fe49a64) Importer(815301076,1909f56bfc062723c751e8b465ee728b)
Start importing Assets/Prefabs/Magic/FireTwist.prefab using Guid(3b90d25db2246804098822112fe49a64) Importer(815301076,1909f56bfc062723c751e8b465ee728b)  -> (artifact id: 'dbffd5e5faaf0fab80a202c6639b5286') in 0.013487 seconds 
========================================================================
Received Import Request.
  Time since last request: 0.000059 seconds.
  path: Assets/Prefabs/Magic/Heal.prefab
  artifactKey: Guid(fea7e17eb9ebed24f8e6de3713cdd2ea) Importer(815301076,1909f56bfc062723c751e8b465ee728b)
Start importing Assets/Prefabs/Magic/Heal.prefab using Guid(fea7e17eb9ebed24f8e6de3713cdd2ea) Importer(815301076,1909f56bfc062723c751e8b465ee728b)  -> (artifact id: '41cb117699a09bf2c15193b79fe11d48') in 0.018966 seconds 
========================================================================
Received Import Request.
  Time since last request: 0.000035 seconds.
  path: Assets/Prefabs/Magic/Invulnerability.prefab
  artifactKey: Guid(002cdb40bc29bfa418db9b5edaa3c96e) Importer(815301076,1909f56bfc062723c751e8b465ee728b)
Start importing Assets/Prefabs/Magic/Invulnerability.prefab using Guid(002cdb40bc29bfa418db9b5edaa3c96e) Importer(815301076,1909f56bfc062723c751e8b465ee728b)  -> (artifact id: 'ed0713203ae15d0faeb88509522c2f1a') in 0.010489 seconds 
========================================================================
Received Import Request.
  Time since last request: 0.000023 seconds.
  path: Assets/Prefabs/Magic/Invisibility.prefab
  artifactKey: Guid(c9d01d0e78abf4046b0178d19a62b455) Importer(815301076,1909f56bfc062723c751e8b465ee728b)
Start importing Assets/Prefabs/Magic/Invisibility.prefab using Guid(c9d01d0e78abf4046b0178d19a62b455) Importer(815301076,1909f56bfc062723c751e8b465ee728b)  -> (artifact id: '887ff7fa4d996ee3de98394b2acaff42') in 0.013421 seconds 
========================================================================
Received Import Request.
  Time since last request: 0.000040 seconds.
  path: Assets/Prefabs/Magic/Tornado.prefab
  artifactKey: Guid(bc6704c7aafdd034cad6313b6e57a213) Importer(815301076,1909f56bfc062723c751e8b465ee728b)
Start importing Assets/Prefabs/Magic/Tornado.prefab using Guid(bc6704c7aafdd034cad6313b6e57a213) Importer(815301076,1909f56bfc062723c751e8b465ee728b)  -> (artifact id: '772956dbece9242d483b61a879bbded9') in 0.031437 seconds 
========================================================================
Received Prepare
Registering precompiled user dll's ...
Registered in 0.002769 seconds.
Begin MonoManager ReloadAssembly
Symbol file LoadedFromMemory doesn't match image O:\MSc AI\Dissertation-Project\RPG\Library\PackageCache\com.unity.visualscripting@1.7.8\Editor\VisualScripting.Core\Dependencies\YamlDotNet\Unity.VisualScripting.YamlDotNet.dll
Symbol file LoadedFromMemory doesn't match image O:\MSc AI\Dissertation-Project\RPG\Library\PackageCache\com.unity.visualscripting@1.7.8\Editor\VisualScripting.Core\Dependencies\DotNetZip\Unity.VisualScripting.IonicZip.dll
Native extension for WindowsStandalone target not found
Native extension for OSXStandalone target not found
Refreshing native plugins compatible for Editor in 1.67 ms, found 3 plugins.
Preloading 0 native plugins for Editor in 0.00 ms.
Mono: successfully reloaded assembly
- Completed reload, in  0.870 seconds
Domain Reload Profiling:
	ReloadAssembly (871ms)
		BeginReloadAssembly (130ms)
			ExecutionOrderSort (0ms)
			DisableScriptedObjects (4ms)
			BackupInstance (0ms)
			ReleaseScriptingObjects (0ms)
			CreateAndSetChildDomain (45ms)
		EndReloadAssembly (653ms)
			LoadAssemblies (63ms)
			RebuildTransferFunctionScriptingTraits (0ms)
			SetupTypeCache (216ms)
			ReleaseScriptCaches (2ms)
			RebuildScriptCaches (39ms)
			SetupLoadedEditorAssemblies (308ms)
				LogAssemblyErrors (0ms)
				InitializePlatformSupportModulesInManaged (11ms)
				SetLoadedEditorAssemblies (0ms)
				RefreshPlugins (2ms)
				BeforeProcessingInitializeOnLoad (62ms)
				ProcessInitializeOnLoadAttributes (207ms)
				ProcessInitializeOnLoadMethodAttributes (21ms)
				AfterProcessingInitializeOnLoad (5ms)
				EditorAssembliesLoaded (0ms)
			ExecutionOrderSort2 (0ms)
			AwakeInstancesAfterBackupRestoration (4ms)
Platform modules already initialized, skipping
Shader Custom/UnlitShadow uses undefined Queue: 'Opaque'
Shader Custom/UnlitShadow uses undefined Queue: 'Opaque'
Refreshing native plugins compatible for Editor in 2.81 ms, found 3 plugins.
Preloading 0 native plugins for Editor in 0.00 ms.
Unloading 4086 Unused Serialized files (Serialized files now loaded: 0)
Unloading 35 unused Assets / (1.4 MB). Loaded Objects now: 5258.
Memory consumption went from 243.3 MB to 241.9 MB.
Total: 3.361000 ms (FindLiveObjects: 0.349200 ms CreateObjectMapping: 0.102000 ms MarkObjects: 2.548800 ms  DeleteObjects: 0.359400 ms)

AssetImportParameters requested are different than current active one (requested -> active):
  custom:video-decoder-ogg-theora: a1e56fd34408186e4bbccfd4996cb3dc -> 
  custom:container-muxer-webm: aa71ff27fc2769a1b78a27578f13a17b -> 
  custom:container-demuxer-webm: 4f35f7cbe854078d1ac9338744f61a02 -> 
  custom:video-encoder-webm-vp8: eb34c28f22e8b96e1ab97ce403110664 -> 
  custom:audio-encoder-webm-vorbis: bf7c407c2cedff20999df2af8eb42d56 -> 
  custom:framework-win-MediaFoundation: 216162199b28c13a410421893ffa2e32 -> 
  custom:container-demuxer-ogg: 62fdf1f143b41e24485cea50d1cbac27 -> 
  custom:video-decoder-webm-vp8: 9c59270c3fd7afecdb556c50c9e8de78 -> 
  custom:audio-decoder-ogg-vorbis: bf7c407c2cedff20999df2af8eb42d56 -> 
========================================================================
Received Import Request.
  Time since last request: 5.200459 seconds.
  path: Assets/Prefabs/Magic/Nova.prefab
  artifactKey: Guid(9c19ae2b495b8d54f842385df8507d0c) Importer(815301076,1909f56bfc062723c751e8b465ee728b)
Start importing Assets/Prefabs/Magic/Nova.prefab using Guid(9c19ae2b495b8d54f842385df8507d0c) Importer(815301076,1909f56bfc062723c751e8b465ee728b)  -> (artifact id: 'ebbb882bc0e1db2d6eadddf19f60b4c2') in 0.189072 seconds 
========================================================================
Received Import Request.
  Time since last request: 0.000027 seconds.
  path: Assets/Prefabs/Magic/FireTwist.prefab
  artifactKey: Guid(3b90d25db2246804098822112fe49a64) Importer(815301076,1909f56bfc062723c751e8b465ee728b)
Start importing Assets/Prefabs/Magic/FireTwist.prefab using Guid(3b90d25db2246804098822112fe49a64) Importer(815301076,1909f56bfc062723c751e8b465ee728b)  -> (artifact id: 'a746f240848549eb4dc81abd79f879d1') in 0.015172 seconds 
========================================================================
Received Import Request.
  Time since last request: 0.000043 seconds.
  path: Assets/Prefabs/Magic/Invulnerability.prefab
  artifactKey: Guid(002cdb40bc29bfa418db9b5edaa3c96e) Importer(815301076,1909f56bfc062723c751e8b465ee728b)
Start importing Assets/Prefabs/Magic/Invulnerability.prefab using Guid(002cdb40bc29bfa418db9b5edaa3c96e) Importer(815301076,1909f56bfc062723c751e8b465ee728b)  -> (artifact id: '1b3c47a2fafc0ab915a89b700a073a8c') in 0.008873 seconds 
========================================================================
Received Import Request.
  Time since last request: 0.000043 seconds.
  path: Assets/Prefabs/Magic/Invisibility.prefab
  artifactKey: Guid(c9d01d0e78abf4046b0178d19a62b455) Importer(815301076,1909f56bfc062723c751e8b465ee728b)
Start importing Assets/Prefabs/Magic/Invisibility.prefab using Guid(c9d01d0e78abf4046b0178d19a62b455) Importer(815301076,1909f56bfc062723c751e8b465ee728b)  -> (artifact id: '801c416c496fd39b21b946a4b82dc62f') in 0.014824 seconds 
========================================================================
Received Import Request.
  Time since last request: 0.000031 seconds.
  path: Assets/Prefabs/Magic/Tornado.prefab
  artifactKey: Guid(bc6704c7aafdd034cad6313b6e57a213) Importer(815301076,1909f56bfc062723c751e8b465ee728b)
Start importing Assets/Prefabs/Magic/Tornado.prefab using Guid(bc6704c7aafdd034cad6313b6e57a213) Importer(815301076,1909f56bfc062723c751e8b465ee728b)  -> (artifact id: '984da1a6acbe006356f1b2c26273e840') in 0.031952 seconds 
========================================================================
Received Import Request.
  Time since last request: 26.158220 seconds.
  path: Assets/Prefabs/Magic/Blast.prefab
  artifactKey: Guid(dca0e299563b44e4b89d33b32208fa60) Importer(815301076,1909f56bfc062723c751e8b465ee728b)
Start importing Assets/Prefabs/Magic/Blast.prefab using Guid(dca0e299563b44e4b89d33b32208fa60) Importer(815301076,1909f56bfc062723c751e8b465ee728b)  -> (artifact id: 'eb4299dc1a3421203c97d6450f269d04') in 0.225512 seconds 
========================================================================
Received Import Request.
  Time since last request: 0.000087 seconds.
  path: Assets/Prefabs/Magic/Heal.prefab
  artifactKey: Guid(fea7e17eb9ebed24f8e6de3713cdd2ea) Importer(815301076,1909f56bfc062723c751e8b465ee728b)
Start importing Assets/Prefabs/Magic/Heal.prefab using Guid(fea7e17eb9ebed24f8e6de3713cdd2ea) Importer(815301076,1909f56bfc062723c751e8b465ee728b)  -> (artifact id: '4bfe827cb866d5fa3e0731dd0706beba') in 0.014779 seconds 
========================================================================
Received Import Request.
  Time since last request: 0.000036 seconds.
  path: Assets/Prefabs/Magic/Tornado.prefab
  artifactKey: Guid(bc6704c7aafdd034cad6313b6e57a213) Importer(815301076,1909f56bfc062723c751e8b465ee728b)
Start importing Assets/Prefabs/Magic/Tornado.prefab using Guid(bc6704c7aafdd034cad6313b6e57a213) Importer(815301076,1909f56bfc062723c751e8b465ee728b)  -> (artifact id: '1464d6e1b1909504c493e1ea43f17c06') in 0.044326 seconds 
========================================================================
Received Prepare
Registering precompiled user dll's ...
Registered in 0.004035 seconds.
Begin MonoManager ReloadAssembly
Symbol file LoadedFromMemory doesn't match image O:\MSc AI\Dissertation-Project\RPG\Library\PackageCache\com.unity.visualscripting@1.7.8\Editor\VisualScripting.Core\Dependencies\YamlDotNet\Unity.VisualScripting.YamlDotNet.dll
Symbol file LoadedFromMemory doesn't match image O:\MSc AI\Dissertation-Project\RPG\Library\PackageCache\com.unity.visualscripting@1.7.8\Editor\VisualScripting.Core\Dependencies\DotNetZip\Unity.VisualScripting.IonicZip.dll
Native extension for WindowsStandalone target not found
Native extension for OSXStandalone target not found
Refreshing native plugins compatible for Editor in 2.14 ms, found 3 plugins.
Preloading 0 native plugins for Editor in 0.00 ms.
Mono: successfully reloaded assembly
- Completed reload, in  0.891 seconds
Domain Reload Profiling:
	ReloadAssembly (892ms)
		BeginReloadAssembly (136ms)
			ExecutionOrderSort (0ms)
			DisableScriptedObjects (4ms)
			BackupInstance (0ms)
			ReleaseScriptingObjects (0ms)
			CreateAndSetChildDomain (46ms)
		EndReloadAssembly (651ms)
			LoadAssemblies (69ms)
			RebuildTransferFunctionScriptingTraits (0ms)
			SetupTypeCache (199ms)
			ReleaseScriptCaches (2ms)
			RebuildScriptCaches (41ms)
			SetupLoadedEditorAssemblies (310ms)
				LogAssemblyErrors (0ms)
				InitializePlatformSupportModulesInManaged (12ms)
				SetLoadedEditorAssemblies (0ms)
				RefreshPlugins (2ms)
				BeforeProcessingInitializeOnLoad (58ms)
				ProcessInitializeOnLoadAttributes (208ms)
				ProcessInitializeOnLoadMethodAttributes (25ms)
				AfterProcessingInitializeOnLoad (5ms)
				EditorAssembliesLoaded (0ms)
			ExecutionOrderSort2 (0ms)
			AwakeInstancesAfterBackupRestoration (5ms)
Platform modules already initialized, skipping
Shader Custom/UnlitShadow uses undefined Queue: 'Opaque'
Shader Custom/UnlitShadow uses undefined Queue: 'Opaque'
Refreshing native plugins compatible for Editor in 1.87 ms, found 3 plugins.
Preloading 0 native plugins for Editor in 0.00 ms.
Unloading 4086 Unused Serialized files (Serialized files now loaded: 0)
Unloading 35 unused Assets / (1.4 MB). Loaded Objects now: 5273.
Memory consumption went from 243.3 MB to 241.9 MB.
Total: 3.311100 ms (FindLiveObjects: 0.353300 ms CreateObjectMapping: 0.193200 ms MarkObjects: 2.423100 ms  DeleteObjects: 0.340400 ms)

AssetImportParameters requested are different than current active one (requested -> active):
  custom:video-decoder-ogg-theora: a1e56fd34408186e4bbccfd4996cb3dc -> 
  custom:container-muxer-webm: aa71ff27fc2769a1b78a27578f13a17b -> 
  custom:container-demuxer-webm: 4f35f7cbe854078d1ac9338744f61a02 -> 
  custom:video-encoder-webm-vp8: eb34c28f22e8b96e1ab97ce403110664 -> 
  custom:audio-encoder-webm-vorbis: bf7c407c2cedff20999df2af8eb42d56 -> 
  custom:framework-win-MediaFoundation: 216162199b28c13a410421893ffa2e32 -> 
  custom:container-demuxer-ogg: 62fdf1f143b41e24485cea50d1cbac27 -> 
  custom:video-decoder-webm-vp8: 9c59270c3fd7afecdb556c50c9e8de78 -> 
  custom:audio-decoder-ogg-vorbis: bf7c407c2cedff20999df2af8eb42d56 -> 
========================================================================
Received Prepare
Registering precompiled user dll's ...
Registered in 0.004427 seconds.
Begin MonoManager ReloadAssembly
Symbol file LoadedFromMemory doesn't match image O:\MSc AI\Dissertation-Project\RPG\Library\PackageCache\com.unity.visualscripting@1.7.8\Editor\VisualScripting.Core\Dependencies\YamlDotNet\Unity.VisualScripting.YamlDotNet.dll
Symbol file LoadedFromMemory doesn't match image O:\MSc AI\Dissertation-Project\RPG\Library\PackageCache\com.unity.visualscripting@1.7.8\Editor\VisualScripting.Core\Dependencies\DotNetZip\Unity.VisualScripting.IonicZip.dll
Native extension for WindowsStandalone target not found
Native extension for OSXStandalone target not found
Refreshing native plugins compatible for Editor in 2.07 ms, found 3 plugins.
Preloading 0 native plugins for Editor in 0.00 ms.
Mono: successfully reloaded assembly
- Completed reload, in  0.895 seconds
Domain Reload Profiling:
	ReloadAssembly (895ms)
		BeginReloadAssembly (120ms)
			ExecutionOrderSort (0ms)
			DisableScriptedObjects (4ms)
			BackupInstance (0ms)
			ReleaseScriptingObjects (0ms)
			CreateAndSetChildDomain (39ms)
		EndReloadAssembly (690ms)
			LoadAssemblies (67ms)
			RebuildTransferFunctionScriptingTraits (0ms)
			SetupTypeCache (211ms)
			ReleaseScriptCaches (2ms)
			RebuildScriptCaches (35ms)
			SetupLoadedEditorAssemblies (340ms)
				LogAssemblyErrors (0ms)
				InitializePlatformSupportModulesInManaged (14ms)
				SetLoadedEditorAssemblies (0ms)
				RefreshPlugins (2ms)
				BeforeProcessingInitializeOnLoad (60ms)
				ProcessInitializeOnLoadAttributes (228ms)
				ProcessInitializeOnLoadMethodAttributes (26ms)
				AfterProcessingInitializeOnLoad (9ms)
				EditorAssembliesLoaded (0ms)
			ExecutionOrderSort2 (0ms)
			AwakeInstancesAfterBackupRestoration (6ms)
Platform modules already initialized, skipping
Shader Custom/UnlitShadow uses undefined Queue: 'Opaque'
Shader Custom/UnlitShadow uses undefined Queue: 'Opaque'
Refreshing native plugins compatible for Editor in 2.49 ms, found 3 plugins.
Preloading 0 native plugins for Editor in 0.00 ms.
Unloading 4086 Unused Serialized files (Serialized files now loaded: 0)
Unloading 34 unused Assets / (1.4 MB). Loaded Objects now: 5288.
Memory consumption went from 243.3 MB to 241.9 MB.
Total: 3.858700 ms (FindLiveObjects: 0.357300 ms CreateObjectMapping: 0.236300 ms MarkObjects: 2.776300 ms  DeleteObjects: 0.487900 ms)

AssetImportParameters requested are different than current active one (requested -> active):
  custom:video-decoder-ogg-theora: a1e56fd34408186e4bbccfd4996cb3dc -> 
  custom:container-muxer-webm: aa71ff27fc2769a1b78a27578f13a17b -> 
  custom:container-demuxer-webm: 4f35f7cbe854078d1ac9338744f61a02 -> 
  custom:video-encoder-webm-vp8: eb34c28f22e8b96e1ab97ce403110664 -> 
  custom:audio-encoder-webm-vorbis: bf7c407c2cedff20999df2af8eb42d56 -> 
  custom:framework-win-MediaFoundation: 216162199b28c13a410421893ffa2e32 -> 
  custom:container-demuxer-ogg: 62fdf1f143b41e24485cea50d1cbac27 -> 
  custom:video-decoder-webm-vp8: 9c59270c3fd7afecdb556c50c9e8de78 -> 
  custom:audio-decoder-ogg-vorbis: bf7c407c2cedff20999df2af8eb42d56 -> 
========================================================================
Received Import Request.
  Time since last request: 70.019761 seconds.
  path: Assets/Prefabs/Players
  artifactKey: Guid(0fbd977337351c8479c26240e643b921) Importer(815301076,1909f56bfc062723c751e8b465ee728b)
Start importing Assets/Prefabs/Players using Guid(0fbd977337351c8479c26240e643b921) Importer(815301076,1909f56bfc062723c751e8b465ee728b)  -> (artifact id: 'ae6898f99beb4e877fd06697229e6978') in 0.011101 seconds 
========================================================================
Received Import Request.
  Time since last request: 0.006457 seconds.
  path: Assets/Prefabs/Players/Player1Character1.prefab
  artifactKey: Guid(2db5bc2fd49fd84478d966cd26599710) Importer(815301076,1909f56bfc062723c751e8b465ee728b)
Start importing Assets/Prefabs/Players/Player1Character1.prefab using Guid(2db5bc2fd49fd84478d966cd26599710) Importer(815301076,1909f56bfc062723c751e8b465ee728b)  -> (artifact id: '203e073d6eaf488335989ca42f17634b') in 0.700084 seconds 
========================================================================
Received Import Request.
  Time since last request: 0.000046 seconds.
  path: Assets/Prefabs/Players/Player1Character6.prefab
  artifactKey: Guid(594ac1b463e0531458340a5a4a01c893) Importer(815301076,1909f56bfc062723c751e8b465ee728b)
Start importing Assets/Prefabs/Players/Player1Character6.prefab using Guid(594ac1b463e0531458340a5a4a01c893) Importer(815301076,1909f56bfc062723c751e8b465ee728b)  -> (artifact id: '2882463f7d4545d1487b5c2a7f3f9e0f') in 0.262804 seconds 
========================================================================
Received Import Request.
  Time since last request: 0.000048 seconds.
  path: Assets/Prefabs/Players/Player1Character3.prefab
  artifactKey: Guid(1422e546a5b81d04aa4ff45061dfeff0) Importer(815301076,1909f56bfc062723c751e8b465ee728b)
Start importing Assets/Prefabs/Players/Player1Character3.prefab using Guid(1422e546a5b81d04aa4ff45061dfeff0) Importer(815301076,1909f56bfc062723c751e8b465ee728b)  -> (artifact id: '19712b250744377e439bab3b5974b721') in 0.197646 seconds 
========================================================================
Received Import Request.
  Time since last request: 0.000211 seconds.
  path: Assets/Prefabs/Players/Player1Character5.prefab
  artifactKey: Guid(86869c8ef905ce44ab4e0f4ad69dd67b) Importer(815301076,1909f56bfc062723c751e8b465ee728b)
Start importing Assets/Prefabs/Players/Player1Character5.prefab using Guid(86869c8ef905ce44ab4e0f4ad69dd67b) Importer(815301076,1909f56bfc062723c751e8b465ee728b)  -> (artifact id: 'cfa8339955ec2b197ff088ab38e9b638') in 0.223453 seconds 
========================================================================
Received Import Request.
  Time since last request: 36.531074 seconds.
  path: Assets/Prefabs/Players/Player1Character1.prefab
  artifactKey: Guid(2db5bc2fd49fd84478d966cd26599710) Importer(815301076,1909f56bfc062723c751e8b465ee728b)
Start importing Assets/Prefabs/Players/Player1Character1.prefab using Guid(2db5bc2fd49fd84478d966cd26599710) Importer(815301076,1909f56bfc062723c751e8b465ee728b)  -> (artifact id: '5b387545cae74e88421ccdea59badfd6') in 0.178310 seconds 
========================================================================
Received Import Request.
  Time since last request: 2.787695 seconds.
  path: Assets/Prefabs/Players/Player1Character1.prefab
  artifactKey: Guid(2db5bc2fd49fd84478d966cd26599710) Importer(815301076,1909f56bfc062723c751e8b465ee728b)
Start importing Assets/Prefabs/Players/Player1Character1.prefab using Guid(2db5bc2fd49fd84478d966cd26599710) Importer(815301076,1909f56bfc062723c751e8b465ee728b)  -> (artifact id: '5f4b221ca6d5a445fc0bcd3d58b1fa47') in 0.020898 seconds 
========================================================================
Received Import Request.
  Time since last request: 2.387982 seconds.
  path: Assets/Prefabs/Players/Player1Character1.prefab
  artifactKey: Guid(2db5bc2fd49fd84478d966cd26599710) Importer(815301076,1909f56bfc062723c751e8b465ee728b)
Start importing Assets/Prefabs/Players/Player1Character1.prefab using Guid(2db5bc2fd49fd84478d966cd26599710) Importer(815301076,1909f56bfc062723c751e8b465ee728b)  -> (artifact id: 'c3937e028ba3a17ad9c0e7f0af538eb9') in 0.115204 seconds 
========================================================================
Received Import Request.
  Time since last request: 5.642613 seconds.
  path: Assets/Prefabs/Players/Player1Character1.prefab
  artifactKey: Guid(2db5bc2fd49fd84478d966cd26599710) Importer(815301076,1909f56bfc062723c751e8b465ee728b)
Start importing Assets/Prefabs/Players/Player1Character1.prefab using Guid(2db5bc2fd49fd84478d966cd26599710) Importer(815301076,1909f56bfc062723c751e8b465ee728b)  -> (artifact id: '62021a87a7c2b1042cb1a7ef7df83337') in 0.146783 seconds 
========================================================================
Received Import Request.
  Time since last request: 3.885539 seconds.
  path: Assets/Prefabs/Players/Player1Character1.prefab
  artifactKey: Guid(2db5bc2fd49fd84478d966cd26599710) Importer(815301076,1909f56bfc062723c751e8b465ee728b)
Start importing Assets/Prefabs/Players/Player1Character1.prefab using Guid(2db5bc2fd49fd84478d966cd26599710) Importer(815301076,1909f56bfc062723c751e8b465ee728b)  -> (artifact id: 'e9b91275ac9d8edaac7c74a8ba1e9dd6') in 0.177601 seconds 
========================================================================
Received Import Request.
  Time since last request: 6.117252 seconds.
  path: Assets/Prefabs/Players/Player1Character1.prefab
  artifactKey: Guid(2db5bc2fd49fd84478d966cd26599710) Importer(815301076,1909f56bfc062723c751e8b465ee728b)
Start importing Assets/Prefabs/Players/Player1Character1.prefab using Guid(2db5bc2fd49fd84478d966cd26599710) Importer(815301076,1909f56bfc062723c751e8b465ee728b)  -> (artifact id: 'ac2e57f2f507400394e6eadc469eb738') in 0.111578 seconds 
========================================================================
Received Import Request.
  Time since last request: 7.567039 seconds.
  path: Assets/Prefabs/Players/Player1Character1.prefab
  artifactKey: Guid(2db5bc2fd49fd84478d966cd26599710) Importer(815301076,1909f56bfc062723c751e8b465ee728b)
Start importing Assets/Prefabs/Players/Player1Character1.prefab using Guid(2db5bc2fd49fd84478d966cd26599710) Importer(815301076,1909f56bfc062723c751e8b465ee728b)  -> (artifact id: '7ddbc3709d4c6f04f57f79777e38546f') in 0.132851 seconds 
========================================================================
Received Import Request.
  Time since last request: 1.519699 seconds.
  path: Assets/Prefabs/Players/Player1Character1.prefab
  artifactKey: Guid(2db5bc2fd49fd84478d966cd26599710) Importer(815301076,1909f56bfc062723c751e8b465ee728b)
Start importing Assets/Prefabs/Players/Player1Character1.prefab using Guid(2db5bc2fd49fd84478d966cd26599710) Importer(815301076,1909f56bfc062723c751e8b465ee728b)  -> (artifact id: '4d0389961a3df9115e7710c99fcfbfdf') in 0.114705 seconds 
========================================================================
Received Import Request.
  Time since last request: 2.090171 seconds.
  path: Assets/Prefabs/Players/Player1Character1.prefab
  artifactKey: Guid(2db5bc2fd49fd84478d966cd26599710) Importer(815301076,1909f56bfc062723c751e8b465ee728b)
Start importing Assets/Prefabs/Players/Player1Character1.prefab using Guid(2db5bc2fd49fd84478d966cd26599710) Importer(815301076,1909f56bfc062723c751e8b465ee728b)  -> (artifact id: '85f0bf004f1a1c0d77b825e74f33c6f6') in 0.135372 seconds 
========================================================================
Received Import Request.
  Time since last request: 1.464821 seconds.
  path: Assets/Prefabs/Players/Player1Character1.prefab
  artifactKey: Guid(2db5bc2fd49fd84478d966cd26599710) Importer(815301076,1909f56bfc062723c751e8b465ee728b)
Start importing Assets/Prefabs/Players/Player1Character1.prefab using Guid(2db5bc2fd49fd84478d966cd26599710) Importer(815301076,1909f56bfc062723c751e8b465ee728b)  -> (artifact id: 'd857dcef5496aafafce7c2ed539fc4e4') in 0.116846 seconds 
========================================================================
Received Import Request.
  Time since last request: 17.383628 seconds.
  path: Assets/Prefabs/Players/Player1Character1.prefab
  artifactKey: Guid(2db5bc2fd49fd84478d966cd26599710) Importer(815301076,1909f56bfc062723c751e8b465ee728b)
Start importing Assets/Prefabs/Players/Player1Character1.prefab using Guid(2db5bc2fd49fd84478d966cd26599710) Importer(815301076,1909f56bfc062723c751e8b465ee728b)  -> (artifact id: '52ab6403c57a525cf45ea3e03654371d') in 0.123297 seconds 
========================================================================
Received Import Request.
  Time since last request: 0.863390 seconds.
  path: Assets/Prefabs/Players/Player1Character1.prefab
  artifactKey: Guid(2db5bc2fd49fd84478d966cd26599710) Importer(815301076,1909f56bfc062723c751e8b465ee728b)
Start importing Assets/Prefabs/Players/Player1Character1.prefab using Guid(2db5bc2fd49fd84478d966cd26599710) Importer(815301076,1909f56bfc062723c751e8b465ee728b)  -> (artifact id: '8a20c97780db8c577e94ccd28bad1b0e') in 0.108748 seconds 
========================================================================
Received Import Request.
  Time since last request: 21.894989 seconds.
  path: Assets/Prefabs/Players/Player1Character1.prefab
  artifactKey: Guid(2db5bc2fd49fd84478d966cd26599710) Importer(815301076,1909f56bfc062723c751e8b465ee728b)
Start importing Assets/Prefabs/Players/Player1Character1.prefab using Guid(2db5bc2fd49fd84478d966cd26599710) Importer(815301076,1909f56bfc062723c751e8b465ee728b)  -> (artifact id: '133faa4162b71707566e22992b713def') in 0.164569 seconds 
========================================================================
Received Import Request.
  Time since last request: 18.733272 seconds.
  path: Assets/Prefabs/Players/Player1Character1.prefab
  artifactKey: Guid(2db5bc2fd49fd84478d966cd26599710) Importer(815301076,1909f56bfc062723c751e8b465ee728b)
Start importing Assets/Prefabs/Players/Player1Character1.prefab using Guid(2db5bc2fd49fd84478d966cd26599710) Importer(815301076,1909f56bfc062723c751e8b465ee728b)  -> (artifact id: 'c06ba75bcc22676c43d18ef4b2e652da') in 0.123903 seconds 
========================================================================
Received Import Request.
  Time since last request: 10.624311 seconds.
  path: Assets/Prefabs/Players/Player1Character1.prefab
  artifactKey: Guid(2db5bc2fd49fd84478d966cd26599710) Importer(815301076,1909f56bfc062723c751e8b465ee728b)
Start importing Assets/Prefabs/Players/Player1Character1.prefab using Guid(2db5bc2fd49fd84478d966cd26599710) Importer(815301076,1909f56bfc062723c751e8b465ee728b)  -> (artifact id: '547d1a9e6745d5f8dac6666705f6ea24') in 0.161760 seconds 
========================================================================
Received Import Request.
  Time since last request: 9.063349 seconds.
  path: Assets/Prefabs/Players/Player1Character1.prefab
  artifactKey: Guid(2db5bc2fd49fd84478d966cd26599710) Importer(815301076,1909f56bfc062723c751e8b465ee728b)
Start importing Assets/Prefabs/Players/Player1Character1.prefab using Guid(2db5bc2fd49fd84478d966cd26599710) Importer(815301076,1909f56bfc062723c751e8b465ee728b)  -> (artifact id: 'b3a676743dc3ad8332730737dea4a94c') in 0.140485 seconds 
========================================================================
Received Import Request.
  Time since last request: 65.396065 seconds.
  path: Assets/Prefabs/Players/Player1Character1.prefab
  artifactKey: Guid(2db5bc2fd49fd84478d966cd26599710) Importer(815301076,1909f56bfc062723c751e8b465ee728b)
Start importing Assets/Prefabs/Players/Player1Character1.prefab using Guid(2db5bc2fd49fd84478d966cd26599710) Importer(815301076,1909f56bfc062723c751e8b465ee728b)  -> (artifact id: '083e1ad0aa73ff727a54a76bd6b834a8') in 0.173192 seconds 
========================================================================
Received Import Request.
  Time since last request: 0.000039 seconds.
  path: Assets/Prefabs/Players/Player1Character6.prefab
  artifactKey: Guid(594ac1b463e0531458340a5a4a01c893) Importer(815301076,1909f56bfc062723c751e8b465ee728b)
Start importing Assets/Prefabs/Players/Player1Character6.prefab using Guid(594ac1b463e0531458340a5a4a01c893) Importer(815301076,1909f56bfc062723c751e8b465ee728b)  -> (artifact id: 'c95b9d90a35877e1daeb3a66424f7408') in 0.225867 seconds 
========================================================================
Received Import Request.
  Time since last request: 0.000064 seconds.
  path: Assets/Prefabs/Players/Player1Character4.prefab
  artifactKey: Guid(940bbeede757e5c46aa1232d0f4a7209) Importer(815301076,1909f56bfc062723c751e8b465ee728b)
Start importing Assets/Prefabs/Players/Player1Character4.prefab using Guid(940bbeede757e5c46aa1232d0f4a7209) Importer(815301076,1909f56bfc062723c751e8b465ee728b)  -> (artifact id: '6122133720810001a94da218feaa14dd') in 0.207519 seconds 
========================================================================
Received Import Request.
  Time since last request: 0.000042 seconds.
  path: Assets/Prefabs/Players/Player1Character5.prefab
  artifactKey: Guid(86869c8ef905ce44ab4e0f4ad69dd67b) Importer(815301076,1909f56bfc062723c751e8b465ee728b)
Start importing Assets/Prefabs/Players/Player1Character5.prefab using Guid(86869c8ef905ce44ab4e0f4ad69dd67b) Importer(815301076,1909f56bfc062723c751e8b465ee728b)  -> (artifact id: '37b2f1937e21570a32d76b5cb4d8807e') in 0.175948 seconds 
========================================================================
Received Prepare
Registering precompiled user dll's ...
Registered in 0.003828 seconds.
Begin MonoManager ReloadAssembly
Symbol file LoadedFromMemory doesn't match image O:\MSc AI\Dissertation-Project\RPG\Library\PackageCache\com.unity.visualscripting@1.7.8\Editor\VisualScripting.Core\Dependencies\YamlDotNet\Unity.VisualScripting.YamlDotNet.dll
Symbol file LoadedFromMemory doesn't match image O:\MSc AI\Dissertation-Project\RPG\Library\PackageCache\com.unity.visualscripting@1.7.8\Editor\VisualScripting.Core\Dependencies\DotNetZip\Unity.VisualScripting.IonicZip.dll
Native extension for WindowsStandalone target not found
Native extension for OSXStandalone target not found
Refreshing native plugins compatible for Editor in 1.19 ms, found 3 plugins.
Preloading 0 native plugins for Editor in 0.00 ms.
Mono: successfully reloaded assembly
- Completed reload, in  0.947 seconds
Domain Reload Profiling:
	ReloadAssembly (947ms)
		BeginReloadAssembly (125ms)
			ExecutionOrderSort (0ms)
			DisableScriptedObjects (3ms)
			BackupInstance (0ms)
			ReleaseScriptingObjects (0ms)
			CreateAndSetChildDomain (41ms)
		EndReloadAssembly (728ms)
			LoadAssemblies (71ms)
			RebuildTransferFunctionScriptingTraits (0ms)
			SetupTypeCache (281ms)
			ReleaseScriptCaches (2ms)
			RebuildScriptCaches (35ms)
			SetupLoadedEditorAssemblies (311ms)
				LogAssemblyErrors (0ms)
				InitializePlatformSupportModulesInManaged (11ms)
				SetLoadedEditorAssemblies (0ms)
				RefreshPlugins (1ms)
				BeforeProcessingInitializeOnLoad (53ms)
				ProcessInitializeOnLoadAttributes (214ms)
				ProcessInitializeOnLoadMethodAttributes (27ms)
				AfterProcessingInitializeOnLoad (5ms)
				EditorAssembliesLoaded (0ms)
			ExecutionOrderSort2 (0ms)
			AwakeInstancesAfterBackupRestoration (4ms)
Platform modules already initialized, skipping
Shader Custom/UnlitShadow uses undefined Queue: 'Opaque'
Shader Custom/UnlitShadow uses undefined Queue: 'Opaque'
Refreshing native plugins compatible for Editor in 2.18 ms, found 3 plugins.
Preloading 0 native plugins for Editor in 0.00 ms.
Unloading 4086 Unused Serialized files (Serialized files now loaded: 0)
Unloading 34 unused Assets / (1.4 MB). Loaded Objects now: 5305.
Memory consumption went from 259.0 MB to 257.6 MB.
Total: 3.671700 ms (FindLiveObjects: 0.389100 ms CreateObjectMapping: 0.104700 ms MarkObjects: 2.779300 ms  DeleteObjects: 0.397600 ms)

AssetImportParameters requested are different than current active one (requested -> active):
  custom:video-decoder-ogg-theora: a1e56fd34408186e4bbccfd4996cb3dc -> 
  custom:container-muxer-webm: aa71ff27fc2769a1b78a27578f13a17b -> 
  custom:container-demuxer-webm: 4f35f7cbe854078d1ac9338744f61a02 -> 
  custom:video-encoder-webm-vp8: eb34c28f22e8b96e1ab97ce403110664 -> 
  custom:audio-encoder-webm-vorbis: bf7c407c2cedff20999df2af8eb42d56 -> 
  custom:framework-win-MediaFoundation: 216162199b28c13a410421893ffa2e32 -> 
  custom:container-demuxer-ogg: 62fdf1f143b41e24485cea50d1cbac27 -> 
  custom:video-decoder-webm-vp8: 9c59270c3fd7afecdb556c50c9e8de78 -> 
  custom:audio-decoder-ogg-vorbis: bf7c407c2cedff20999df2af8eb42d56 -> 
========================================================================
Received Import Request.
  Time since last request: 24.168920 seconds.
  path: Assets/Prefabs/Players/Player1Character1.prefab
  artifactKey: Guid(2db5bc2fd49fd84478d966cd26599710) Importer(815301076,1909f56bfc062723c751e8b465ee728b)
Start importing Assets/Prefabs/Players/Player1Character1.prefab using Guid(2db5bc2fd49fd84478d966cd26599710) Importer(815301076,1909f56bfc062723c751e8b465ee728b)  -> (artifact id: 'aa20ecfe363122c420f65c95d5543a55') in 0.260931 seconds 
========================================================================
Received Import Request.
  Time since last request: 0.000083 seconds.
  path: Assets/Prefabs/Players/Player1Character6.prefab
  artifactKey: Guid(594ac1b463e0531458340a5a4a01c893) Importer(815301076,1909f56bfc062723c751e8b465ee728b)
Start importing Assets/Prefabs/Players/Player1Character6.prefab using Guid(594ac1b463e0531458340a5a4a01c893) Importer(815301076,1909f56bfc062723c751e8b465ee728b)  -> (artifact id: '1f73ff115246b3ba75f6c5be250702f4') in 0.330130 seconds 
========================================================================
Received Prepare
Registering precompiled user dll's ...
Registered in 0.003971 seconds.
Begin MonoManager ReloadAssembly
Symbol file LoadedFromMemory doesn't match image O:\MSc AI\Dissertation-Project\RPG\Library\PackageCache\com.unity.visualscripting@1.7.8\Editor\VisualScripting.Core\Dependencies\YamlDotNet\Unity.VisualScripting.YamlDotNet.dll
Symbol file LoadedFromMemory doesn't match image O:\MSc AI\Dissertation-Project\RPG\Library\PackageCache\com.unity.visualscripting@1.7.8\Editor\VisualScripting.Core\Dependencies\DotNetZip\Unity.VisualScripting.IonicZip.dll
Native extension for WindowsStandalone target not found
Native extension for OSXStandalone target not found
Refreshing native plugins compatible for Editor in 1.22 ms, found 3 plugins.
Preloading 0 native plugins for Editor in 0.00 ms.
Mono: successfully reloaded assembly
- Completed reload, in  0.962 seconds
Domain Reload Profiling:
	ReloadAssembly (963ms)
		BeginReloadAssembly (117ms)
			ExecutionOrderSort (0ms)
			DisableScriptedObjects (4ms)
			BackupInstance (0ms)
			ReleaseScriptingObjects (0ms)
			CreateAndSetChildDomain (40ms)
		EndReloadAssembly (747ms)
			LoadAssemblies (66ms)
			RebuildTransferFunctionScriptingTraits (0ms)
			SetupTypeCache (270ms)
			ReleaseScriptCaches (2ms)
			RebuildScriptCaches (43ms)
			SetupLoadedEditorAssemblies (333ms)
				LogAssemblyErrors (0ms)
				InitializePlatformSupportModulesInManaged (11ms)
				SetLoadedEditorAssemblies (0ms)
				RefreshPlugins (1ms)
				BeforeProcessingInitializeOnLoad (66ms)
				ProcessInitializeOnLoadAttributes (226ms)
				ProcessInitializeOnLoadMethodAttributes (21ms)
				AfterProcessingInitializeOnLoad (7ms)
				EditorAssembliesLoaded (0ms)
			ExecutionOrderSort2 (0ms)
			AwakeInstancesAfterBackupRestoration (4ms)
Platform modules already initialized, skipping
Shader Custom/UnlitShadow uses undefined Queue: 'Opaque'
Shader Custom/UnlitShadow uses undefined Queue: 'Opaque'
Refreshing native plugins compatible for Editor in 1.91 ms, found 3 plugins.
Preloading 0 native plugins for Editor in 0.00 ms.
Unloading 4086 Unused Serialized files (Serialized files now loaded: 0)
Unloading 34 unused Assets / (1.4 MB). Loaded Objects now: 5320.
Memory consumption went from 259.0 MB to 257.6 MB.
Total: 3.256600 ms (FindLiveObjects: 0.326600 ms CreateObjectMapping: 0.192900 ms MarkObjects: 2.409000 ms  DeleteObjects: 0.327500 ms)

AssetImportParameters requested are different than current active one (requested -> active):
  custom:video-decoder-ogg-theora: a1e56fd34408186e4bbccfd4996cb3dc -> 
  custom:container-muxer-webm: aa71ff27fc2769a1b78a27578f13a17b -> 
  custom:container-demuxer-webm: 4f35f7cbe854078d1ac9338744f61a02 -> 
  custom:video-encoder-webm-vp8: eb34c28f22e8b96e1ab97ce403110664 -> 
  custom:audio-encoder-webm-vorbis: bf7c407c2cedff20999df2af8eb42d56 -> 
  custom:framework-win-MediaFoundation: 216162199b28c13a410421893ffa2e32 -> 
  custom:container-demuxer-ogg: 62fdf1f143b41e24485cea50d1cbac27 -> 
  custom:video-decoder-webm-vp8: 9c59270c3fd7afecdb556c50c9e8de78 -> 
  custom:audio-decoder-ogg-vorbis: bf7c407c2cedff20999df2af8eb42d56 -> 
========================================================================
Received Import Request.
  Time since last request: 11.360356 seconds.
  path: Assets/Prefabs/Players/Player1Character1.prefab
  artifactKey: Guid(2db5bc2fd49fd84478d966cd26599710) Importer(815301076,1909f56bfc062723c751e8b465ee728b)
Start importing Assets/Prefabs/Players/Player1Character1.prefab using Guid(2db5bc2fd49fd84478d966cd26599710) Importer(815301076,1909f56bfc062723c751e8b465ee728b)  -> (artifact id: '38e401b003efb549eecd5fa948f45f9e') in 0.288141 seconds 
========================================================================
Received Import Request.
  Time since last request: 0.000043 seconds.
  path: Assets/Prefabs/Players/Player1Character4.prefab
  artifactKey: Guid(940bbeede757e5c46aa1232d0f4a7209) Importer(815301076,1909f56bfc062723c751e8b465ee728b)
Start importing Assets/Prefabs/Players/Player1Character4.prefab using Guid(940bbeede757e5c46aa1232d0f4a7209) Importer(815301076,1909f56bfc062723c751e8b465ee728b)  -> (artifact id: '53228bec2cf9892be007e81603f30ab0') in 0.238808 seconds 
========================================================================
Received Prepare
Registering precompiled user dll's ...
Registered in 0.003702 seconds.
Begin MonoManager ReloadAssembly
Symbol file LoadedFromMemory doesn't match image O:\MSc AI\Dissertation-Project\RPG\Library\PackageCache\com.unity.visualscripting@1.7.8\Editor\VisualScripting.Core\Dependencies\YamlDotNet\Unity.VisualScripting.YamlDotNet.dll
Symbol file LoadedFromMemory doesn't match image O:\MSc AI\Dissertation-Project\RPG\Library\PackageCache\com.unity.visualscripting@1.7.8\Editor\VisualScripting.Core\Dependencies\DotNetZip\Unity.VisualScripting.IonicZip.dll
Native extension for WindowsStandalone target not found
Native extension for OSXStandalone target not found
Refreshing native plugins compatible for Editor in 1.07 ms, found 3 plugins.
Preloading 0 native plugins for Editor in 0.00 ms.
Mono: successfully reloaded assembly
- Completed reload, in  0.948 seconds
Domain Reload Profiling:
	ReloadAssembly (949ms)
		BeginReloadAssembly (131ms)
			ExecutionOrderSort (0ms)
			DisableScriptedObjects (4ms)
			BackupInstance (0ms)
			ReleaseScriptingObjects (0ms)
			CreateAndSetChildDomain (51ms)
		EndReloadAssembly (730ms)
			LoadAssemblies (64ms)
			RebuildTransferFunctionScriptingTraits (0ms)
			SetupTypeCache (291ms)
			ReleaseScriptCaches (2ms)
			RebuildScriptCaches (40ms)
			SetupLoadedEditorAssemblies (303ms)
				LogAssemblyErrors (0ms)
				InitializePlatformSupportModulesInManaged (11ms)
				SetLoadedEditorAssemblies (0ms)
				RefreshPlugins (1ms)
				BeforeProcessingInitializeOnLoad (59ms)
				ProcessInitializeOnLoadAttributes (205ms)
				ProcessInitializeOnLoadMethodAttributes (22ms)
				AfterProcessingInitializeOnLoad (5ms)
				EditorAssembliesLoaded (0ms)
			ExecutionOrderSort2 (0ms)
			AwakeInstancesAfterBackupRestoration (4ms)
Platform modules already initialized, skipping
Shader Custom/UnlitShadow uses undefined Queue: 'Opaque'
Shader Custom/UnlitShadow uses undefined Queue: 'Opaque'
Refreshing native plugins compatible for Editor in 2.16 ms, found 3 plugins.
Preloading 0 native plugins for Editor in 0.00 ms.
Unloading 4086 Unused Serialized files (Serialized files now loaded: 0)
Unloading 34 unused Assets / (1.4 MB). Loaded Objects now: 5335.
Memory consumption went from 259.0 MB to 257.6 MB.
Total: 3.209900 ms (FindLiveObjects: 0.334100 ms CreateObjectMapping: 0.119400 ms MarkObjects: 2.428200 ms  DeleteObjects: 0.327600 ms)

AssetImportParameters requested are different than current active one (requested -> active):
  custom:video-decoder-ogg-theora: a1e56fd34408186e4bbccfd4996cb3dc -> 
  custom:container-muxer-webm: aa71ff27fc2769a1b78a27578f13a17b -> 
  custom:container-demuxer-webm: 4f35f7cbe854078d1ac9338744f61a02 -> 
  custom:video-encoder-webm-vp8: eb34c28f22e8b96e1ab97ce403110664 -> 
  custom:audio-encoder-webm-vorbis: bf7c407c2cedff20999df2af8eb42d56 -> 
  custom:framework-win-MediaFoundation: 216162199b28c13a410421893ffa2e32 -> 
  custom:container-demuxer-ogg: 62fdf1f143b41e24485cea50d1cbac27 -> 
  custom:video-decoder-webm-vp8: 9c59270c3fd7afecdb556c50c9e8de78 -> 
  custom:audio-decoder-ogg-vorbis: bf7c407c2cedff20999df2af8eb42d56 -> 
========================================================================
Received Import Request.
  Time since last request: 9.684370 seconds.
  path: Assets/Prefabs/Players/Player1Character1.prefab
  artifactKey: Guid(2db5bc2fd49fd84478d966cd26599710) Importer(815301076,1909f56bfc062723c751e8b465ee728b)
Start importing Assets/Prefabs/Players/Player1Character1.prefab using Guid(2db5bc2fd49fd84478d966cd26599710) Importer(815301076,1909f56bfc062723c751e8b465ee728b)  -> (artifact id: 'dbae89b94708c03673739df8d0c90b62') in 0.287631 seconds 
========================================================================
Received Import Request.
  Time since last request: 0.000032 seconds.
  path: Assets/Prefabs/Players/Player1Character6.prefab
  artifactKey: Guid(594ac1b463e0531458340a5a4a01c893) Importer(815301076,1909f56bfc062723c751e8b465ee728b)
Start importing Assets/Prefabs/Players/Player1Character6.prefab using Guid(594ac1b463e0531458340a5a4a01c893) Importer(815301076,1909f56bfc062723c751e8b465ee728b)  -> (artifact id: '6e1cf079b42457d64f18801166af2210') in 0.253583 seconds 
========================================================================
Received Prepare
Registering precompiled user dll's ...
Registered in 0.003532 seconds.
Begin MonoManager ReloadAssembly
Symbol file LoadedFromMemory doesn't match image O:\MSc AI\Dissertation-Project\RPG\Library\PackageCache\com.unity.visualscripting@1.7.8\Editor\VisualScripting.Core\Dependencies\YamlDotNet\Unity.VisualScripting.YamlDotNet.dll
Symbol file LoadedFromMemory doesn't match image O:\MSc AI\Dissertation-Project\RPG\Library\PackageCache\com.unity.visualscripting@1.7.8\Editor\VisualScripting.Core\Dependencies\DotNetZip\Unity.VisualScripting.IonicZip.dll
Native extension for WindowsStandalone target not found
Native extension for OSXStandalone target not found
Refreshing native plugins compatible for Editor in 1.39 ms, found 3 plugins.
Preloading 0 native plugins for Editor in 0.00 ms.
Mono: successfully reloaded assembly
- Completed reload, in  0.916 seconds
Domain Reload Profiling:
	ReloadAssembly (917ms)
		BeginReloadAssembly (115ms)
			ExecutionOrderSort (0ms)
			DisableScriptedObjects (3ms)
			BackupInstance (0ms)
			ReleaseScriptingObjects (0ms)
			CreateAndSetChildDomain (43ms)
		EndReloadAssembly (721ms)
			LoadAssemblies (63ms)
			RebuildTransferFunctionScriptingTraits (0ms)
			SetupTypeCache (226ms)
			ReleaseScriptCaches (2ms)
			RebuildScriptCaches (38ms)
			SetupLoadedEditorAssemblies (340ms)
				LogAssemblyErrors (0ms)
				InitializePlatformSupportModulesInManaged (15ms)
				SetLoadedEditorAssemblies (0ms)
				RefreshPlugins (1ms)
				BeforeProcessingInitializeOnLoad (62ms)
				ProcessInitializeOnLoadAttributes (230ms)
				ProcessInitializeOnLoadMethodAttributes (28ms)
				AfterProcessingInitializeOnLoad (5ms)
				EditorAssembliesLoaded (0ms)
			ExecutionOrderSort2 (0ms)
			AwakeInstancesAfterBackupRestoration (5ms)
Platform modules already initialized, skipping
Shader Custom/UnlitShadow uses undefined Queue: 'Opaque'
Shader Custom/UnlitShadow uses undefined Queue: 'Opaque'
Refreshing native plugins compatible for Editor in 2.10 ms, found 3 plugins.
Preloading 0 native plugins for Editor in 0.00 ms.
Unloading 4086 Unused Serialized files (Serialized files now loaded: 0)
Unloading 34 unused Assets / (1.4 MB). Loaded Objects now: 5350.
Memory consumption went from 259.0 MB to 257.6 MB.
Total: 3.619000 ms (FindLiveObjects: 0.339100 ms CreateObjectMapping: 0.100000 ms MarkObjects: 2.765900 ms  DeleteObjects: 0.412900 ms)

AssetImportParameters requested are different than current active one (requested -> active):
  custom:video-decoder-ogg-theora: a1e56fd34408186e4bbccfd4996cb3dc -> 
  custom:container-muxer-webm: aa71ff27fc2769a1b78a27578f13a17b -> 
  custom:container-demuxer-webm: 4f35f7cbe854078d1ac9338744f61a02 -> 
  custom:video-encoder-webm-vp8: eb34c28f22e8b96e1ab97ce403110664 -> 
  custom:audio-encoder-webm-vorbis: bf7c407c2cedff20999df2af8eb42d56 -> 
  custom:framework-win-MediaFoundation: 216162199b28c13a410421893ffa2e32 -> 
  custom:container-demuxer-ogg: 62fdf1f143b41e24485cea50d1cbac27 -> 
  custom:video-decoder-webm-vp8: 9c59270c3fd7afecdb556c50c9e8de78 -> 
  custom:audio-decoder-ogg-vorbis: bf7c407c2cedff20999df2af8eb42d56 -> 
Editor requested this worker to shutdown with reason: Scaling down because of idle timeout
AssetImportWorker is now disconnected from the server
Process exiting
Exiting without the bug reporter. Application will terminate with return code 0