Using pre-set license
Built from '2021.3/staging' branch; Version is '2021.3.6f1 (7da38d85baf6) revision 8233869'; Using compiler version '192829333'; Build Type 'Release'
OS: 'Windows 11  (10.0.22000) 64bit Professional' Language: 'en' Physical Memory: 32689 MB
BatchMode: 1, IsHumanControllingUs: 0, StartBugReporterOnCrash: 0, Is64bit: 1, IsPro: 1

COMMAND LINE ARGUMENTS:
C:\Program Files\Unity\Hub\Editor\2021.3.6f1\Editor\Unity.exe
-adb2
-batchMode
-noUpm
-name
AssetImportWorker3
-projectPath
O:/MSc AI/Dissertation-Project/RPG
-logFile
Logs/AssetImportWorker3.log
-srvPort
51229
Successfully changed project path to: O:/MSc AI/Dissertation-Project/RPG
O:/MSc AI/Dissertation-Project/RPG
[UnityMemory] Configuration Parameters - Can be set up in boot.config
    "memorysetup-bucket-allocator-granularity=16"
    "memorysetup-bucket-allocator-bucket-count=8"
    "memorysetup-bucket-allocator-block-size=33554432"
    "memorysetup-bucket-allocator-block-count=8"
    "memorysetup-main-allocator-block-size=16777216"
    "memorysetup-thread-allocator-block-size=16777216"
    "memorysetup-gfx-main-allocator-block-size=16777216"
    "memorysetup-gfx-thread-allocator-block-size=16777216"
    "memorysetup-cache-allocator-block-size=4194304"
    "memorysetup-typetree-allocator-block-size=2097152"
    "memorysetup-profiler-bucket-allocator-granularity=16"
    "memorysetup-profiler-bucket-allocator-bucket-count=8"
    "memorysetup-profiler-bucket-allocator-block-size=33554432"
    "memorysetup-profiler-bucket-allocator-block-count=8"
    "memorysetup-profiler-allocator-block-size=16777216"
    "memorysetup-profiler-editor-allocator-block-size=1048576"
    "memorysetup-temp-allocator-size-main=16777216"
    "memorysetup-job-temp-allocator-block-size=2097152"
    "memorysetup-job-temp-allocator-block-size-background=1048576"
    "memorysetup-job-temp-allocator-reduction-small-platforms=262144"
    "memorysetup-temp-allocator-size-background-worker=32768"
    "memorysetup-temp-allocator-size-job-worker=262144"
    "memorysetup-temp-allocator-size-preload-manager=33554432"
    "memorysetup-temp-allocator-size-nav-mesh-worker=65536"
    "memorysetup-temp-allocator-size-audio-worker=65536"
    "memorysetup-temp-allocator-size-cloud-worker=32768"
    "memorysetup-temp-allocator-size-gi-baking-worker=262144"
    "memorysetup-temp-allocator-size-gfx=262144"
Refreshing native plugins compatible for Editor in 128.87 ms, found 3 plugins.
Preloading 0 native plugins for Editor in 0.00 ms.
Initialize engine version: 2021.3.6f1 (7da38d85baf6)
[Subsystems] Discovering subsystems at path C:/Program Files/Unity/Hub/Editor/2021.3.6f1/Editor/Data/Resources/UnitySubsystems
[Subsystems] Discovering subsystems at path O:/MSc AI/Dissertation-Project/RPG/Assets
GfxDevice: creating device client; threaded=0; jobified=0
Direct3D:
    Version:  Direct3D 11.0 [level 11.1]
    Renderer: NVIDIA GeForce RTX 3070 (ID=0x2484)
    Vendor:   NVIDIA
    VRAM:     8043 MB
    Driver:   31.0.15.1659
Shader Custom/UnlitShadow uses undefined Queue: 'Opaque'
Shader Custom/UnlitShadow uses undefined Queue: 'Opaque'
Initialize mono
Mono path[0] = 'C:/Program Files/Unity/Hub/Editor/2021.3.6f1/Editor/Data/Managed'
Mono path[1] = 'C:/Program Files/Unity/Hub/Editor/2021.3.6f1/Editor/Data/MonoBleedingEdge/lib/mono/unityjit-win32'
Mono config path = 'C:/Program Files/Unity/Hub/Editor/2021.3.6f1/Editor/Data/MonoBleedingEdge/etc'
Using monoOptions --debugger-agent=transport=dt_socket,embedding=1,server=y,suspend=n,address=127.0.0.1:56196
Begin MonoManager ReloadAssembly
Registering precompiled unity dll's ...
Register platform support module: C:/Program Files/Unity/Hub/Editor/2021.3.6f1/Editor/Data/PlaybackEngines/MacStandaloneSupport/UnityEditor.OSXStandalone.Extensions.dll
Register platform support module: C:/Program Files/Unity/Hub/Editor/2021.3.6f1/Editor/Data/PlaybackEngines/WindowsStandaloneSupport/UnityEditor.WindowsStandalone.Extensions.dll
Registered in 0.006521 seconds.
Native extension for WindowsStandalone target not found
Native extension for OSXStandalone target not found
Refreshing native plugins compatible for Editor in 126.01 ms, found 3 plugins.
Preloading 0 native plugins for Editor in 0.00 ms.
Mono: successfully reloaded assembly
- Completed reload, in  0.695 seconds
Domain Reload Profiling:
	ReloadAssembly (695ms)
		BeginReloadAssembly (64ms)
			ExecutionOrderSort (0ms)
			DisableScriptedObjects (0ms)
			BackupInstance (0ms)
			ReleaseScriptingObjects (0ms)
			CreateAndSetChildDomain (1ms)
		EndReloadAssembly (519ms)
			LoadAssemblies (63ms)
			RebuildTransferFunctionScriptingTraits (0ms)
			SetupTypeCache (105ms)
			ReleaseScriptCaches (0ms)
			RebuildScriptCaches (27ms)
			SetupLoadedEditorAssemblies (331ms)
				LogAssemblyErrors (0ms)
				InitializePlatformSupportModulesInManaged (9ms)
				SetLoadedEditorAssemblies (0ms)
				RefreshPlugins (126ms)
				BeforeProcessingInitializeOnLoad (2ms)
				ProcessInitializeOnLoadAttributes (144ms)
				ProcessInitializeOnLoadMethodAttributes (50ms)
				AfterProcessingInitializeOnLoad (0ms)
				EditorAssembliesLoaded (0ms)
			ExecutionOrderSort2 (0ms)
			AwakeInstancesAfterBackupRestoration (0ms)
Platform modules already initialized, skipping
Registering precompiled user dll's ...
Registered in 0.003454 seconds.
Begin MonoManager ReloadAssembly
Symbol file LoadedFromMemory doesn't match image O:\MSc AI\Dissertation-Project\RPG\Library\PackageCache\com.unity.visualscripting@1.7.8\Editor\VisualScripting.Core\Dependencies\YamlDotNet\Unity.VisualScripting.YamlDotNet.dll
Symbol file LoadedFromMemory doesn't match image O:\MSc AI\Dissertation-Project\RPG\Library\PackageCache\com.unity.visualscripting@1.7.8\Editor\VisualScripting.Core\Dependencies\DotNetZip\Unity.VisualScripting.IonicZip.dll
Native extension for WindowsStandalone target not found
Native extension for OSXStandalone target not found
Refreshing native plugins compatible for Editor in 1.29 ms, found 3 plugins.
Preloading 0 native plugins for Editor in 0.00 ms.
Mono: successfully reloaded assembly
- Completed reload, in  1.113 seconds
Domain Reload Profiling:
	ReloadAssembly (1114ms)
		BeginReloadAssembly (126ms)
			ExecutionOrderSort (0ms)
			DisableScriptedObjects (5ms)
			BackupInstance (0ms)
			ReleaseScriptingObjects (0ms)
			CreateAndSetChildDomain (25ms)
		EndReloadAssembly (845ms)
			LoadAssemblies (100ms)
			RebuildTransferFunctionScriptingTraits (0ms)
			SetupTypeCache (275ms)
			ReleaseScriptCaches (1ms)
			RebuildScriptCaches (63ms)
			SetupLoadedEditorAssemblies (388ms)
				LogAssemblyErrors (0ms)
				InitializePlatformSupportModulesInManaged (6ms)
				SetLoadedEditorAssemblies (0ms)
				RefreshPlugins (1ms)
				BeforeProcessingInitializeOnLoad (79ms)
				ProcessInitializeOnLoadAttributes (270ms)
				ProcessInitializeOnLoadMethodAttributes (23ms)
				AfterProcessingInitializeOnLoad (5ms)
				EditorAssembliesLoaded (2ms)
			ExecutionOrderSort2 (0ms)
			AwakeInstancesAfterBackupRestoration (6ms)
Platform modules already initialized, skipping
========================================================================
Worker process is ready to serve import requests
Shader Custom/UnlitShadow uses undefined Queue: 'Opaque'
Shader Custom/UnlitShadow uses undefined Queue: 'Opaque'
Launched and connected shader compiler UnityShaderCompiler.exe after 0.04 seconds
Refreshing native plugins compatible for Editor in 1.41 ms, found 3 plugins.
Preloading 0 native plugins for Editor in 0.00 ms.
Unloading 4151 Unused Serialized files (Serialized files now loaded: 0)
Unloading 53 unused Assets / (1.4 MB). Loaded Objects now: 4636.
Memory consumption went from 243.7 MB to 242.3 MB.
Total: 3.494100 ms (FindLiveObjects: 0.313700 ms CreateObjectMapping: 0.107400 ms MarkObjects: 2.665500 ms  DeleteObjects: 0.406700 ms)

AssetImportParameters requested are different than current active one (requested -> active):
  custom:video-decoder-ogg-theora: a1e56fd34408186e4bbccfd4996cb3dc -> 
  custom:container-muxer-webm: aa71ff27fc2769a1b78a27578f13a17b -> 
  custom:container-demuxer-webm: 4f35f7cbe854078d1ac9338744f61a02 -> 
  custom:video-encoder-webm-vp8: eb34c28f22e8b96e1ab97ce403110664 -> 
  custom:audio-encoder-webm-vorbis: bf7c407c2cedff20999df2af8eb42d56 -> 
  custom:framework-win-MediaFoundation: 216162199b28c13a410421893ffa2e32 -> 
  custom:container-demuxer-ogg: 62fdf1f143b41e24485cea50d1cbac27 -> 
  custom:video-decoder-webm-vp8: 9c59270c3fd7afecdb556c50c9e8de78 -> 
  custom:audio-decoder-ogg-vorbis: bf7c407c2cedff20999df2af8eb42d56 -> 
========================================================================
Received Import Request.
  Time since last request: 267285.164311 seconds.
  path: Assets/Prefabs/Enemies/Skeleton.prefab
  artifactKey: Guid(00e2aa8825c9b0b4e9db4aaed66426f5) Importer(815301076,1909f56bfc062723c751e8b465ee728b)
Start importing Assets/Prefabs/Enemies/Skeleton.prefab using Guid(00e2aa8825c9b0b4e9db4aaed66426f5) Importer(815301076,1909f56bfc062723c751e8b465ee728b)  -> (artifact id: '3d7cbc99e849c2e9e075596af9ecc7a0') in 0.341517 seconds 
========================================================================
Received Prepare
Registering precompiled user dll's ...
Registered in 0.003057 seconds.
Begin MonoManager ReloadAssembly
Symbol file LoadedFromMemory doesn't match image O:\MSc AI\Dissertation-Project\RPG\Library\PackageCache\com.unity.visualscripting@1.7.8\Editor\VisualScripting.Core\Dependencies\YamlDotNet\Unity.VisualScripting.YamlDotNet.dll
Symbol file LoadedFromMemory doesn't match image O:\MSc AI\Dissertation-Project\RPG\Library\PackageCache\com.unity.visualscripting@1.7.8\Editor\VisualScripting.Core\Dependencies\DotNetZip\Unity.VisualScripting.IonicZip.dll
Native extension for WindowsStandalone target not found
Native extension for OSXStandalone target not found
Refreshing native plugins compatible for Editor in 1.37 ms, found 3 plugins.
Preloading 0 native plugins for Editor in 0.00 ms.
Mono: successfully reloaded assembly
- Completed reload, in  0.843 seconds
Domain Reload Profiling:
	ReloadAssembly (843ms)
		BeginReloadAssembly (116ms)
			ExecutionOrderSort (0ms)
			DisableScriptedObjects (3ms)
			BackupInstance (0ms)
			ReleaseScriptingObjects (0ms)
			CreateAndSetChildDomain (42ms)
		EndReloadAssembly (650ms)
			LoadAssemblies (60ms)
			RebuildTransferFunctionScriptingTraits (0ms)
			SetupTypeCache (219ms)
			ReleaseScriptCaches (1ms)
			RebuildScriptCaches (33ms)
			SetupLoadedEditorAssemblies (305ms)
				LogAssemblyErrors (0ms)
				InitializePlatformSupportModulesInManaged (11ms)
				SetLoadedEditorAssemblies (0ms)
				RefreshPlugins (1ms)
				BeforeProcessingInitializeOnLoad (57ms)
				ProcessInitializeOnLoadAttributes (209ms)
				ProcessInitializeOnLoadMethodAttributes (20ms)
				AfterProcessingInitializeOnLoad (5ms)
				EditorAssembliesLoaded (0ms)
			ExecutionOrderSort2 (0ms)
			AwakeInstancesAfterBackupRestoration (4ms)
Platform modules already initialized, skipping
Shader Custom/UnlitShadow uses undefined Queue: 'Opaque'
Shader Custom/UnlitShadow uses undefined Queue: 'Opaque'
Refreshing native plugins compatible for Editor in 2.69 ms, found 3 plugins.
Preloading 0 native plugins for Editor in 0.00 ms.
Unloading 4091 Unused Serialized files (Serialized files now loaded: 0)
Unloading 34 unused Assets / (1.4 MB). Loaded Objects now: 4659.
Memory consumption went from 255.1 MB to 253.7 MB.
Total: 3.817500 ms (FindLiveObjects: 0.327800 ms CreateObjectMapping: 0.090000 ms MarkObjects: 3.008600 ms  DeleteObjects: 0.390400 ms)

AssetImportParameters requested are different than current active one (requested -> active):
  custom:video-decoder-ogg-theora: a1e56fd34408186e4bbccfd4996cb3dc -> 
  custom:container-muxer-webm: aa71ff27fc2769a1b78a27578f13a17b -> 
  custom:container-demuxer-webm: 4f35f7cbe854078d1ac9338744f61a02 -> 
  custom:video-encoder-webm-vp8: eb34c28f22e8b96e1ab97ce403110664 -> 
  custom:audio-encoder-webm-vorbis: bf7c407c2cedff20999df2af8eb42d56 -> 
  custom:framework-win-MediaFoundation: 216162199b28c13a410421893ffa2e32 -> 
  custom:container-demuxer-ogg: 62fdf1f143b41e24485cea50d1cbac27 -> 
  custom:video-decoder-webm-vp8: 9c59270c3fd7afecdb556c50c9e8de78 -> 
  custom:audio-decoder-ogg-vorbis: bf7c407c2cedff20999df2af8eb42d56 -> 
========================================================================
Received Prepare
Registering precompiled user dll's ...
Registered in 0.003306 seconds.
Begin MonoManager ReloadAssembly
Symbol file LoadedFromMemory doesn't match image O:\MSc AI\Dissertation-Project\RPG\Library\PackageCache\com.unity.visualscripting@1.7.8\Editor\VisualScripting.Core\Dependencies\YamlDotNet\Unity.VisualScripting.YamlDotNet.dll
Symbol file LoadedFromMemory doesn't match image O:\MSc AI\Dissertation-Project\RPG\Library\PackageCache\com.unity.visualscripting@1.7.8\Editor\VisualScripting.Core\Dependencies\DotNetZip\Unity.VisualScripting.IonicZip.dll
Native extension for WindowsStandalone target not found
Native extension for OSXStandalone target not found
Refreshing native plugins compatible for Editor in 2.15 ms, found 3 plugins.
Preloading 0 native plugins for Editor in 0.00 ms.
Mono: successfully reloaded assembly
- Completed reload, in  0.853 seconds
Domain Reload Profiling:
	ReloadAssembly (854ms)
		BeginReloadAssembly (112ms)
			ExecutionOrderSort (0ms)
			DisableScriptedObjects (3ms)
			BackupInstance (0ms)
			ReleaseScriptingObjects (0ms)
			CreateAndSetChildDomain (38ms)
		EndReloadAssembly (671ms)
			LoadAssemblies (62ms)
			RebuildTransferFunctionScriptingTraits (0ms)
			SetupTypeCache (203ms)
			ReleaseScriptCaches (1ms)
			RebuildScriptCaches (33ms)
			SetupLoadedEditorAssemblies (336ms)
				LogAssemblyErrors (0ms)
				InitializePlatformSupportModulesInManaged (11ms)
				SetLoadedEditorAssemblies (0ms)
				RefreshPlugins (2ms)
				BeforeProcessingInitializeOnLoad (54ms)
				ProcessInitializeOnLoadAttributes (240ms)
				ProcessInitializeOnLoadMethodAttributes (23ms)
				AfterProcessingInitializeOnLoad (5ms)
				EditorAssembliesLoaded (0ms)
			ExecutionOrderSort2 (0ms)
			AwakeInstancesAfterBackupRestoration (5ms)
Platform modules already initialized, skipping
Shader Custom/UnlitShadow uses undefined Queue: 'Opaque'
Shader Custom/UnlitShadow uses undefined Queue: 'Opaque'
Refreshing native plugins compatible for Editor in 2.44 ms, found 3 plugins.
Preloading 0 native plugins for Editor in 0.00 ms.
Unloading 4091 Unused Serialized files (Serialized files now loaded: 0)
Unloading 34 unused Assets / (1.4 MB). Loaded Objects now: 4674.
Memory consumption went from 255.1 MB to 253.7 MB.
Total: 3.132800 ms (FindLiveObjects: 0.291200 ms CreateObjectMapping: 0.095600 ms MarkObjects: 2.405400 ms  DeleteObjects: 0.339800 ms)

AssetImportParameters requested are different than current active one (requested -> active):
  custom:video-decoder-ogg-theora: a1e56fd34408186e4bbccfd4996cb3dc -> 
  custom:container-muxer-webm: aa71ff27fc2769a1b78a27578f13a17b -> 
  custom:container-demuxer-webm: 4f35f7cbe854078d1ac9338744f61a02 -> 
  custom:video-encoder-webm-vp8: eb34c28f22e8b96e1ab97ce403110664 -> 
  custom:audio-encoder-webm-vorbis: bf7c407c2cedff20999df2af8eb42d56 -> 
  custom:framework-win-MediaFoundation: 216162199b28c13a410421893ffa2e32 -> 
  custom:container-demuxer-ogg: 62fdf1f143b41e24485cea50d1cbac27 -> 
  custom:video-decoder-webm-vp8: 9c59270c3fd7afecdb556c50c9e8de78 -> 
  custom:audio-decoder-ogg-vorbis: bf7c407c2cedff20999df2af8eb42d56 -> 
========================================================================
Received Prepare
Registering precompiled user dll's ...
Registered in 0.002779 seconds.
Begin MonoManager ReloadAssembly
Symbol file LoadedFromMemory doesn't match image O:\MSc AI\Dissertation-Project\RPG\Library\PackageCache\com.unity.visualscripting@1.7.8\Editor\VisualScripting.Core\Dependencies\YamlDotNet\Unity.VisualScripting.YamlDotNet.dll
Symbol file LoadedFromMemory doesn't match image O:\MSc AI\Dissertation-Project\RPG\Library\PackageCache\com.unity.visualscripting@1.7.8\Editor\VisualScripting.Core\Dependencies\DotNetZip\Unity.VisualScripting.IonicZip.dll
Native extension for WindowsStandalone target not found
Native extension for OSXStandalone target not found
Refreshing native plugins compatible for Editor in 1.26 ms, found 3 plugins.
Preloading 0 native plugins for Editor in 0.00 ms.
Mono: successfully reloaded assembly
- Completed reload, in  0.902 seconds
Domain Reload Profiling:
	ReloadAssembly (903ms)
		BeginReloadAssembly (121ms)
			ExecutionOrderSort (0ms)
			DisableScriptedObjects (4ms)
			BackupInstance (0ms)
			ReleaseScriptingObjects (0ms)
			CreateAndSetChildDomain (33ms)
		EndReloadAssembly (699ms)
			LoadAssemblies (76ms)
			RebuildTransferFunctionScriptingTraits (0ms)
			SetupTypeCache (217ms)
			ReleaseScriptCaches (2ms)
			RebuildScriptCaches (38ms)
			SetupLoadedEditorAssemblies (349ms)
				LogAssemblyErrors (0ms)
				InitializePlatformSupportModulesInManaged (11ms)
				SetLoadedEditorAssemblies (0ms)
				RefreshPlugins (1ms)
				BeforeProcessingInitializeOnLoad (96ms)
				ProcessInitializeOnLoadAttributes (213ms)
				ProcessInitializeOnLoadMethodAttributes (22ms)
				AfterProcessingInitializeOnLoad (5ms)
				EditorAssembliesLoaded (0ms)
			ExecutionOrderSort2 (0ms)
			AwakeInstancesAfterBackupRestoration (4ms)
Platform modules already initialized, skipping
Shader Custom/UnlitShadow uses undefined Queue: 'Opaque'
Shader Custom/UnlitShadow uses undefined Queue: 'Opaque'
Refreshing native plugins compatible for Editor in 2.82 ms, found 3 plugins.
Preloading 0 native plugins for Editor in 0.00 ms.
Unloading 4091 Unused Serialized files (Serialized files now loaded: 0)
Unloading 34 unused Assets / (1.4 MB). Loaded Objects now: 4689.
Memory consumption went from 255.2 MB to 253.8 MB.
Total: 3.352600 ms (FindLiveObjects: 0.335800 ms CreateObjectMapping: 0.115400 ms MarkObjects: 2.576900 ms  DeleteObjects: 0.324000 ms)

AssetImportParameters requested are different than current active one (requested -> active):
  custom:video-decoder-ogg-theora: a1e56fd34408186e4bbccfd4996cb3dc -> 
  custom:container-muxer-webm: aa71ff27fc2769a1b78a27578f13a17b -> 
  custom:container-demuxer-webm: 4f35f7cbe854078d1ac9338744f61a02 -> 
  custom:video-encoder-webm-vp8: eb34c28f22e8b96e1ab97ce403110664 -> 
  custom:audio-encoder-webm-vorbis: bf7c407c2cedff20999df2af8eb42d56 -> 
  custom:framework-win-MediaFoundation: 216162199b28c13a410421893ffa2e32 -> 
  custom:container-demuxer-ogg: 62fdf1f143b41e24485cea50d1cbac27 -> 
  custom:video-decoder-webm-vp8: 9c59270c3fd7afecdb556c50c9e8de78 -> 
  custom:audio-decoder-ogg-vorbis: bf7c407c2cedff20999df2af8eb42d56 -> 
========================================================================
Received Import Request.
  Time since last request: 456.045951 seconds.
  path: Assets/Prefabs/Enemies/Skeleton.prefab
  artifactKey: Guid(00e2aa8825c9b0b4e9db4aaed66426f5) Importer(815301076,1909f56bfc062723c751e8b465ee728b)
Start importing Assets/Prefabs/Enemies/Skeleton.prefab using Guid(00e2aa8825c9b0b4e9db4aaed66426f5) Importer(815301076,1909f56bfc062723c751e8b465ee728b)  -> (artifact id: '1548c44e0072cb9fc0f123ca301f9e43') in 0.151801 seconds 
========================================================================
Received Import Request.
  Time since last request: 0.000029 seconds.
  path: Assets/Prefabs/Enemies/WolfRider.prefab
  artifactKey: Guid(fd998faee840b504ca031d05af252f71) Importer(815301076,1909f56bfc062723c751e8b465ee728b)
Start importing Assets/Prefabs/Enemies/WolfRider.prefab using Guid(fd998faee840b504ca031d05af252f71) Importer(815301076,1909f56bfc062723c751e8b465ee728b)  -> (artifact id: 'f789b08789375f53fdd06fa9c93e10ff') in 0.066265 seconds 
========================================================================
Received Prepare
Registering precompiled user dll's ...
Registered in 0.002692 seconds.
Begin MonoManager ReloadAssembly
Symbol file LoadedFromMemory doesn't match image O:\MSc AI\Dissertation-Project\RPG\Library\PackageCache\com.unity.visualscripting@1.7.8\Editor\VisualScripting.Core\Dependencies\YamlDotNet\Unity.VisualScripting.YamlDotNet.dll
Symbol file LoadedFromMemory doesn't match image O:\MSc AI\Dissertation-Project\RPG\Library\PackageCache\com.unity.visualscripting@1.7.8\Editor\VisualScripting.Core\Dependencies\DotNetZip\Unity.VisualScripting.IonicZip.dll
Native extension for WindowsStandalone target not found
Native extension for OSXStandalone target not found
Refreshing native plugins compatible for Editor in 1.32 ms, found 3 plugins.
Preloading 0 native plugins for Editor in 0.00 ms.
Mono: successfully reloaded assembly
- Completed reload, in  0.873 seconds
Domain Reload Profiling:
	ReloadAssembly (873ms)
		BeginReloadAssembly (117ms)
			ExecutionOrderSort (0ms)
			DisableScriptedObjects (4ms)
			BackupInstance (0ms)
			ReleaseScriptingObjects (0ms)
			CreateAndSetChildDomain (43ms)
		EndReloadAssembly (686ms)
			LoadAssemblies (62ms)
			RebuildTransferFunctionScriptingTraits (0ms)
			SetupTypeCache (214ms)
			ReleaseScriptCaches (1ms)
			RebuildScriptCaches (35ms)
			SetupLoadedEditorAssemblies (338ms)
				LogAssemblyErrors (0ms)
				InitializePlatformSupportModulesInManaged (12ms)
				SetLoadedEditorAssemblies (0ms)
				RefreshPlugins (1ms)
				BeforeProcessingInitializeOnLoad (60ms)
				ProcessInitializeOnLoadAttributes (234ms)
				ProcessInitializeOnLoadMethodAttributes (26ms)
				AfterProcessingInitializeOnLoad (5ms)
				EditorAssembliesLoaded (0ms)
			ExecutionOrderSort2 (0ms)
			AwakeInstancesAfterBackupRestoration (4ms)
Platform modules already initialized, skipping
Shader Custom/UnlitShadow uses undefined Queue: 'Opaque'
Shader Custom/UnlitShadow uses undefined Queue: 'Opaque'
Refreshing native plugins compatible for Editor in 3.02 ms, found 3 plugins.
Preloading 0 native plugins for Editor in 0.00 ms.
Unloading 4091 Unused Serialized files (Serialized files now loaded: 0)
Unloading 34 unused Assets / (1.4 MB). Loaded Objects now: 4704.
Memory consumption went from 255.3 MB to 253.9 MB.
Total: 3.158100 ms (FindLiveObjects: 0.299200 ms CreateObjectMapping: 0.089000 ms MarkObjects: 2.429800 ms  DeleteObjects: 0.339300 ms)

AssetImportParameters requested are different than current active one (requested -> active):
  custom:video-decoder-ogg-theora: a1e56fd34408186e4bbccfd4996cb3dc -> 
  custom:container-muxer-webm: aa71ff27fc2769a1b78a27578f13a17b -> 
  custom:container-demuxer-webm: 4f35f7cbe854078d1ac9338744f61a02 -> 
  custom:video-encoder-webm-vp8: eb34c28f22e8b96e1ab97ce403110664 -> 
  custom:audio-encoder-webm-vorbis: bf7c407c2cedff20999df2af8eb42d56 -> 
  custom:framework-win-MediaFoundation: 216162199b28c13a410421893ffa2e32 -> 
  custom:container-demuxer-ogg: 62fdf1f143b41e24485cea50d1cbac27 -> 
  custom:video-decoder-webm-vp8: 9c59270c3fd7afecdb556c50c9e8de78 -> 
  custom:audio-decoder-ogg-vorbis: bf7c407c2cedff20999df2af8eb42d56 -> 
========================================================================
Received Import Request.
  Time since last request: 857.055858 seconds.
  path: Assets/Prefabs/Players/Player1Character1.prefab
  artifactKey: Guid(2db5bc2fd49fd84478d966cd26599710) Importer(815301076,1909f56bfc062723c751e8b465ee728b)
Start importing Assets/Prefabs/Players/Player1Character1.prefab using Guid(2db5bc2fd49fd84478d966cd26599710) Importer(815301076,1909f56bfc062723c751e8b465ee728b)  -> (artifact id: '6aea9c04642b728f2cbfd84d4a291cb0') in 0.655637 seconds 
========================================================================
Received Import Request.
  Time since last request: 0.000035 seconds.
  path: Assets/Prefabs/Players/Player1Character4.prefab
  artifactKey: Guid(940bbeede757e5c46aa1232d0f4a7209) Importer(815301076,1909f56bfc062723c751e8b465ee728b)
Start importing Assets/Prefabs/Players/Player1Character4.prefab using Guid(940bbeede757e5c46aa1232d0f4a7209) Importer(815301076,1909f56bfc062723c751e8b465ee728b)  -> (artifact id: '126067c7a894dd7d619504db223c40f0') in 0.321689 seconds 
========================================================================
Received Import Request.
  Time since last request: 0.000051 seconds.
  path: Assets/Prefabs/Players/Player1Character5.prefab
  artifactKey: Guid(86869c8ef905ce44ab4e0f4ad69dd67b) Importer(815301076,1909f56bfc062723c751e8b465ee728b)
Start importing Assets/Prefabs/Players/Player1Character5.prefab using Guid(86869c8ef905ce44ab4e0f4ad69dd67b) Importer(815301076,1909f56bfc062723c751e8b465ee728b)  -> (artifact id: '3cf25c1f650bb8b3d7403bd53f797dbe') in 0.311569 seconds 
========================================================================
Received Prepare
Registering precompiled user dll's ...
Registered in 0.003955 seconds.
Begin MonoManager ReloadAssembly
Symbol file LoadedFromMemory doesn't match image O:\MSc AI\Dissertation-Project\RPG\Library\PackageCache\com.unity.visualscripting@1.7.8\Editor\VisualScripting.Core\Dependencies\YamlDotNet\Unity.VisualScripting.YamlDotNet.dll
Symbol file LoadedFromMemory doesn't match image O:\MSc AI\Dissertation-Project\RPG\Library\PackageCache\com.unity.visualscripting@1.7.8\Editor\VisualScripting.Core\Dependencies\DotNetZip\Unity.VisualScripting.IonicZip.dll
Native extension for WindowsStandalone target not found
Native extension for OSXStandalone target not found
Refreshing native plugins compatible for Editor in 2.20 ms, found 3 plugins.
Preloading 0 native plugins for Editor in 0.00 ms.
Mono: successfully reloaded assembly
- Completed reload, in  0.898 seconds
Domain Reload Profiling:
	ReloadAssembly (898ms)
		BeginReloadAssembly (119ms)
			ExecutionOrderSort (0ms)
			DisableScriptedObjects (4ms)
			BackupInstance (0ms)
			ReleaseScriptingObjects (0ms)
			CreateAndSetChildDomain (40ms)
		EndReloadAssembly (700ms)
			LoadAssemblies (68ms)
			RebuildTransferFunctionScriptingTraits (0ms)
			SetupTypeCache (211ms)
			ReleaseScriptCaches (2ms)
			RebuildScriptCaches (45ms)
			SetupLoadedEditorAssemblies (325ms)
				LogAssemblyErrors (0ms)
				InitializePlatformSupportModulesInManaged (20ms)
				SetLoadedEditorAssemblies (1ms)
				RefreshPlugins (2ms)
				BeforeProcessingInitializeOnLoad (63ms)
				ProcessInitializeOnLoadAttributes (212ms)
				ProcessInitializeOnLoadMethodAttributes (21ms)
				AfterProcessingInitializeOnLoad (5ms)
				EditorAssembliesLoaded (0ms)
			ExecutionOrderSort2 (0ms)
			AwakeInstancesAfterBackupRestoration (4ms)
Platform modules already initialized, skipping
Shader Custom/UnlitShadow uses undefined Queue: 'Opaque'
Shader Custom/UnlitShadow uses undefined Queue: 'Opaque'
Refreshing native plugins compatible for Editor in 2.08 ms, found 3 plugins.
Preloading 0 native plugins for Editor in 0.00 ms.
Unloading 4091 Unused Serialized files (Serialized files now loaded: 0)
Unloading 34 unused Assets / (1.4 MB). Loaded Objects now: 4720.
Memory consumption went from 257.9 MB to 256.5 MB.
Total: 3.049000 ms (FindLiveObjects: 0.290400 ms CreateObjectMapping: 0.102900 ms MarkObjects: 2.335100 ms  DeleteObjects: 0.319800 ms)

AssetImportParameters requested are different than current active one (requested -> active):
  custom:video-decoder-ogg-theora: a1e56fd34408186e4bbccfd4996cb3dc -> 
  custom:container-muxer-webm: aa71ff27fc2769a1b78a27578f13a17b -> 
  custom:container-demuxer-webm: 4f35f7cbe854078d1ac9338744f61a02 -> 
  custom:video-encoder-webm-vp8: eb34c28f22e8b96e1ab97ce403110664 -> 
  custom:audio-encoder-webm-vorbis: bf7c407c2cedff20999df2af8eb42d56 -> 
  custom:framework-win-MediaFoundation: 216162199b28c13a410421893ffa2e32 -> 
  custom:container-demuxer-ogg: 62fdf1f143b41e24485cea50d1cbac27 -> 
  custom:video-decoder-webm-vp8: 9c59270c3fd7afecdb556c50c9e8de78 -> 
  custom:audio-decoder-ogg-vorbis: bf7c407c2cedff20999df2af8eb42d56 -> 
========================================================================
Received Prepare
Registering precompiled user dll's ...
Registered in 0.003443 seconds.
Begin MonoManager ReloadAssembly
Symbol file LoadedFromMemory doesn't match image O:\MSc AI\Dissertation-Project\RPG\Library\PackageCache\com.unity.visualscripting@1.7.8\Editor\VisualScripting.Core\Dependencies\YamlDotNet\Unity.VisualScripting.YamlDotNet.dll
Symbol file LoadedFromMemory doesn't match image O:\MSc AI\Dissertation-Project\RPG\Library\PackageCache\com.unity.visualscripting@1.7.8\Editor\VisualScripting.Core\Dependencies\DotNetZip\Unity.VisualScripting.IonicZip.dll
Native extension for WindowsStandalone target not found
Native extension for OSXStandalone target not found
Refreshing native plugins compatible for Editor in 1.37 ms, found 3 plugins.
Preloading 0 native plugins for Editor in 0.00 ms.
Mono: successfully reloaded assembly
- Completed reload, in  0.893 seconds
Domain Reload Profiling:
	ReloadAssembly (894ms)
		BeginReloadAssembly (114ms)
			ExecutionOrderSort (0ms)
			DisableScriptedObjects (4ms)
			BackupInstance (0ms)
			ReleaseScriptingObjects (0ms)
			CreateAndSetChildDomain (39ms)
		EndReloadAssembly (694ms)
			LoadAssemblies (61ms)
			RebuildTransferFunctionScriptingTraits (0ms)
			SetupTypeCache (199ms)
			ReleaseScriptCaches (2ms)
			RebuildScriptCaches (41ms)
			SetupLoadedEditorAssemblies (349ms)
				LogAssemblyErrors (0ms)
				InitializePlatformSupportModulesInManaged (14ms)
				SetLoadedEditorAssemblies (0ms)
				RefreshPlugins (1ms)
				BeforeProcessingInitializeOnLoad (60ms)
				ProcessInitializeOnLoadAttributes (240ms)
				ProcessInitializeOnLoadMethodAttributes (28ms)
				AfterProcessingInitializeOnLoad (5ms)
				EditorAssembliesLoaded (0ms)
			ExecutionOrderSort2 (0ms)
			AwakeInstancesAfterBackupRestoration (4ms)
Platform modules already initialized, skipping
Shader Custom/UnlitShadow uses undefined Queue: 'Opaque'
Shader Custom/UnlitShadow uses undefined Queue: 'Opaque'
Refreshing native plugins compatible for Editor in 2.94 ms, found 3 plugins.
Preloading 0 native plugins for Editor in 0.00 ms.
Unloading 4091 Unused Serialized files (Serialized files now loaded: 0)
Unloading 34 unused Assets / (1.4 MB). Loaded Objects now: 4735.
Memory consumption went from 257.9 MB to 256.5 MB.
Total: 3.552100 ms (FindLiveObjects: 0.313400 ms CreateObjectMapping: 0.096000 ms MarkObjects: 2.650600 ms  DeleteObjects: 0.491200 ms)

AssetImportParameters requested are different than current active one (requested -> active):
  custom:video-decoder-ogg-theora: a1e56fd34408186e4bbccfd4996cb3dc -> 
  custom:container-muxer-webm: aa71ff27fc2769a1b78a27578f13a17b -> 
  custom:container-demuxer-webm: 4f35f7cbe854078d1ac9338744f61a02 -> 
  custom:video-encoder-webm-vp8: eb34c28f22e8b96e1ab97ce403110664 -> 
  custom:audio-encoder-webm-vorbis: bf7c407c2cedff20999df2af8eb42d56 -> 
  custom:framework-win-MediaFoundation: 216162199b28c13a410421893ffa2e32 -> 
  custom:container-demuxer-ogg: 62fdf1f143b41e24485cea50d1cbac27 -> 
  custom:video-decoder-webm-vp8: 9c59270c3fd7afecdb556c50c9e8de78 -> 
  custom:audio-decoder-ogg-vorbis: bf7c407c2cedff20999df2af8eb42d56 -> 
========================================================================
Received Import Request.
  Time since last request: 244.985291 seconds.
  path: Assets/Prefabs/Enemies/Skeleton.prefab
  artifactKey: Guid(00e2aa8825c9b0b4e9db4aaed66426f5) Importer(815301076,1909f56bfc062723c751e8b465ee728b)
Start importing Assets/Prefabs/Enemies/Skeleton.prefab using Guid(00e2aa8825c9b0b4e9db4aaed66426f5) Importer(815301076,1909f56bfc062723c751e8b465ee728b)  -> (artifact id: '23d50048f607e4331120d17b568a21c0') in 0.234376 seconds 
========================================================================
Received Prepare
Registering precompiled user dll's ...
Registered in 0.003072 seconds.
Begin MonoManager ReloadAssembly
Symbol file LoadedFromMemory doesn't match image O:\MSc AI\Dissertation-Project\RPG\Library\PackageCache\com.unity.visualscripting@1.7.8\Editor\VisualScripting.Core\Dependencies\YamlDotNet\Unity.VisualScripting.YamlDotNet.dll
Symbol file LoadedFromMemory doesn't match image O:\MSc AI\Dissertation-Project\RPG\Library\PackageCache\com.unity.visualscripting@1.7.8\Editor\VisualScripting.Core\Dependencies\DotNetZip\Unity.VisualScripting.IonicZip.dll
Native extension for WindowsStandalone target not found
Native extension for OSXStandalone target not found
Refreshing native plugins compatible for Editor in 2.11 ms, found 3 plugins.
Preloading 0 native plugins for Editor in 0.00 ms.
Mono: successfully reloaded assembly
- Completed reload, in  0.902 seconds
Domain Reload Profiling:
	ReloadAssembly (903ms)
		BeginReloadAssembly (120ms)
			ExecutionOrderSort (0ms)
			DisableScriptedObjects (4ms)
			BackupInstance (0ms)
			ReleaseScriptingObjects (0ms)
			CreateAndSetChildDomain (43ms)
		EndReloadAssembly (704ms)
			LoadAssemblies (65ms)
			RebuildTransferFunctionScriptingTraits (0ms)
			SetupTypeCache (195ms)
			ReleaseScriptCaches (2ms)
			RebuildScriptCaches (44ms)
			SetupLoadedEditorAssemblies (325ms)
				LogAssemblyErrors (0ms)
				InitializePlatformSupportModulesInManaged (21ms)
				SetLoadedEditorAssemblies (0ms)
				RefreshPlugins (2ms)
				BeforeProcessingInitializeOnLoad (60ms)
				ProcessInitializeOnLoadAttributes (211ms)
				ProcessInitializeOnLoadMethodAttributes (24ms)
				AfterProcessingInitializeOnLoad (7ms)
				EditorAssembliesLoaded (0ms)
			ExecutionOrderSort2 (0ms)
			AwakeInstancesAfterBackupRestoration (6ms)
Platform modules already initialized, skipping
Shader Custom/UnlitShadow uses undefined Queue: 'Opaque'
Shader Custom/UnlitShadow uses undefined Queue: 'Opaque'
Refreshing native plugins compatible for Editor in 2.48 ms, found 3 plugins.
Preloading 0 native plugins for Editor in 0.00 ms.
Unloading 4091 Unused Serialized files (Serialized files now loaded: 0)
Unloading 34 unused Assets / (1.4 MB). Loaded Objects now: 4750.
Memory consumption went from 257.9 MB to 256.5 MB.
Total: 3.094700 ms (FindLiveObjects: 0.280900 ms CreateObjectMapping: 0.088600 ms MarkObjects: 2.393500 ms  DeleteObjects: 0.330800 ms)

AssetImportParameters requested are different than current active one (requested -> active):
  custom:video-decoder-ogg-theora: a1e56fd34408186e4bbccfd4996cb3dc -> 
  custom:container-muxer-webm: aa71ff27fc2769a1b78a27578f13a17b -> 
  custom:container-demuxer-webm: 4f35f7cbe854078d1ac9338744f61a02 -> 
  custom:video-encoder-webm-vp8: eb34c28f22e8b96e1ab97ce403110664 -> 
  custom:audio-encoder-webm-vorbis: bf7c407c2cedff20999df2af8eb42d56 -> 
  custom:framework-win-MediaFoundation: 216162199b28c13a410421893ffa2e32 -> 
  custom:container-demuxer-ogg: 62fdf1f143b41e24485cea50d1cbac27 -> 
  custom:video-decoder-webm-vp8: 9c59270c3fd7afecdb556c50c9e8de78 -> 
  custom:audio-decoder-ogg-vorbis: bf7c407c2cedff20999df2af8eb42d56 -> 
========================================================================
Received Import Request.
  Time since last request: 1079.323591 seconds.
  path: Assets/TerrainTextures/Sand_Beach_Base_Basecolor.png
  artifactKey: Guid(5c38e2edb8ae412468d3186b2e38caf1) Importer(815301076,1909f56bfc062723c751e8b465ee728b)
Start importing Assets/TerrainTextures/Sand_Beach_Base_Basecolor.png using Guid(5c38e2edb8ae412468d3186b2e38caf1) Importer(815301076,1909f56bfc062723c751e8b465ee728b)  -> (artifact id: '87519112f485166b5d5e151ad448725e') in 0.087253 seconds 
========================================================================
Received Import Request.
  Time since last request: 0.000020 seconds.
  path: Assets/TerrainTextures/Dry Dirt.png
  artifactKey: Guid(e87219c4214ce324db05cbc174727d19) Importer(815301076,1909f56bfc062723c751e8b465ee728b)
Start importing Assets/TerrainTextures/Dry Dirt.png using Guid(e87219c4214ce324db05cbc174727d19) Importer(815301076,1909f56bfc062723c751e8b465ee728b)  -> (artifact id: 'ba0b1c9b4e00fb1a9717626d0bc3cb7b') in 0.015975 seconds 
========================================================================
Received Import Request.
  Time since last request: 0.000025 seconds.
  path: Assets/TerrainTextures/dirt01.tga
  artifactKey: Guid(30ec70ef60a2bb54ea2df6f72c77bdc6) Importer(815301076,1909f56bfc062723c751e8b465ee728b)
Start importing Assets/TerrainTextures/dirt01.tga using Guid(30ec70ef60a2bb54ea2df6f72c77bdc6) Importer(815301076,1909f56bfc062723c751e8b465ee728b)  -> (artifact id: '88f57560951280438a05a93baf5cfc26') in 0.017819 seconds 
========================================================================
Received Import Request.
  Time since last request: 0.942793 seconds.
  path: Assets/TerrainTextures/Grass_Flower_Tint_01_FlowerBlue_B_Normal.png
  artifactKey: Guid(05c68aaa4f0b31d45ad28e84c8ff590e) Importer(815301076,1909f56bfc062723c751e8b465ee728b)
Start importing Assets/TerrainTextures/Grass_Flower_Tint_01_FlowerBlue_B_Normal.png using Guid(05c68aaa4f0b31d45ad28e84c8ff590e) Importer(815301076,1909f56bfc062723c751e8b465ee728b)  -> (artifact id: 'ab9b3c3c5a485d2c5eae3e87a51b309b') in 0.018862 seconds 
========================================================================
Received Prepare
Registering precompiled user dll's ...
Registered in 0.002634 seconds.
Begin MonoManager ReloadAssembly
Symbol file LoadedFromMemory doesn't match image O:\MSc AI\Dissertation-Project\RPG\Library\PackageCache\com.unity.visualscripting@1.7.8\Editor\VisualScripting.Core\Dependencies\YamlDotNet\Unity.VisualScripting.YamlDotNet.dll
Symbol file LoadedFromMemory doesn't match image O:\MSc AI\Dissertation-Project\RPG\Library\PackageCache\com.unity.visualscripting@1.7.8\Editor\VisualScripting.Core\Dependencies\DotNetZip\Unity.VisualScripting.IonicZip.dll
Native extension for WindowsStandalone target not found
Native extension for OSXStandalone target not found
Refreshing native plugins compatible for Editor in 1.61 ms, found 3 plugins.
Preloading 0 native plugins for Editor in 0.00 ms.
Mono: successfully reloaded assembly
- Completed reload, in  0.917 seconds
Domain Reload Profiling:
	ReloadAssembly (917ms)
		BeginReloadAssembly (118ms)
			ExecutionOrderSort (0ms)
			DisableScriptedObjects (5ms)
			BackupInstance (0ms)
			ReleaseScriptingObjects (0ms)
			CreateAndSetChildDomain (40ms)
		EndReloadAssembly (723ms)
			LoadAssemblies (59ms)
			RebuildTransferFunctionScriptingTraits (0ms)
			SetupTypeCache (205ms)
			ReleaseScriptCaches (2ms)
			RebuildScriptCaches (45ms)
			SetupLoadedEditorAssemblies (318ms)
				LogAssemblyErrors (0ms)
				InitializePlatformSupportModulesInManaged (11ms)
				SetLoadedEditorAssemblies (0ms)
				RefreshPlugins (2ms)
				BeforeProcessingInitializeOnLoad (63ms)
				ProcessInitializeOnLoadAttributes (217ms)
				ProcessInitializeOnLoadMethodAttributes (21ms)
				AfterProcessingInitializeOnLoad (5ms)
				EditorAssembliesLoaded (0ms)
			ExecutionOrderSort2 (0ms)
			AwakeInstancesAfterBackupRestoration (4ms)
Platform modules already initialized, skipping
Shader Custom/UnlitShadow uses undefined Queue: 'Opaque'
Shader Custom/UnlitShadow uses undefined Queue: 'Opaque'
Refreshing native plugins compatible for Editor in 1.98 ms, found 3 plugins.
Preloading 0 native plugins for Editor in 0.00 ms.
Unloading 4091 Unused Serialized files (Serialized files now loaded: 0)
Unloading 34 unused Assets / (1.4 MB). Loaded Objects now: 4768.
Memory consumption went from 258.0 MB to 256.6 MB.
Total: 3.237100 ms (FindLiveObjects: 0.340000 ms CreateObjectMapping: 0.093100 ms MarkObjects: 2.451700 ms  DeleteObjects: 0.351600 ms)

AssetImportParameters requested are different than current active one (requested -> active):
  custom:video-decoder-ogg-theora: a1e56fd34408186e4bbccfd4996cb3dc -> 
  custom:container-muxer-webm: aa71ff27fc2769a1b78a27578f13a17b -> 
  custom:container-demuxer-webm: 4f35f7cbe854078d1ac9338744f61a02 -> 
  custom:video-encoder-webm-vp8: eb34c28f22e8b96e1ab97ce403110664 -> 
  custom:audio-encoder-webm-vorbis: bf7c407c2cedff20999df2af8eb42d56 -> 
  custom:framework-win-MediaFoundation: 216162199b28c13a410421893ffa2e32 -> 
  custom:container-demuxer-ogg: 62fdf1f143b41e24485cea50d1cbac27 -> 
  custom:video-decoder-webm-vp8: 9c59270c3fd7afecdb556c50c9e8de78 -> 
  custom:audio-decoder-ogg-vorbis: bf7c407c2cedff20999df2af8eb42d56 -> 
========================================================================
Received Prepare
Registering precompiled user dll's ...
Registered in 0.002643 seconds.
Begin MonoManager ReloadAssembly
Symbol file LoadedFromMemory doesn't match image O:\MSc AI\Dissertation-Project\RPG\Library\PackageCache\com.unity.visualscripting@1.7.8\Editor\VisualScripting.Core\Dependencies\YamlDotNet\Unity.VisualScripting.YamlDotNet.dll
Symbol file LoadedFromMemory doesn't match image O:\MSc AI\Dissertation-Project\RPG\Library\PackageCache\com.unity.visualscripting@1.7.8\Editor\VisualScripting.Core\Dependencies\DotNetZip\Unity.VisualScripting.IonicZip.dll
Native extension for WindowsStandalone target not found
Native extension for OSXStandalone target not found
Refreshing native plugins compatible for Editor in 1.95 ms, found 3 plugins.
Preloading 0 native plugins for Editor in 0.00 ms.
Mono: successfully reloaded assembly
- Completed reload, in  0.869 seconds
Domain Reload Profiling:
	ReloadAssembly (870ms)
		BeginReloadAssembly (120ms)
			ExecutionOrderSort (0ms)
			DisableScriptedObjects (3ms)
			BackupInstance (0ms)
			ReleaseScriptingObjects (0ms)
			CreateAndSetChildDomain (39ms)
		EndReloadAssembly (674ms)
			LoadAssemblies (64ms)
			RebuildTransferFunctionScriptingTraits (0ms)
			SetupTypeCache (198ms)
			ReleaseScriptCaches (2ms)
			RebuildScriptCaches (38ms)
			SetupLoadedEditorAssemblies (342ms)
				LogAssemblyErrors (0ms)
				InitializePlatformSupportModulesInManaged (11ms)
				SetLoadedEditorAssemblies (0ms)
				RefreshPlugins (2ms)
				BeforeProcessingInitializeOnLoad (72ms)
				ProcessInitializeOnLoadAttributes (219ms)
				ProcessInitializeOnLoadMethodAttributes (28ms)
				AfterProcessingInitializeOnLoad (9ms)
				EditorAssembliesLoaded (0ms)
			ExecutionOrderSort2 (0ms)
			AwakeInstancesAfterBackupRestoration (5ms)
Platform modules already initialized, skipping
Shader Custom/UnlitShadow uses undefined Queue: 'Opaque'
Shader Custom/UnlitShadow uses undefined Queue: 'Opaque'
Refreshing native plugins compatible for Editor in 3.04 ms, found 3 plugins.
Preloading 0 native plugins for Editor in 0.00 ms.
Unloading 4091 Unused Serialized files (Serialized files now loaded: 0)
Unloading 34 unused Assets / (1.4 MB). Loaded Objects now: 4783.
Memory consumption went from 258.0 MB to 256.6 MB.
Total: 4.139100 ms (FindLiveObjects: 0.350700 ms CreateObjectMapping: 0.094100 ms MarkObjects: 3.275900 ms  DeleteObjects: 0.417400 ms)

AssetImportParameters requested are different than current active one (requested -> active):
  custom:video-decoder-ogg-theora: a1e56fd34408186e4bbccfd4996cb3dc -> 
  custom:container-muxer-webm: aa71ff27fc2769a1b78a27578f13a17b -> 
  custom:container-demuxer-webm: 4f35f7cbe854078d1ac9338744f61a02 -> 
  custom:video-encoder-webm-vp8: eb34c28f22e8b96e1ab97ce403110664 -> 
  custom:audio-encoder-webm-vorbis: bf7c407c2cedff20999df2af8eb42d56 -> 
  custom:framework-win-MediaFoundation: 216162199b28c13a410421893ffa2e32 -> 
  custom:container-demuxer-ogg: 62fdf1f143b41e24485cea50d1cbac27 -> 
  custom:video-decoder-webm-vp8: 9c59270c3fd7afecdb556c50c9e8de78 -> 
  custom:audio-decoder-ogg-vorbis: bf7c407c2cedff20999df2af8eb42d56 -> 
========================================================================
Received Import Request.
  Time since last request: 1768.030457 seconds.
  path: Assets/Prefabs/Enemies/OrcPig.prefab
  artifactKey: Guid(350d5510960f7fc4c8f12cccc7340111) Importer(815301076,1909f56bfc062723c751e8b465ee728b)
Start importing Assets/Prefabs/Enemies/OrcPig.prefab using Guid(350d5510960f7fc4c8f12cccc7340111) Importer(815301076,1909f56bfc062723c751e8b465ee728b)  -> (artifact id: 'cabe70c439f1a1401735d2c5fcc6d37d') in 0.135409 seconds 
========================================================================
Received Prepare
Registering precompiled user dll's ...
Registered in 0.002707 seconds.
Begin MonoManager ReloadAssembly
Symbol file LoadedFromMemory doesn't match image O:\MSc AI\Dissertation-Project\RPG\Library\PackageCache\com.unity.visualscripting@1.7.8\Editor\VisualScripting.Core\Dependencies\YamlDotNet\Unity.VisualScripting.YamlDotNet.dll
Symbol file LoadedFromMemory doesn't match image O:\MSc AI\Dissertation-Project\RPG\Library\PackageCache\com.unity.visualscripting@1.7.8\Editor\VisualScripting.Core\Dependencies\DotNetZip\Unity.VisualScripting.IonicZip.dll
Native extension for WindowsStandalone target not found
Native extension for OSXStandalone target not found
Refreshing native plugins compatible for Editor in 1.46 ms, found 3 plugins.
Preloading 0 native plugins for Editor in 0.00 ms.
Mono: successfully reloaded assembly
- Completed reload, in  0.884 seconds
Domain Reload Profiling:
	ReloadAssembly (885ms)
		BeginReloadAssembly (116ms)
			ExecutionOrderSort (0ms)
			DisableScriptedObjects (3ms)
			BackupInstance (0ms)
			ReleaseScriptingObjects (0ms)
			CreateAndSetChildDomain (39ms)
		EndReloadAssembly (699ms)
			LoadAssemblies (64ms)
			RebuildTransferFunctionScriptingTraits (0ms)
			SetupTypeCache (200ms)
			ReleaseScriptCaches (2ms)
			RebuildScriptCaches (49ms)
			SetupLoadedEditorAssemblies (332ms)
				LogAssemblyErrors (0ms)
				InitializePlatformSupportModulesInManaged (19ms)
				SetLoadedEditorAssemblies (0ms)
				RefreshPlugins (1ms)
				BeforeProcessingInitializeOnLoad (74ms)
				ProcessInitializeOnLoadAttributes (211ms)
				ProcessInitializeOnLoadMethodAttributes (21ms)
				AfterProcessingInitializeOnLoad (5ms)
				EditorAssembliesLoaded (0ms)
			ExecutionOrderSort2 (0ms)
			AwakeInstancesAfterBackupRestoration (4ms)
Platform modules already initialized, skipping
Shader Custom/UnlitShadow uses undefined Queue: 'Opaque'
Shader Custom/UnlitShadow uses undefined Queue: 'Opaque'
Refreshing native plugins compatible for Editor in 1.98 ms, found 3 plugins.
Preloading 0 native plugins for Editor in 0.00 ms.
Unloading 4091 Unused Serialized files (Serialized files now loaded: 0)
Unloading 34 unused Assets / (1.4 MB). Loaded Objects now: 4798.
Memory consumption went from 258.1 MB to 256.7 MB.
Total: 3.134800 ms (FindLiveObjects: 0.300500 ms CreateObjectMapping: 0.091300 ms MarkObjects: 2.379000 ms  DeleteObjects: 0.363100 ms)

AssetImportParameters requested are different than current active one (requested -> active):
  custom:video-decoder-ogg-theora: a1e56fd34408186e4bbccfd4996cb3dc -> 
  custom:container-muxer-webm: aa71ff27fc2769a1b78a27578f13a17b -> 
  custom:container-demuxer-webm: 4f35f7cbe854078d1ac9338744f61a02 -> 
  custom:video-encoder-webm-vp8: eb34c28f22e8b96e1ab97ce403110664 -> 
  custom:audio-encoder-webm-vorbis: bf7c407c2cedff20999df2af8eb42d56 -> 
  custom:framework-win-MediaFoundation: 216162199b28c13a410421893ffa2e32 -> 
  custom:container-demuxer-ogg: 62fdf1f143b41e24485cea50d1cbac27 -> 
  custom:video-decoder-webm-vp8: 9c59270c3fd7afecdb556c50c9e8de78 -> 
  custom:audio-decoder-ogg-vorbis: bf7c407c2cedff20999df2af8eb42d56 -> 
========================================================================
Received Prepare
Registering precompiled user dll's ...
Registered in 0.003975 seconds.
Begin MonoManager ReloadAssembly
Symbol file LoadedFromMemory doesn't match image O:\MSc AI\Dissertation-Project\RPG\Library\PackageCache\com.unity.visualscripting@1.7.8\Editor\VisualScripting.Core\Dependencies\YamlDotNet\Unity.VisualScripting.YamlDotNet.dll
Symbol file LoadedFromMemory doesn't match image O:\MSc AI\Dissertation-Project\RPG\Library\PackageCache\com.unity.visualscripting@1.7.8\Editor\VisualScripting.Core\Dependencies\DotNetZip\Unity.VisualScripting.IonicZip.dll
Native extension for WindowsStandalone target not found
Native extension for OSXStandalone target not found
Refreshing native plugins compatible for Editor in 1.67 ms, found 3 plugins.
Preloading 0 native plugins for Editor in 0.00 ms.
Mono: successfully reloaded assembly
- Completed reload, in  0.869 seconds
Domain Reload Profiling:
	ReloadAssembly (869ms)
		BeginReloadAssembly (110ms)
			ExecutionOrderSort (0ms)
			DisableScriptedObjects (4ms)
			BackupInstance (0ms)
			ReleaseScriptingObjects (0ms)
			CreateAndSetChildDomain (37ms)
		EndReloadAssembly (683ms)
			LoadAssemblies (60ms)
			RebuildTransferFunctionScriptingTraits (0ms)
			SetupTypeCache (207ms)
			ReleaseScriptCaches (2ms)
			RebuildScriptCaches (38ms)
			SetupLoadedEditorAssemblies (334ms)
				LogAssemblyErrors (0ms)
				InitializePlatformSupportModulesInManaged (12ms)
				SetLoadedEditorAssemblies (0ms)
				RefreshPlugins (2ms)
				BeforeProcessingInitializeOnLoad (55ms)
				ProcessInitializeOnLoadAttributes (227ms)
				ProcessInitializeOnLoadMethodAttributes (32ms)
				AfterProcessingInitializeOnLoad (6ms)
				EditorAssembliesLoaded (0ms)
			ExecutionOrderSort2 (0ms)
			AwakeInstancesAfterBackupRestoration (5ms)
Platform modules already initialized, skipping
Shader Custom/UnlitShadow uses undefined Queue: 'Opaque'
Shader Custom/UnlitShadow uses undefined Queue: 'Opaque'
Refreshing native plugins compatible for Editor in 2.60 ms, found 3 plugins.
Preloading 0 native plugins for Editor in 0.00 ms.
Unloading 4091 Unused Serialized files (Serialized files now loaded: 0)
Unloading 34 unused Assets / (1.4 MB). Loaded Objects now: 4813.
Memory consumption went from 258.1 MB to 256.7 MB.
Total: 3.756100 ms (FindLiveObjects: 0.331600 ms CreateObjectMapping: 0.092400 ms MarkObjects: 2.587200 ms  DeleteObjects: 0.743400 ms)

AssetImportParameters requested are different than current active one (requested -> active):
  custom:video-decoder-ogg-theora: a1e56fd34408186e4bbccfd4996cb3dc -> 
  custom:container-muxer-webm: aa71ff27fc2769a1b78a27578f13a17b -> 
  custom:container-demuxer-webm: 4f35f7cbe854078d1ac9338744f61a02 -> 
  custom:video-encoder-webm-vp8: eb34c28f22e8b96e1ab97ce403110664 -> 
  custom:audio-encoder-webm-vorbis: bf7c407c2cedff20999df2af8eb42d56 -> 
  custom:framework-win-MediaFoundation: 216162199b28c13a410421893ffa2e32 -> 
  custom:container-demuxer-ogg: 62fdf1f143b41e24485cea50d1cbac27 -> 
  custom:video-decoder-webm-vp8: 9c59270c3fd7afecdb556c50c9e8de78 -> 
  custom:audio-decoder-ogg-vorbis: bf7c407c2cedff20999df2af8eb42d56 -> 
========================================================================
Received Import Request.
  Time since last request: 720.887005 seconds.
  path: Assets/Prefabs/Enemies/WolfRider.prefab
  artifactKey: Guid(fd998faee840b504ca031d05af252f71) Importer(815301076,1909f56bfc062723c751e8b465ee728b)
Start importing Assets/Prefabs/Enemies/WolfRider.prefab using Guid(fd998faee840b504ca031d05af252f71) Importer(815301076,1909f56bfc062723c751e8b465ee728b)  -> (artifact id: '6ac821b4d2343557635f7d304df9e9b6') in 0.131741 seconds 
========================================================================
Received Import Request.
  Time since last request: 0.000023 seconds.
  path: Assets/Prefabs/Enemies/Skeleton.prefab
  artifactKey: Guid(00e2aa8825c9b0b4e9db4aaed66426f5) Importer(815301076,1909f56bfc062723c751e8b465ee728b)
Start importing Assets/Prefabs/Enemies/Skeleton.prefab using Guid(00e2aa8825c9b0b4e9db4aaed66426f5) Importer(815301076,1909f56bfc062723c751e8b465ee728b)  -> (artifact id: '7f4837bb96d8571a1ecdda4e00ddd33f') in 0.084760 seconds 
========================================================================
Received Import Request.
  Time since last request: 0.000029 seconds.
  path: Assets/Prefabs/Enemies/OrcPig.prefab
  artifactKey: Guid(350d5510960f7fc4c8f12cccc7340111) Importer(815301076,1909f56bfc062723c751e8b465ee728b)
Start importing Assets/Prefabs/Enemies/OrcPig.prefab using Guid(350d5510960f7fc4c8f12cccc7340111) Importer(815301076,1909f56bfc062723c751e8b465ee728b)  -> (artifact id: '2025f9c7c4227ff6b7900a1240766228') in 0.062175 seconds 
========================================================================
Received Prepare
Registering precompiled user dll's ...
Registered in 0.002632 seconds.
Begin MonoManager ReloadAssembly
Symbol file LoadedFromMemory doesn't match image O:\MSc AI\Dissertation-Project\RPG\Library\PackageCache\com.unity.visualscripting@1.7.8\Editor\VisualScripting.Core\Dependencies\YamlDotNet\Unity.VisualScripting.YamlDotNet.dll
Symbol file LoadedFromMemory doesn't match image O:\MSc AI\Dissertation-Project\RPG\Library\PackageCache\com.unity.visualscripting@1.7.8\Editor\VisualScripting.Core\Dependencies\DotNetZip\Unity.VisualScripting.IonicZip.dll
Native extension for WindowsStandalone target not found
Native extension for OSXStandalone target not found
Refreshing native plugins compatible for Editor in 2.64 ms, found 3 plugins.
Preloading 0 native plugins for Editor in 0.00 ms.
Mono: successfully reloaded assembly
- Completed reload, in  0.891 seconds
Domain Reload Profiling:
	ReloadAssembly (891ms)
		BeginReloadAssembly (112ms)
			ExecutionOrderSort (0ms)
			DisableScriptedObjects (5ms)
			BackupInstance (0ms)
			ReleaseScriptingObjects (0ms)
			CreateAndSetChildDomain (37ms)
		EndReloadAssembly (705ms)
			LoadAssemblies (60ms)
			RebuildTransferFunctionScriptingTraits (0ms)
			SetupTypeCache (215ms)
			ReleaseScriptCaches (2ms)
			RebuildScriptCaches (46ms)
			SetupLoadedEditorAssemblies (342ms)
				LogAssemblyErrors (0ms)
				InitializePlatformSupportModulesInManaged (14ms)
				SetLoadedEditorAssemblies (1ms)
				RefreshPlugins (3ms)
				BeforeProcessingInitializeOnLoad (85ms)
				ProcessInitializeOnLoadAttributes (213ms)
				ProcessInitializeOnLoadMethodAttributes (21ms)
				AfterProcessingInitializeOnLoad (5ms)
				EditorAssembliesLoaded (0ms)
			ExecutionOrderSort2 (0ms)
			AwakeInstancesAfterBackupRestoration (4ms)
Platform modules already initialized, skipping
Shader Custom/UnlitShadow uses undefined Queue: 'Opaque'
Shader Custom/UnlitShadow uses undefined Queue: 'Opaque'
Refreshing native plugins compatible for Editor in 1.97 ms, found 3 plugins.
Preloading 0 native plugins for Editor in 0.00 ms.
Unloading 4091 Unused Serialized files (Serialized files now loaded: 0)
Unloading 34 unused Assets / (1.4 MB). Loaded Objects now: 4828.
Memory consumption went from 258.1 MB to 256.7 MB.
Total: 3.115700 ms (FindLiveObjects: 0.273500 ms CreateObjectMapping: 0.107100 ms MarkObjects: 2.380200 ms  DeleteObjects: 0.354200 ms)

AssetImportParameters requested are different than current active one (requested -> active):
  custom:video-decoder-ogg-theora: a1e56fd34408186e4bbccfd4996cb3dc -> 
  custom:container-muxer-webm: aa71ff27fc2769a1b78a27578f13a17b -> 
  custom:container-demuxer-webm: 4f35f7cbe854078d1ac9338744f61a02 -> 
  custom:video-encoder-webm-vp8: eb34c28f22e8b96e1ab97ce403110664 -> 
  custom:audio-encoder-webm-vorbis: bf7c407c2cedff20999df2af8eb42d56 -> 
  custom:framework-win-MediaFoundation: 216162199b28c13a410421893ffa2e32 -> 
  custom:container-demuxer-ogg: 62fdf1f143b41e24485cea50d1cbac27 -> 
  custom:video-decoder-webm-vp8: 9c59270c3fd7afecdb556c50c9e8de78 -> 
  custom:audio-decoder-ogg-vorbis: bf7c407c2cedff20999df2af8eb42d56 -> 
========================================================================
Received Prepare
Registering precompiled user dll's ...
Registered in 0.002651 seconds.
Begin MonoManager ReloadAssembly
Symbol file LoadedFromMemory doesn't match image O:\MSc AI\Dissertation-Project\RPG\Library\PackageCache\com.unity.visualscripting@1.7.8\Editor\VisualScripting.Core\Dependencies\YamlDotNet\Unity.VisualScripting.YamlDotNet.dll
Symbol file LoadedFromMemory doesn't match image O:\MSc AI\Dissertation-Project\RPG\Library\PackageCache\com.unity.visualscripting@1.7.8\Editor\VisualScripting.Core\Dependencies\DotNetZip\Unity.VisualScripting.IonicZip.dll
Native extension for WindowsStandalone target not found
Native extension for OSXStandalone target not found
Refreshing native plugins compatible for Editor in 0.95 ms, found 3 plugins.
Preloading 0 native plugins for Editor in 0.00 ms.
Mono: successfully reloaded assembly
- Completed reload, in  0.834 seconds
Domain Reload Profiling:
	ReloadAssembly (834ms)
		BeginReloadAssembly (106ms)
			ExecutionOrderSort (0ms)
			DisableScriptedObjects (5ms)
			BackupInstance (0ms)
			ReleaseScriptingObjects (0ms)
			CreateAndSetChildDomain (35ms)
		EndReloadAssembly (652ms)
			LoadAssemblies (55ms)
			RebuildTransferFunctionScriptingTraits (0ms)
			SetupTypeCache (196ms)
			ReleaseScriptCaches (2ms)
			RebuildScriptCaches (33ms)
			SetupLoadedEditorAssemblies (333ms)
				LogAssemblyErrors (0ms)
				InitializePlatformSupportModulesInManaged (11ms)
				SetLoadedEditorAssemblies (0ms)
				RefreshPlugins (1ms)
				BeforeProcessingInitializeOnLoad (83ms)
				ProcessInitializeOnLoadAttributes (211ms)
				ProcessInitializeOnLoadMethodAttributes (21ms)
				AfterProcessingInitializeOnLoad (5ms)
				EditorAssembliesLoaded (0ms)
			ExecutionOrderSort2 (0ms)
			AwakeInstancesAfterBackupRestoration (5ms)
Platform modules already initialized, skipping
Shader Custom/UnlitShadow uses undefined Queue: 'Opaque'
Shader Custom/UnlitShadow uses undefined Queue: 'Opaque'
Refreshing native plugins compatible for Editor in 2.18 ms, found 3 plugins.
Preloading 0 native plugins for Editor in 0.00 ms.
Unloading 4091 Unused Serialized files (Serialized files now loaded: 0)
Unloading 34 unused Assets / (1.4 MB). Loaded Objects now: 4843.
Memory consumption went from 258.1 MB to 256.7 MB.
Total: 3.511600 ms (FindLiveObjects: 0.324600 ms CreateObjectMapping: 0.113500 ms MarkObjects: 2.700400 ms  DeleteObjects: 0.372300 ms)

AssetImportParameters requested are different than current active one (requested -> active):
  custom:video-decoder-ogg-theora: a1e56fd34408186e4bbccfd4996cb3dc -> 
  custom:container-muxer-webm: aa71ff27fc2769a1b78a27578f13a17b -> 
  custom:container-demuxer-webm: 4f35f7cbe854078d1ac9338744f61a02 -> 
  custom:video-encoder-webm-vp8: eb34c28f22e8b96e1ab97ce403110664 -> 
  custom:audio-encoder-webm-vorbis: bf7c407c2cedff20999df2af8eb42d56 -> 
  custom:framework-win-MediaFoundation: 216162199b28c13a410421893ffa2e32 -> 
  custom:container-demuxer-ogg: 62fdf1f143b41e24485cea50d1cbac27 -> 
  custom:video-decoder-webm-vp8: 9c59270c3fd7afecdb556c50c9e8de78 -> 
  custom:audio-decoder-ogg-vorbis: bf7c407c2cedff20999df2af8eb42d56 -> 
========================================================================
Received Prepare
Registering precompiled user dll's ...
Registered in 0.003170 seconds.
Begin MonoManager ReloadAssembly
Symbol file LoadedFromMemory doesn't match image O:\MSc AI\Dissertation-Project\RPG\Library\PackageCache\com.unity.visualscripting@1.7.8\Editor\VisualScripting.Core\Dependencies\YamlDotNet\Unity.VisualScripting.YamlDotNet.dll
Symbol file LoadedFromMemory doesn't match image O:\MSc AI\Dissertation-Project\RPG\Library\PackageCache\com.unity.visualscripting@1.7.8\Editor\VisualScripting.Core\Dependencies\DotNetZip\Unity.VisualScripting.IonicZip.dll
Native extension for WindowsStandalone target not found
Native extension for OSXStandalone target not found
Refreshing native plugins compatible for Editor in 1.27 ms, found 3 plugins.
Preloading 0 native plugins for Editor in 0.00 ms.
Mono: successfully reloaded assembly
- Completed reload, in  0.884 seconds
Domain Reload Profiling:
	ReloadAssembly (885ms)
		BeginReloadAssembly (110ms)
			ExecutionOrderSort (0ms)
			DisableScriptedObjects (4ms)
			BackupInstance (0ms)
			ReleaseScriptingObjects (0ms)
			CreateAndSetChildDomain (36ms)
		EndReloadAssembly (697ms)
			LoadAssemblies (57ms)
			RebuildTransferFunctionScriptingTraits (0ms)
			SetupTypeCache (213ms)
			ReleaseScriptCaches (2ms)
			RebuildScriptCaches (38ms)
			SetupLoadedEditorAssemblies (343ms)
				LogAssemblyErrors (0ms)
				InitializePlatformSupportModulesInManaged (14ms)
				SetLoadedEditorAssemblies (0ms)
				RefreshPlugins (1ms)
				BeforeProcessingInitializeOnLoad (65ms)
				ProcessInitializeOnLoadAttributes (233ms)
				ProcessInitializeOnLoadMethodAttributes (25ms)
				AfterProcessingInitializeOnLoad (5ms)
				EditorAssembliesLoaded (0ms)
			ExecutionOrderSort2 (0ms)
			AwakeInstancesAfterBackupRestoration (5ms)
Platform modules already initialized, skipping
Shader Custom/UnlitShadow uses undefined Queue: 'Opaque'
Shader Custom/UnlitShadow uses undefined Queue: 'Opaque'
Refreshing native plugins compatible for Editor in 2.05 ms, found 3 plugins.
Preloading 0 native plugins for Editor in 0.00 ms.
Unloading 4091 Unused Serialized files (Serialized files now loaded: 0)
Unloading 34 unused Assets / (1.4 MB). Loaded Objects now: 4858.
Memory consumption went from 258.2 MB to 256.8 MB.
Total: 3.621300 ms (FindLiveObjects: 0.338400 ms CreateObjectMapping: 0.098300 ms MarkObjects: 2.582200 ms  DeleteObjects: 0.601200 ms)

AssetImportParameters requested are different than current active one (requested -> active):
  custom:video-decoder-ogg-theora: a1e56fd34408186e4bbccfd4996cb3dc -> 
  custom:container-muxer-webm: aa71ff27fc2769a1b78a27578f13a17b -> 
  custom:container-demuxer-webm: 4f35f7cbe854078d1ac9338744f61a02 -> 
  custom:video-encoder-webm-vp8: eb34c28f22e8b96e1ab97ce403110664 -> 
  custom:audio-encoder-webm-vorbis: bf7c407c2cedff20999df2af8eb42d56 -> 
  custom:framework-win-MediaFoundation: 216162199b28c13a410421893ffa2e32 -> 
  custom:container-demuxer-ogg: 62fdf1f143b41e24485cea50d1cbac27 -> 
  custom:video-decoder-webm-vp8: 9c59270c3fd7afecdb556c50c9e8de78 -> 
  custom:audio-decoder-ogg-vorbis: bf7c407c2cedff20999df2af8eb42d56 -> 
========================================================================
Received Import Request.
  Time since last request: 755.993538 seconds.
  path: Assets/Prefabs/Enemies/SmallSkeleton.prefab
  artifactKey: Guid(2a73f9c5d99307847a39db9cd5fb4766) Importer(815301076,1909f56bfc062723c751e8b465ee728b)
Start importing Assets/Prefabs/Enemies/SmallSkeleton.prefab using Guid(2a73f9c5d99307847a39db9cd5fb4766) Importer(815301076,1909f56bfc062723c751e8b465ee728b)  -> (artifact id: '7446f2aae149a97ed237a45847647a81') in 0.141149 seconds 
========================================================================
Received Import Request.
  Time since last request: 0.000016 seconds.
  path: Assets/Prefabs/Enemies/OrcPig.prefab
  artifactKey: Guid(350d5510960f7fc4c8f12cccc7340111) Importer(815301076,1909f56bfc062723c751e8b465ee728b)
Start importing Assets/Prefabs/Enemies/OrcPig.prefab using Guid(350d5510960f7fc4c8f12cccc7340111) Importer(815301076,1909f56bfc062723c751e8b465ee728b)  -> (artifact id: 'c9c6d494ea2468c6e241708bba17b01e') in 0.095140 seconds 
========================================================================
Received Prepare
Registering precompiled user dll's ...
Registered in 0.002659 seconds.
Begin MonoManager ReloadAssembly
Symbol file LoadedFromMemory doesn't match image O:\MSc AI\Dissertation-Project\RPG\Library\PackageCache\com.unity.visualscripting@1.7.8\Editor\VisualScripting.Core\Dependencies\YamlDotNet\Unity.VisualScripting.YamlDotNet.dll
Symbol file LoadedFromMemory doesn't match image O:\MSc AI\Dissertation-Project\RPG\Library\PackageCache\com.unity.visualscripting@1.7.8\Editor\VisualScripting.Core\Dependencies\DotNetZip\Unity.VisualScripting.IonicZip.dll
Native extension for WindowsStandalone target not found
Native extension for OSXStandalone target not found
Refreshing native plugins compatible for Editor in 1.35 ms, found 3 plugins.
Preloading 0 native plugins for Editor in 0.00 ms.
Mono: successfully reloaded assembly
- Completed reload, in  0.857 seconds
Domain Reload Profiling:
	ReloadAssembly (858ms)
		BeginReloadAssembly (113ms)
			ExecutionOrderSort (0ms)
			DisableScriptedObjects (3ms)
			BackupInstance (0ms)
			ReleaseScriptingObjects (0ms)
			CreateAndSetChildDomain (43ms)
		EndReloadAssembly (671ms)
			LoadAssemblies (58ms)
			RebuildTransferFunctionScriptingTraits (0ms)
			SetupTypeCache (210ms)
			ReleaseScriptCaches (2ms)
			RebuildScriptCaches (42ms)
			SetupLoadedEditorAssemblies (325ms)
				LogAssemblyErrors (0ms)
				InitializePlatformSupportModulesInManaged (11ms)
				SetLoadedEditorAssemblies (0ms)
				RefreshPlugins (1ms)
				BeforeProcessingInitializeOnLoad (54ms)
				ProcessInitializeOnLoadAttributes (231ms)
				ProcessInitializeOnLoadMethodAttributes (21ms)
				AfterProcessingInitializeOnLoad (5ms)
				EditorAssembliesLoaded (0ms)
			ExecutionOrderSort2 (0ms)
			AwakeInstancesAfterBackupRestoration (4ms)
Platform modules already initialized, skipping
Shader Custom/UnlitShadow uses undefined Queue: 'Opaque'
Shader Custom/UnlitShadow uses undefined Queue: 'Opaque'
Refreshing native plugins compatible for Editor in 2.19 ms, found 3 plugins.
Preloading 0 native plugins for Editor in 0.00 ms.
Unloading 4091 Unused Serialized files (Serialized files now loaded: 0)
Unloading 34 unused Assets / (1.4 MB). Loaded Objects now: 4873.
Memory consumption went from 258.2 MB to 256.8 MB.
Total: 3.237700 ms (FindLiveObjects: 0.309700 ms CreateObjectMapping: 0.112100 ms MarkObjects: 2.472800 ms  DeleteObjects: 0.342500 ms)

AssetImportParameters requested are different than current active one (requested -> active):
  custom:video-decoder-ogg-theora: a1e56fd34408186e4bbccfd4996cb3dc -> 
  custom:container-muxer-webm: aa71ff27fc2769a1b78a27578f13a17b -> 
  custom:container-demuxer-webm: 4f35f7cbe854078d1ac9338744f61a02 -> 
  custom:video-encoder-webm-vp8: eb34c28f22e8b96e1ab97ce403110664 -> 
  custom:audio-encoder-webm-vorbis: bf7c407c2cedff20999df2af8eb42d56 -> 
  custom:framework-win-MediaFoundation: 216162199b28c13a410421893ffa2e32 -> 
  custom:container-demuxer-ogg: 62fdf1f143b41e24485cea50d1cbac27 -> 
  custom:video-decoder-webm-vp8: 9c59270c3fd7afecdb556c50c9e8de78 -> 
  custom:audio-decoder-ogg-vorbis: bf7c407c2cedff20999df2af8eb42d56 -> 
========================================================================
Received Prepare
Registering precompiled user dll's ...
Registered in 0.002611 seconds.
Begin MonoManager ReloadAssembly
Symbol file LoadedFromMemory doesn't match image O:\MSc AI\Dissertation-Project\RPG\Library\PackageCache\com.unity.visualscripting@1.7.8\Editor\VisualScripting.Core\Dependencies\YamlDotNet\Unity.VisualScripting.YamlDotNet.dll
Symbol file LoadedFromMemory doesn't match image O:\MSc AI\Dissertation-Project\RPG\Library\PackageCache\com.unity.visualscripting@1.7.8\Editor\VisualScripting.Core\Dependencies\DotNetZip\Unity.VisualScripting.IonicZip.dll
Native extension for WindowsStandalone target not found
Native extension for OSXStandalone target not found
Refreshing native plugins compatible for Editor in 1.54 ms, found 3 plugins.
Preloading 0 native plugins for Editor in 0.00 ms.
Mono: successfully reloaded assembly
- Completed reload, in  0.914 seconds
Domain Reload Profiling:
	ReloadAssembly (915ms)
		BeginReloadAssembly (126ms)
			ExecutionOrderSort (0ms)
			DisableScriptedObjects (5ms)
			BackupInstance (0ms)
			ReleaseScriptingObjects (0ms)
			CreateAndSetChildDomain (40ms)
		EndReloadAssembly (704ms)
			LoadAssemblies (69ms)
			RebuildTransferFunctionScriptingTraits (0ms)
			SetupTypeCache (208ms)
			ReleaseScriptCaches (1ms)
			RebuildScriptCaches (43ms)
			SetupLoadedEditorAssemblies (344ms)
				LogAssemblyErrors (0ms)
				InitializePlatformSupportModulesInManaged (14ms)
				SetLoadedEditorAssemblies (0ms)
				RefreshPlugins (2ms)
				BeforeProcessingInitializeOnLoad (67ms)
				ProcessInitializeOnLoadAttributes (229ms)
				ProcessInitializeOnLoadMethodAttributes (23ms)
				AfterProcessingInitializeOnLoad (9ms)
				EditorAssembliesLoaded (0ms)
			ExecutionOrderSort2 (0ms)
			AwakeInstancesAfterBackupRestoration (5ms)
Platform modules already initialized, skipping
Shader Custom/UnlitShadow uses undefined Queue: 'Opaque'
Shader Custom/UnlitShadow uses undefined Queue: 'Opaque'
Refreshing native plugins compatible for Editor in 2.77 ms, found 3 plugins.
Preloading 0 native plugins for Editor in 0.00 ms.
Unloading 4091 Unused Serialized files (Serialized files now loaded: 0)
Unloading 34 unused Assets / (1.4 MB). Loaded Objects now: 4888.
Memory consumption went from 258.2 MB to 256.8 MB.
Total: 4.225900 ms (FindLiveObjects: 0.560500 ms CreateObjectMapping: 0.156700 ms MarkObjects: 3.067300 ms  DeleteObjects: 0.440400 ms)

AssetImportParameters requested are different than current active one (requested -> active):
  custom:video-decoder-ogg-theora: a1e56fd34408186e4bbccfd4996cb3dc -> 
  custom:container-muxer-webm: aa71ff27fc2769a1b78a27578f13a17b -> 
  custom:container-demuxer-webm: 4f35f7cbe854078d1ac9338744f61a02 -> 
  custom:video-encoder-webm-vp8: eb34c28f22e8b96e1ab97ce403110664 -> 
  custom:audio-encoder-webm-vorbis: bf7c407c2cedff20999df2af8eb42d56 -> 
  custom:framework-win-MediaFoundation: 216162199b28c13a410421893ffa2e32 -> 
  custom:container-demuxer-ogg: 62fdf1f143b41e24485cea50d1cbac27 -> 
  custom:video-decoder-webm-vp8: 9c59270c3fd7afecdb556c50c9e8de78 -> 
  custom:audio-decoder-ogg-vorbis: bf7c407c2cedff20999df2af8eb42d56 -> 
========================================================================
Received Import Request.
  Time since last request: 141.822850 seconds.
  path: Assets/Prefabs/Enemies/WolfRider.prefab
  artifactKey: Guid(fd998faee840b504ca031d05af252f71) Importer(815301076,1909f56bfc062723c751e8b465ee728b)
Start importing Assets/Prefabs/Enemies/WolfRider.prefab using Guid(fd998faee840b504ca031d05af252f71) Importer(815301076,1909f56bfc062723c751e8b465ee728b)  -> (artifact id: '8f52f4f00c6acb3f1eb5c95cde2bdd40') in 0.129963 seconds 
========================================================================
Received Import Request.
  Time since last request: 0.000022 seconds.
  path: Assets/Prefabs/Enemies/Skeleton.prefab
  artifactKey: Guid(00e2aa8825c9b0b4e9db4aaed66426f5) Importer(815301076,1909f56bfc062723c751e8b465ee728b)
Start importing Assets/Prefabs/Enemies/Skeleton.prefab using Guid(00e2aa8825c9b0b4e9db4aaed66426f5) Importer(815301076,1909f56bfc062723c751e8b465ee728b)  -> (artifact id: 'b3ced19658b7e6d0946320a7e62983bb') in 0.081120 seconds 
========================================================================
Received Prepare
Registering precompiled user dll's ...
Registered in 0.003491 seconds.
Begin MonoManager ReloadAssembly
Symbol file LoadedFromMemory doesn't match image O:\MSc AI\Dissertation-Project\RPG\Library\PackageCache\com.unity.visualscripting@1.7.8\Editor\VisualScripting.Core\Dependencies\YamlDotNet\Unity.VisualScripting.YamlDotNet.dll
Symbol file LoadedFromMemory doesn't match image O:\MSc AI\Dissertation-Project\RPG\Library\PackageCache\com.unity.visualscripting@1.7.8\Editor\VisualScripting.Core\Dependencies\DotNetZip\Unity.VisualScripting.IonicZip.dll
Native extension for WindowsStandalone target not found
Native extension for OSXStandalone target not found
Refreshing native plugins compatible for Editor in 2.57 ms, found 3 plugins.
Preloading 0 native plugins for Editor in 0.00 ms.
Mono: successfully reloaded assembly
- Completed reload, in  0.902 seconds
Domain Reload Profiling:
	ReloadAssembly (902ms)
		BeginReloadAssembly (110ms)
			ExecutionOrderSort (0ms)
			DisableScriptedObjects (3ms)
			BackupInstance (0ms)
			ReleaseScriptingObjects (0ms)
			CreateAndSetChildDomain (37ms)
		EndReloadAssembly (719ms)
			LoadAssemblies (62ms)
			RebuildTransferFunctionScriptingTraits (0ms)
			SetupTypeCache (222ms)
			ReleaseScriptCaches (2ms)
			RebuildScriptCaches (44ms)
			SetupLoadedEditorAssemblies (327ms)
				LogAssemblyErrors (0ms)
				InitializePlatformSupportModulesInManaged (22ms)
				SetLoadedEditorAssemblies (1ms)
				RefreshPlugins (3ms)
				BeforeProcessingInitializeOnLoad (66ms)
				ProcessInitializeOnLoadAttributes (209ms)
				ProcessInitializeOnLoadMethodAttributes (21ms)
				AfterProcessingInitializeOnLoad (5ms)
				EditorAssembliesLoaded (0ms)
			ExecutionOrderSort2 (0ms)
			AwakeInstancesAfterBackupRestoration (5ms)
Platform modules already initialized, skipping
Shader Custom/UnlitShadow uses undefined Queue: 'Opaque'
Shader Custom/UnlitShadow uses undefined Queue: 'Opaque'
Refreshing native plugins compatible for Editor in 1.95 ms, found 3 plugins.
Preloading 0 native plugins for Editor in 0.00 ms.
Unloading 4091 Unused Serialized files (Serialized files now loaded: 0)
Unloading 34 unused Assets / (1.4 MB). Loaded Objects now: 4903.
Memory consumption went from 258.3 MB to 256.9 MB.
Total: 3.071800 ms (FindLiveObjects: 0.298400 ms CreateObjectMapping: 0.110600 ms MarkObjects: 2.334900 ms  DeleteObjects: 0.327300 ms)

AssetImportParameters requested are different than current active one (requested -> active):
  custom:video-decoder-ogg-theora: a1e56fd34408186e4bbccfd4996cb3dc -> 
  custom:container-muxer-webm: aa71ff27fc2769a1b78a27578f13a17b -> 
  custom:container-demuxer-webm: 4f35f7cbe854078d1ac9338744f61a02 -> 
  custom:video-encoder-webm-vp8: eb34c28f22e8b96e1ab97ce403110664 -> 
  custom:audio-encoder-webm-vorbis: bf7c407c2cedff20999df2af8eb42d56 -> 
  custom:framework-win-MediaFoundation: 216162199b28c13a410421893ffa2e32 -> 
  custom:container-demuxer-ogg: 62fdf1f143b41e24485cea50d1cbac27 -> 
  custom:video-decoder-webm-vp8: 9c59270c3fd7afecdb556c50c9e8de78 -> 
  custom:audio-decoder-ogg-vorbis: bf7c407c2cedff20999df2af8eb42d56 -> 
========================================================================
Received Import Request.
  Time since last request: 38.891622 seconds.
  path: Assets/Prefabs/Enemies/OrcPig.prefab
  artifactKey: Guid(350d5510960f7fc4c8f12cccc7340111) Importer(815301076,1909f56bfc062723c751e8b465ee728b)
Start importing Assets/Prefabs/Enemies/OrcPig.prefab using Guid(350d5510960f7fc4c8f12cccc7340111) Importer(815301076,1909f56bfc062723c751e8b465ee728b)  -> (artifact id: 'e83bb56b9459fb33ae11da9f98dfae9c') in 0.114800 seconds 
========================================================================
Received Prepare
Registering precompiled user dll's ...
Registered in 0.002750 seconds.
Begin MonoManager ReloadAssembly
Symbol file LoadedFromMemory doesn't match image O:\MSc AI\Dissertation-Project\RPG\Library\PackageCache\com.unity.visualscripting@1.7.8\Editor\VisualScripting.Core\Dependencies\YamlDotNet\Unity.VisualScripting.YamlDotNet.dll
Symbol file LoadedFromMemory doesn't match image O:\MSc AI\Dissertation-Project\RPG\Library\PackageCache\com.unity.visualscripting@1.7.8\Editor\VisualScripting.Core\Dependencies\DotNetZip\Unity.VisualScripting.IonicZip.dll
Native extension for WindowsStandalone target not found
Native extension for OSXStandalone target not found
Refreshing native plugins compatible for Editor in 1.81 ms, found 3 plugins.
Preloading 0 native plugins for Editor in 0.00 ms.
Mono: successfully reloaded assembly
- Completed reload, in  0.906 seconds
Domain Reload Profiling:
	ReloadAssembly (906ms)
		BeginReloadAssembly (116ms)
			ExecutionOrderSort (0ms)
			DisableScriptedObjects (3ms)
			BackupInstance (0ms)
			ReleaseScriptingObjects (0ms)
			CreateAndSetChildDomain (45ms)
		EndReloadAssembly (714ms)
			LoadAssemblies (57ms)
			RebuildTransferFunctionScriptingTraits (0ms)
			SetupTypeCache (202ms)
			ReleaseScriptCaches (2ms)
			RebuildScriptCaches (46ms)
			SetupLoadedEditorAssemblies (357ms)
				LogAssemblyErrors (0ms)
				InitializePlatformSupportModulesInManaged (12ms)
				SetLoadedEditorAssemblies (1ms)
				RefreshPlugins (2ms)
				BeforeProcessingInitializeOnLoad (100ms)
				ProcessInitializeOnLoadAttributes (214ms)
				ProcessInitializeOnLoadMethodAttributes (22ms)
				AfterProcessingInitializeOnLoad (5ms)
				EditorAssembliesLoaded (0ms)
			ExecutionOrderSort2 (0ms)
			AwakeInstancesAfterBackupRestoration (4ms)
Platform modules already initialized, skipping
Shader Custom/UnlitShadow uses undefined Queue: 'Opaque'
Shader Custom/UnlitShadow uses undefined Queue: 'Opaque'
Refreshing native plugins compatible for Editor in 1.92 ms, found 3 plugins.
Preloading 0 native plugins for Editor in 0.00 ms.
Unloading 4091 Unused Serialized files (Serialized files now loaded: 0)
Unloading 34 unused Assets / (1.4 MB). Loaded Objects now: 4918.
Memory consumption went from 258.3 MB to 256.9 MB.
Total: 3.557300 ms (FindLiveObjects: 0.362100 ms CreateObjectMapping: 0.101200 ms MarkObjects: 2.732500 ms  DeleteObjects: 0.360700 ms)

AssetImportParameters requested are different than current active one (requested -> active):
  custom:video-decoder-ogg-theora: a1e56fd34408186e4bbccfd4996cb3dc -> 
  custom:container-muxer-webm: aa71ff27fc2769a1b78a27578f13a17b -> 
  custom:container-demuxer-webm: 4f35f7cbe854078d1ac9338744f61a02 -> 
  custom:video-encoder-webm-vp8: eb34c28f22e8b96e1ab97ce403110664 -> 
  custom:audio-encoder-webm-vorbis: bf7c407c2cedff20999df2af8eb42d56 -> 
  custom:framework-win-MediaFoundation: 216162199b28c13a410421893ffa2e32 -> 
  custom:container-demuxer-ogg: 62fdf1f143b41e24485cea50d1cbac27 -> 
  custom:video-decoder-webm-vp8: 9c59270c3fd7afecdb556c50c9e8de78 -> 
  custom:audio-decoder-ogg-vorbis: bf7c407c2cedff20999df2af8eb42d56 -> 
========================================================================
Received Prepare
Registering precompiled user dll's ...
Registered in 0.002982 seconds.
Begin MonoManager ReloadAssembly
Symbol file LoadedFromMemory doesn't match image O:\MSc AI\Dissertation-Project\RPG\Library\PackageCache\com.unity.visualscripting@1.7.8\Editor\VisualScripting.Core\Dependencies\YamlDotNet\Unity.VisualScripting.YamlDotNet.dll
Symbol file LoadedFromMemory doesn't match image O:\MSc AI\Dissertation-Project\RPG\Library\PackageCache\com.unity.visualscripting@1.7.8\Editor\VisualScripting.Core\Dependencies\DotNetZip\Unity.VisualScripting.IonicZip.dll
Native extension for WindowsStandalone target not found
Native extension for OSXStandalone target not found
Refreshing native plugins compatible for Editor in 0.96 ms, found 3 plugins.
Preloading 0 native plugins for Editor in 0.00 ms.
Mono: successfully reloaded assembly
- Completed reload, in  0.845 seconds
Domain Reload Profiling:
	ReloadAssembly (846ms)
		BeginReloadAssembly (110ms)
			ExecutionOrderSort (0ms)
			DisableScriptedObjects (4ms)
			BackupInstance (0ms)
			ReleaseScriptingObjects (0ms)
			CreateAndSetChildDomain (33ms)
		EndReloadAssembly (663ms)
			LoadAssemblies (61ms)
			RebuildTransferFunctionScriptingTraits (0ms)
			SetupTypeCache (202ms)
			ReleaseScriptCaches (2ms)
			RebuildScriptCaches (35ms)
			SetupLoadedEditorAssemblies (337ms)
				LogAssemblyErrors (0ms)
				InitializePlatformSupportModulesInManaged (11ms)
				SetLoadedEditorAssemblies (0ms)
				RefreshPlugins (1ms)
				BeforeProcessingInitializeOnLoad (61ms)
				ProcessInitializeOnLoadAttributes (234ms)
				ProcessInitializeOnLoadMethodAttributes (22ms)
				AfterProcessingInitializeOnLoad (6ms)
				EditorAssembliesLoaded (0ms)
			ExecutionOrderSort2 (0ms)
			AwakeInstancesAfterBackupRestoration (4ms)
Platform modules already initialized, skipping
Shader Custom/UnlitShadow uses undefined Queue: 'Opaque'
Shader Custom/UnlitShadow uses undefined Queue: 'Opaque'
Refreshing native plugins compatible for Editor in 2.05 ms, found 3 plugins.
Preloading 0 native plugins for Editor in 0.00 ms.
Unloading 4091 Unused Serialized files (Serialized files now loaded: 0)
Unloading 34 unused Assets / (1.4 MB). Loaded Objects now: 4933.
Memory consumption went from 258.3 MB to 256.9 MB.
Total: 3.525700 ms (FindLiveObjects: 0.290100 ms CreateObjectMapping: 0.093500 ms MarkObjects: 2.776700 ms  DeleteObjects: 0.364800 ms)

AssetImportParameters requested are different than current active one (requested -> active):
  custom:video-decoder-ogg-theora: a1e56fd34408186e4bbccfd4996cb3dc -> 
  custom:container-muxer-webm: aa71ff27fc2769a1b78a27578f13a17b -> 
  custom:container-demuxer-webm: 4f35f7cbe854078d1ac9338744f61a02 -> 
  custom:video-encoder-webm-vp8: eb34c28f22e8b96e1ab97ce403110664 -> 
  custom:audio-encoder-webm-vorbis: bf7c407c2cedff20999df2af8eb42d56 -> 
  custom:framework-win-MediaFoundation: 216162199b28c13a410421893ffa2e32 -> 
  custom:container-demuxer-ogg: 62fdf1f143b41e24485cea50d1cbac27 -> 
  custom:video-decoder-webm-vp8: 9c59270c3fd7afecdb556c50c9e8de78 -> 
  custom:audio-decoder-ogg-vorbis: bf7c407c2cedff20999df2af8eb42d56 -> 
========================================================================
Received Prepare
Registering precompiled user dll's ...
Registered in 0.002763 seconds.
Begin MonoManager ReloadAssembly
Symbol file LoadedFromMemory doesn't match image O:\MSc AI\Dissertation-Project\RPG\Library\PackageCache\com.unity.visualscripting@1.7.8\Editor\VisualScripting.Core\Dependencies\YamlDotNet\Unity.VisualScripting.YamlDotNet.dll
Symbol file LoadedFromMemory doesn't match image O:\MSc AI\Dissertation-Project\RPG\Library\PackageCache\com.unity.visualscripting@1.7.8\Editor\VisualScripting.Core\Dependencies\DotNetZip\Unity.VisualScripting.IonicZip.dll
Native extension for WindowsStandalone target not found
Native extension for OSXStandalone target not found
Refreshing native plugins compatible for Editor in 1.26 ms, found 3 plugins.
Preloading 0 native plugins for Editor in 0.00 ms.
Mono: successfully reloaded assembly
- Completed reload, in  0.844 seconds
Domain Reload Profiling:
	ReloadAssembly (845ms)
		BeginReloadAssembly (105ms)
			ExecutionOrderSort (0ms)
			DisableScriptedObjects (4ms)
			BackupInstance (0ms)
			ReleaseScriptingObjects (0ms)
			CreateAndSetChildDomain (34ms)
		EndReloadAssembly (660ms)
			LoadAssemblies (56ms)
			RebuildTransferFunctionScriptingTraits (0ms)
			SetupTypeCache (202ms)
			ReleaseScriptCaches (2ms)
			RebuildScriptCaches (37ms)
			SetupLoadedEditorAssemblies (328ms)
				LogAssemblyErrors (0ms)
				InitializePlatformSupportModulesInManaged (11ms)
				SetLoadedEditorAssemblies (0ms)
				RefreshPlugins (1ms)
				BeforeProcessingInitializeOnLoad (62ms)
				ProcessInitializeOnLoadAttributes (225ms)
				ProcessInitializeOnLoadMethodAttributes (23ms)
				AfterProcessingInitializeOnLoad (6ms)
				EditorAssembliesLoaded (0ms)
			ExecutionOrderSort2 (0ms)
			AwakeInstancesAfterBackupRestoration (6ms)
Platform modules already initialized, skipping
Shader Custom/UnlitShadow uses undefined Queue: 'Opaque'
Shader Custom/UnlitShadow uses undefined Queue: 'Opaque'
Refreshing native plugins compatible for Editor in 2.17 ms, found 3 plugins.
Preloading 0 native plugins for Editor in 0.00 ms.
Unloading 4091 Unused Serialized files (Serialized files now loaded: 0)
Unloading 34 unused Assets / (1.4 MB). Loaded Objects now: 4948.
Memory consumption went from 258.3 MB to 256.9 MB.
Total: 4.828900 ms (FindLiveObjects: 0.386400 ms CreateObjectMapping: 0.109900 ms MarkObjects: 3.846700 ms  DeleteObjects: 0.484400 ms)

AssetImportParameters requested are different than current active one (requested -> active):
  custom:video-decoder-ogg-theora: a1e56fd34408186e4bbccfd4996cb3dc -> 
  custom:container-muxer-webm: aa71ff27fc2769a1b78a27578f13a17b -> 
  custom:container-demuxer-webm: 4f35f7cbe854078d1ac9338744f61a02 -> 
  custom:video-encoder-webm-vp8: eb34c28f22e8b96e1ab97ce403110664 -> 
  custom:audio-encoder-webm-vorbis: bf7c407c2cedff20999df2af8eb42d56 -> 
  custom:framework-win-MediaFoundation: 216162199b28c13a410421893ffa2e32 -> 
  custom:container-demuxer-ogg: 62fdf1f143b41e24485cea50d1cbac27 -> 
  custom:video-decoder-webm-vp8: 9c59270c3fd7afecdb556c50c9e8de78 -> 
  custom:audio-decoder-ogg-vorbis: bf7c407c2cedff20999df2af8eb42d56 -> 
========================================================================
Received Import Request.
  Time since last request: 150.861913 seconds.
  path: Assets/Prefabs/Enemies/WolfRider.prefab
  artifactKey: Guid(fd998faee840b504ca031d05af252f71) Importer(815301076,1909f56bfc062723c751e8b465ee728b)
Start importing Assets/Prefabs/Enemies/WolfRider.prefab using Guid(fd998faee840b504ca031d05af252f71) Importer(815301076,1909f56bfc062723c751e8b465ee728b)  -> (artifact id: '881b66c71a3da127e7f38181f5d861b0') in 0.156056 seconds 
========================================================================
Received Import Request.
  Time since last request: 0.000030 seconds.
  path: Assets/Prefabs/Enemies/Skeleton.prefab
  artifactKey: Guid(00e2aa8825c9b0b4e9db4aaed66426f5) Importer(815301076,1909f56bfc062723c751e8b465ee728b)
Start importing Assets/Prefabs/Enemies/Skeleton.prefab using Guid(00e2aa8825c9b0b4e9db4aaed66426f5) Importer(815301076,1909f56bfc062723c751e8b465ee728b)  -> (artifact id: '1679a77804feb46a0625d8acccf00a9e') in 0.080757 seconds 
========================================================================
Received Prepare
Registering precompiled user dll's ...
Registered in 0.003265 seconds.
Begin MonoManager ReloadAssembly
Symbol file LoadedFromMemory doesn't match image O:\MSc AI\Dissertation-Project\RPG\Library\PackageCache\com.unity.visualscripting@1.7.8\Editor\VisualScripting.Core\Dependencies\YamlDotNet\Unity.VisualScripting.YamlDotNet.dll
Symbol file LoadedFromMemory doesn't match image O:\MSc AI\Dissertation-Project\RPG\Library\PackageCache\com.unity.visualscripting@1.7.8\Editor\VisualScripting.Core\Dependencies\DotNetZip\Unity.VisualScripting.IonicZip.dll
Native extension for WindowsStandalone target not found
Native extension for OSXStandalone target not found
Refreshing native plugins compatible for Editor in 2.02 ms, found 3 plugins.
Preloading 0 native plugins for Editor in 0.00 ms.
Mono: successfully reloaded assembly
- Completed reload, in  0.893 seconds
Domain Reload Profiling:
	ReloadAssembly (894ms)
		BeginReloadAssembly (113ms)
			ExecutionOrderSort (0ms)
			DisableScriptedObjects (5ms)
			BackupInstance (0ms)
			ReleaseScriptingObjects (0ms)
			CreateAndSetChildDomain (38ms)
		EndReloadAssembly (696ms)
			LoadAssemblies (58ms)
			RebuildTransferFunctionScriptingTraits (0ms)
			SetupTypeCache (210ms)
			ReleaseScriptCaches (2ms)
			RebuildScriptCaches (34ms)
			SetupLoadedEditorAssemblies (349ms)
				LogAssemblyErrors (0ms)
				InitializePlatformSupportModulesInManaged (13ms)
				SetLoadedEditorAssemblies (0ms)
				RefreshPlugins (2ms)
				BeforeProcessingInitializeOnLoad (59ms)
				ProcessInitializeOnLoadAttributes (241ms)
				ProcessInitializeOnLoadMethodAttributes (26ms)
				AfterProcessingInitializeOnLoad (7ms)
				EditorAssembliesLoaded (0ms)
			ExecutionOrderSort2 (0ms)
			AwakeInstancesAfterBackupRestoration (5ms)
Platform modules already initialized, skipping
Shader Custom/UnlitShadow uses undefined Queue: 'Opaque'
Shader Custom/UnlitShadow uses undefined Queue: 'Opaque'
Refreshing native plugins compatible for Editor in 2.67 ms, found 3 plugins.
Preloading 0 native plugins for Editor in 0.00 ms.
Unloading 4091 Unused Serialized files (Serialized files now loaded: 0)
Unloading 34 unused Assets / (1.4 MB). Loaded Objects now: 4963.
Memory consumption went from 258.5 MB to 257.0 MB.
Total: 3.929800 ms (FindLiveObjects: 0.380400 ms CreateObjectMapping: 0.111900 ms MarkObjects: 2.882900 ms  DeleteObjects: 0.553700 ms)

AssetImportParameters requested are different than current active one (requested -> active):
  custom:video-decoder-ogg-theora: a1e56fd34408186e4bbccfd4996cb3dc -> 
  custom:container-muxer-webm: aa71ff27fc2769a1b78a27578f13a17b -> 
  custom:container-demuxer-webm: 4f35f7cbe854078d1ac9338744f61a02 -> 
  custom:video-encoder-webm-vp8: eb34c28f22e8b96e1ab97ce403110664 -> 
  custom:audio-encoder-webm-vorbis: bf7c407c2cedff20999df2af8eb42d56 -> 
  custom:framework-win-MediaFoundation: 216162199b28c13a410421893ffa2e32 -> 
  custom:container-demuxer-ogg: 62fdf1f143b41e24485cea50d1cbac27 -> 
  custom:video-decoder-webm-vp8: 9c59270c3fd7afecdb556c50c9e8de78 -> 
  custom:audio-decoder-ogg-vorbis: bf7c407c2cedff20999df2af8eb42d56 -> 
========================================================================
Received Import Request.
  Time since last request: 460.579495 seconds.
  path: Assets/Prefabs/Enemies/OrcPig.prefab
  artifactKey: Guid(350d5510960f7fc4c8f12cccc7340111) Importer(815301076,1909f56bfc062723c751e8b465ee728b)
Start importing Assets/Prefabs/Enemies/OrcPig.prefab using Guid(350d5510960f7fc4c8f12cccc7340111) Importer(815301076,1909f56bfc062723c751e8b465ee728b)  -> (artifact id: '33d33787ef716db169cc4189af48c1fc') in 0.133144 seconds 
========================================================================
Received Import Request.
  Time since last request: 0.000022 seconds.
  path: Assets/Prefabs/Enemies/WolfRider.prefab
  artifactKey: Guid(fd998faee840b504ca031d05af252f71) Importer(815301076,1909f56bfc062723c751e8b465ee728b)
Start importing Assets/Prefabs/Enemies/WolfRider.prefab using Guid(fd998faee840b504ca031d05af252f71) Importer(815301076,1909f56bfc062723c751e8b465ee728b)  -> (artifact id: 'aba084bb570327710a865ca81eb115f4') in 0.062082 seconds 
========================================================================
Received Prepare
Registering precompiled user dll's ...
Registered in 0.002737 seconds.
Begin MonoManager ReloadAssembly
Symbol file LoadedFromMemory doesn't match image O:\MSc AI\Dissertation-Project\RPG\Library\PackageCache\com.unity.visualscripting@1.7.8\Editor\VisualScripting.Core\Dependencies\YamlDotNet\Unity.VisualScripting.YamlDotNet.dll
Symbol file LoadedFromMemory doesn't match image O:\MSc AI\Dissertation-Project\RPG\Library\PackageCache\com.unity.visualscripting@1.7.8\Editor\VisualScripting.Core\Dependencies\DotNetZip\Unity.VisualScripting.IonicZip.dll
Native extension for WindowsStandalone target not found
Native extension for OSXStandalone target not found
Refreshing native plugins compatible for Editor in 3.08 ms, found 3 plugins.
Preloading 0 native plugins for Editor in 0.00 ms.
Mono: successfully reloaded assembly
- Completed reload, in  0.873 seconds
Domain Reload Profiling:
	ReloadAssembly (874ms)
		BeginReloadAssembly (110ms)
			ExecutionOrderSort (0ms)
			DisableScriptedObjects (4ms)
			BackupInstance (0ms)
			ReleaseScriptingObjects (0ms)
			CreateAndSetChildDomain (38ms)
		EndReloadAssembly (693ms)
			LoadAssemblies (60ms)
			RebuildTransferFunctionScriptingTraits (0ms)
			SetupTypeCache (200ms)
			ReleaseScriptCaches (2ms)
			RebuildScriptCaches (47ms)
			SetupLoadedEditorAssemblies (341ms)
				LogAssemblyErrors (0ms)
				InitializePlatformSupportModulesInManaged (13ms)
				SetLoadedEditorAssemblies (1ms)
				RefreshPlugins (3ms)
				BeforeProcessingInitializeOnLoad (87ms)
				ProcessInitializeOnLoadAttributes (210ms)
				ProcessInitializeOnLoadMethodAttributes (22ms)
				AfterProcessingInitializeOnLoad (5ms)
				EditorAssembliesLoaded (0ms)
			ExecutionOrderSort2 (0ms)
			AwakeInstancesAfterBackupRestoration (4ms)
Platform modules already initialized, skipping
Shader Custom/UnlitShadow uses undefined Queue: 'Opaque'
Shader Custom/UnlitShadow uses undefined Queue: 'Opaque'
Refreshing native plugins compatible for Editor in 2.22 ms, found 3 plugins.
Preloading 0 native plugins for Editor in 0.00 ms.
Unloading 4091 Unused Serialized files (Serialized files now loaded: 0)
Unloading 34 unused Assets / (1.4 MB). Loaded Objects now: 4978.
Memory consumption went from 258.5 MB to 257.1 MB.
Total: 3.500700 ms (FindLiveObjects: 0.296500 ms CreateObjectMapping: 0.116300 ms MarkObjects: 2.736400 ms  DeleteObjects: 0.350900 ms)

AssetImportParameters requested are different than current active one (requested -> active):
  custom:video-decoder-ogg-theora: a1e56fd34408186e4bbccfd4996cb3dc -> 
  custom:container-muxer-webm: aa71ff27fc2769a1b78a27578f13a17b -> 
  custom:container-demuxer-webm: 4f35f7cbe854078d1ac9338744f61a02 -> 
  custom:video-encoder-webm-vp8: eb34c28f22e8b96e1ab97ce403110664 -> 
  custom:audio-encoder-webm-vorbis: bf7c407c2cedff20999df2af8eb42d56 -> 
  custom:framework-win-MediaFoundation: 216162199b28c13a410421893ffa2e32 -> 
  custom:container-demuxer-ogg: 62fdf1f143b41e24485cea50d1cbac27 -> 
  custom:video-decoder-webm-vp8: 9c59270c3fd7afecdb556c50c9e8de78 -> 
  custom:audio-decoder-ogg-vorbis: bf7c407c2cedff20999df2af8eb42d56 -> 
========================================================================
Received Prepare
Registering precompiled user dll's ...
Registered in 0.003673 seconds.
Begin MonoManager ReloadAssembly
Symbol file LoadedFromMemory doesn't match image O:\MSc AI\Dissertation-Project\RPG\Library\PackageCache\com.unity.visualscripting@1.7.8\Editor\VisualScripting.Core\Dependencies\YamlDotNet\Unity.VisualScripting.YamlDotNet.dll
Symbol file LoadedFromMemory doesn't match image O:\MSc AI\Dissertation-Project\RPG\Library\PackageCache\com.unity.visualscripting@1.7.8\Editor\VisualScripting.Core\Dependencies\DotNetZip\Unity.VisualScripting.IonicZip.dll
Native extension for WindowsStandalone target not found
Native extension for OSXStandalone target not found
Refreshing native plugins compatible for Editor in 1.37 ms, found 3 plugins.
Preloading 0 native plugins for Editor in 0.00 ms.
Mono: successfully reloaded assembly
- Completed reload, in  0.921 seconds
Domain Reload Profiling:
	ReloadAssembly (921ms)
		BeginReloadAssembly (109ms)
			ExecutionOrderSort (0ms)
			DisableScriptedObjects (3ms)
			BackupInstance (0ms)
			ReleaseScriptingObjects (0ms)
			CreateAndSetChildDomain (35ms)
		EndReloadAssembly (735ms)
			LoadAssemblies (61ms)
			RebuildTransferFunctionScriptingTraits (0ms)
			SetupTypeCache (231ms)
			ReleaseScriptCaches (2ms)
			RebuildScriptCaches (37ms)
			SetupLoadedEditorAssemblies (352ms)
				LogAssemblyErrors (0ms)
				InitializePlatformSupportModulesInManaged (15ms)
				SetLoadedEditorAssemblies (0ms)
				RefreshPlugins (1ms)
				BeforeProcessingInitializeOnLoad (65ms)
				ProcessInitializeOnLoadAttributes (237ms)
				ProcessInitializeOnLoadMethodAttributes (27ms)
				AfterProcessingInitializeOnLoad (6ms)
				EditorAssembliesLoaded (0ms)
			ExecutionOrderSort2 (0ms)
			AwakeInstancesAfterBackupRestoration (5ms)
Platform modules already initialized, skipping
Shader Custom/UnlitShadow uses undefined Queue: 'Opaque'
Shader Custom/UnlitShadow uses undefined Queue: 'Opaque'
Refreshing native plugins compatible for Editor in 3.29 ms, found 3 plugins.
Preloading 0 native plugins for Editor in 0.00 ms.
Unloading 4091 Unused Serialized files (Serialized files now loaded: 0)
Unloading 34 unused Assets / (1.4 MB). Loaded Objects now: 4993.
Memory consumption went from 258.5 MB to 257.1 MB.
Total: 3.644400 ms (FindLiveObjects: 0.357900 ms CreateObjectMapping: 0.110600 ms MarkObjects: 2.744600 ms  DeleteObjects: 0.430300 ms)

AssetImportParameters requested are different than current active one (requested -> active):
  custom:video-decoder-ogg-theora: a1e56fd34408186e4bbccfd4996cb3dc -> 
  custom:container-muxer-webm: aa71ff27fc2769a1b78a27578f13a17b -> 
  custom:container-demuxer-webm: 4f35f7cbe854078d1ac9338744f61a02 -> 
  custom:video-encoder-webm-vp8: eb34c28f22e8b96e1ab97ce403110664 -> 
  custom:audio-encoder-webm-vorbis: bf7c407c2cedff20999df2af8eb42d56 -> 
  custom:framework-win-MediaFoundation: 216162199b28c13a410421893ffa2e32 -> 
  custom:container-demuxer-ogg: 62fdf1f143b41e24485cea50d1cbac27 -> 
  custom:video-decoder-webm-vp8: 9c59270c3fd7afecdb556c50c9e8de78 -> 
  custom:audio-decoder-ogg-vorbis: bf7c407c2cedff20999df2af8eb42d56 -> 
========================================================================
Received Import Request.
  Time since last request: 83.123590 seconds.
  path: Assets/Prefabs/Enemies/WolfRider.prefab
  artifactKey: Guid(fd998faee840b504ca031d05af252f71) Importer(815301076,1909f56bfc062723c751e8b465ee728b)
Start importing Assets/Prefabs/Enemies/WolfRider.prefab using Guid(fd998faee840b504ca031d05af252f71) Importer(815301076,1909f56bfc062723c751e8b465ee728b)  -> (artifact id: '188a2f0337826208f219f981f7ab2d03') in 0.134060 seconds 
========================================================================
Received Import Request.
  Time since last request: 0.000018 seconds.
  path: Assets/Prefabs/Enemies/Skeleton.prefab
  artifactKey: Guid(00e2aa8825c9b0b4e9db4aaed66426f5) Importer(815301076,1909f56bfc062723c751e8b465ee728b)
Start importing Assets/Prefabs/Enemies/Skeleton.prefab using Guid(00e2aa8825c9b0b4e9db4aaed66426f5) Importer(815301076,1909f56bfc062723c751e8b465ee728b)  -> (artifact id: 'cef603cd999ac16bd210bc25285bd6b2') in 0.074943 seconds 
========================================================================
Received Prepare
Registering precompiled user dll's ...
Registered in 0.003601 seconds.
Begin MonoManager ReloadAssembly
Symbol file LoadedFromMemory doesn't match image O:\MSc AI\Dissertation-Project\RPG\Library\PackageCache\com.unity.visualscripting@1.7.8\Editor\VisualScripting.Core\Dependencies\YamlDotNet\Unity.VisualScripting.YamlDotNet.dll
Symbol file LoadedFromMemory doesn't match image O:\MSc AI\Dissertation-Project\RPG\Library\PackageCache\com.unity.visualscripting@1.7.8\Editor\VisualScripting.Core\Dependencies\DotNetZip\Unity.VisualScripting.IonicZip.dll
Native extension for WindowsStandalone target not found
Native extension for OSXStandalone target not found
Refreshing native plugins compatible for Editor in 1.30 ms, found 3 plugins.
Preloading 0 native plugins for Editor in 0.00 ms.
Mono: successfully reloaded assembly
- Completed reload, in  0.885 seconds
Domain Reload Profiling:
	ReloadAssembly (886ms)
		BeginReloadAssembly (106ms)
			ExecutionOrderSort (0ms)
			DisableScriptedObjects (3ms)
			BackupInstance (0ms)
			ReleaseScriptingObjects (0ms)
			CreateAndSetChildDomain (35ms)
		EndReloadAssembly (699ms)
			LoadAssemblies (55ms)
			RebuildTransferFunctionScriptingTraits (0ms)
			SetupTypeCache (198ms)
			ReleaseScriptCaches (2ms)
			RebuildScriptCaches (48ms)
			SetupLoadedEditorAssemblies (343ms)
				LogAssemblyErrors (0ms)
				InitializePlatformSupportModulesInManaged (14ms)
				SetLoadedEditorAssemblies (0ms)
				RefreshPlugins (1ms)
				BeforeProcessingInitializeOnLoad (62ms)
				ProcessInitializeOnLoadAttributes (234ms)
				ProcessInitializeOnLoadMethodAttributes (25ms)
				AfterProcessingInitializeOnLoad (5ms)
				EditorAssembliesLoaded (0ms)
			ExecutionOrderSort2 (0ms)
			AwakeInstancesAfterBackupRestoration (5ms)
Platform modules already initialized, skipping
Shader Custom/UnlitShadow uses undefined Queue: 'Opaque'
Shader Custom/UnlitShadow uses undefined Queue: 'Opaque'
Refreshing native plugins compatible for Editor in 2.21 ms, found 3 plugins.
Preloading 0 native plugins for Editor in 0.00 ms.
Unloading 4091 Unused Serialized files (Serialized files now loaded: 0)
Unloading 34 unused Assets / (1.4 MB). Loaded Objects now: 5008.
Memory consumption went from 258.5 MB to 257.1 MB.
Total: 3.884500 ms (FindLiveObjects: 0.342300 ms CreateObjectMapping: 0.098300 ms MarkObjects: 3.070300 ms  DeleteObjects: 0.372300 ms)

AssetImportParameters requested are different than current active one (requested -> active):
  custom:video-decoder-ogg-theora: a1e56fd34408186e4bbccfd4996cb3dc -> 
  custom:container-muxer-webm: aa71ff27fc2769a1b78a27578f13a17b -> 
  custom:container-demuxer-webm: 4f35f7cbe854078d1ac9338744f61a02 -> 
  custom:video-encoder-webm-vp8: eb34c28f22e8b96e1ab97ce403110664 -> 
  custom:audio-encoder-webm-vorbis: bf7c407c2cedff20999df2af8eb42d56 -> 
  custom:framework-win-MediaFoundation: 216162199b28c13a410421893ffa2e32 -> 
  custom:container-demuxer-ogg: 62fdf1f143b41e24485cea50d1cbac27 -> 
  custom:video-decoder-webm-vp8: 9c59270c3fd7afecdb556c50c9e8de78 -> 
  custom:audio-decoder-ogg-vorbis: bf7c407c2cedff20999df2af8eb42d56 -> 
========================================================================
Received Import Request.
  Time since last request: 75.234137 seconds.
  path: Assets/Enemies/Spider Green/Spider_model
  artifactKey: Guid(0d92bc64c7a2f6348b3456708c1dd647) Importer(815301076,1909f56bfc062723c751e8b465ee728b)
Start importing Assets/Enemies/Spider Green/Spider_model using Guid(0d92bc64c7a2f6348b3456708c1dd647) Importer(815301076,1909f56bfc062723c751e8b465ee728b)  -> (artifact id: 'c45b8be147ce5f8bee08dd6fc423cbf1') in 0.011045 seconds 
========================================================================
Received Import Request.
  Time since last request: 4.825049 seconds.
  path: Assets/Enemies/Spider Green/Spider_texture
  artifactKey: Guid(f9651ef997dd0a34c90be7a6d89d409a) Importer(815301076,1909f56bfc062723c751e8b465ee728b)
Start importing Assets/Enemies/Spider Green/Spider_texture using Guid(f9651ef997dd0a34c90be7a6d89d409a) Importer(815301076,1909f56bfc062723c751e8b465ee728b)  -> (artifact id: '323a90c8b8eaf71cf57a49a8604a38e2') in 0.004574 seconds 
========================================================================
Received Import Request.
  Time since last request: 0.047316 seconds.
  path: Assets/Enemies/Spider Green/Spider_texture/normal.png
  artifactKey: Guid(aceff7d9ae43b16448fc8ad366ef6f42) Importer(815301076,1909f56bfc062723c751e8b465ee728b)
Start importing Assets/Enemies/Spider Green/Spider_texture/normal.png using Guid(aceff7d9ae43b16448fc8ad366ef6f42) Importer(815301076,1909f56bfc062723c751e8b465ee728b)  -> (artifact id: '4fa386e1f48b967efe9f0a6c8c2c159f') in 0.042758 seconds 
========================================================================
Received Import Request.
  Time since last request: 3.306810 seconds.
  path: Assets/Enemies/Spider Green/Prefab
  artifactKey: Guid(f11a181849a76494d8810ce968fd00c3) Importer(815301076,1909f56bfc062723c751e8b465ee728b)
Start importing Assets/Enemies/Spider Green/Prefab using Guid(f11a181849a76494d8810ce968fd00c3) Importer(815301076,1909f56bfc062723c751e8b465ee728b)  -> (artifact id: '2f749916af5a449da86b304820bfbcd5') in 0.005017 seconds 
========================================================================
Received Import Request.
  Time since last request: 0.051711 seconds.
  path: Assets/Enemies/Spider Green/Prefab/SPIDER.prefab
  artifactKey: Guid(8c00db5be83e04b4c88b073e10fba9b9) Importer(815301076,1909f56bfc062723c751e8b465ee728b)
Start importing Assets/Enemies/Spider Green/Prefab/SPIDER.prefab using Guid(8c00db5be83e04b4c88b073e10fba9b9) Importer(815301076,1909f56bfc062723c751e8b465ee728b)  -> (artifact id: '7e720b699e29e24f1106dfad88b56260') in 0.048065 seconds 
========================================================================
Received Import Request.
  Time since last request: 159.220929 seconds.
  path: Assets/Enemies/Spider Green/Spider_model/SPIDER.fbx
  artifactKey: Guid(130cac6b96af6214296215324b5da188) Importer(815301076,1909f56bfc062723c751e8b465ee728b)
Start importing Assets/Enemies/Spider Green/Spider_model/SPIDER.fbx using Guid(130cac6b96af6214296215324b5da188) Importer(815301076,1909f56bfc062723c751e8b465ee728b)  -> (artifact id: 'ddf76746481cd9ee819bfdcaf14e109f') in 0.048994 seconds 
========================================================================
Received Import Request.
  Time since last request: 61.523991 seconds.
  path: Assets/Enemies/Spider Green/Spider_model/SPIDER.fbx
  artifactKey: Guid(130cac6b96af6214296215324b5da188) Importer(815301076,1909f56bfc062723c751e8b465ee728b)
Start importing Assets/Enemies/Spider Green/Spider_model/SPIDER.fbx using Guid(130cac6b96af6214296215324b5da188) Importer(815301076,1909f56bfc062723c751e8b465ee728b)  -> (artifact id: '820f95d9bed84aef8680c830642d8ee8') in 0.026470 seconds 
========================================================================
Received Import Request.
  Time since last request: 16.201275 seconds.
  path: Assets/Enemies/Spider Green/Spider_model/SPIDER.fbx
  artifactKey: Guid(130cac6b96af6214296215324b5da188) Importer(815301076,1909f56bfc062723c751e8b465ee728b)
Start importing Assets/Enemies/Spider Green/Spider_model/SPIDER.fbx using Guid(130cac6b96af6214296215324b5da188) Importer(815301076,1909f56bfc062723c751e8b465ee728b)  -> (artifact id: 'd9f8f1cd6747070c0beda826b4566d9e') in 0.027816 seconds 
========================================================================
Received Import Request.
  Time since last request: 18.973762 seconds.
  path: Assets/Animations/Enemies/Spider
  artifactKey: Guid(7d1d27a997a18884baf21e162a9f1406) Importer(815301076,1909f56bfc062723c751e8b465ee728b)
Start importing Assets/Animations/Enemies/Spider using Guid(7d1d27a997a18884baf21e162a9f1406) Importer(815301076,1909f56bfc062723c751e8b465ee728b)  -> (artifact id: '5c25f7cf604cde994299c5cb8dbf7d56') in 0.004287 seconds 
========================================================================
Received Import Request.
  Time since last request: 6.275276 seconds.
  path: Assets/Animations/Enemies/OrcPig/OrcPig 1.controller
  artifactKey: Guid(0b4c4bc73233720418e4a4748f01ac30) Importer(815301076,1909f56bfc062723c751e8b465ee728b)
Start importing Assets/Animations/Enemies/OrcPig/OrcPig 1.controller using Guid(0b4c4bc73233720418e4a4748f01ac30) Importer(815301076,1909f56bfc062723c751e8b465ee728b)  -> (artifact id: 'f7a07d414d6567e3abebe73f35007ffc') in 0.028653 seconds 
========================================================================
Received Import Request.
  Time since last request: 5.580029 seconds.
  path: Assets/Animations/Enemies/Spider/Spider.controller
  artifactKey: Guid(0b4c4bc73233720418e4a4748f01ac30) Importer(815301076,1909f56bfc062723c751e8b465ee728b)
Start importing Assets/Animations/Enemies/Spider/Spider.controller using Guid(0b4c4bc73233720418e4a4748f01ac30) Importer(815301076,1909f56bfc062723c751e8b465ee728b)  -> (artifact id: 'e7676632895dca4b433fed5e80edbde2') in 0.024583 seconds 
========================================================================
Received Import Request.
  Time since last request: 122.577140 seconds.
  path: Assets/Enemies/Spider Green/Spider_model/Attack.anim
  artifactKey: Guid(9fc7c0017aa5dde4e8a9189eff9e36d3) Importer(815301076,1909f56bfc062723c751e8b465ee728b)
Start importing Assets/Enemies/Spider Green/Spider_model/Attack.anim using Guid(9fc7c0017aa5dde4e8a9189eff9e36d3) Importer(815301076,1909f56bfc062723c751e8b465ee728b)  -> (artifact id: '0f40547cb53d1a88ebace7247c855f47') in 0.013303 seconds 
========================================================================
Received Import Request.
  Time since last request: 1.893220 seconds.
  path: Assets/Enemies/Spider Green/Spider_model/Hit.anim
  artifactKey: Guid(b4496ce418517774c8b81d7afe94c98f) Importer(815301076,1909f56bfc062723c751e8b465ee728b)
Start importing Assets/Enemies/Spider Green/Spider_model/Hit.anim using Guid(b4496ce418517774c8b81d7afe94c98f) Importer(815301076,1909f56bfc062723c751e8b465ee728b)  -> (artifact id: '17664ec88dd37d652651bb7cdb1c16bd') in 0.007177 seconds 
========================================================================
Received Import Request.
  Time since last request: 1.364818 seconds.
  path: Assets/Enemies/Spider Green/Spider_model/Death.anim
  artifactKey: Guid(1faf83ff935d33f4fb9c03cb6df6f0e2) Importer(815301076,1909f56bfc062723c751e8b465ee728b)
Start importing Assets/Enemies/Spider Green/Spider_model/Death.anim using Guid(1faf83ff935d33f4fb9c03cb6df6f0e2) Importer(815301076,1909f56bfc062723c751e8b465ee728b)  -> (artifact id: '9543aec5806f6419e17fca89669a9bb4') in 0.008782 seconds 
========================================================================
Received Import Request.
  Time since last request: 1.858820 seconds.
  path: Assets/Enemies/Spider Green/Spider_model/Idle.anim
  artifactKey: Guid(42fa49b150435144d959d6c01a8fdc28) Importer(815301076,1909f56bfc062723c751e8b465ee728b)
Start importing Assets/Enemies/Spider Green/Spider_model/Idle.anim using Guid(42fa49b150435144d959d6c01a8fdc28) Importer(815301076,1909f56bfc062723c751e8b465ee728b)  -> (artifact id: '56efd7e2a7e4790c472c8d6719d11530') in 0.006708 seconds 
========================================================================
Received Import Request.
  Time since last request: 1.992364 seconds.
  path: Assets/Enemies/Spider Green/Spider_model/Run.anim
  artifactKey: Guid(e32520ce2dd93974f8c5ccfcfb50bf25) Importer(815301076,1909f56bfc062723c751e8b465ee728b)
Start importing Assets/Enemies/Spider Green/Spider_model/Run.anim using Guid(e32520ce2dd93974f8c5ccfcfb50bf25) Importer(815301076,1909f56bfc062723c751e8b465ee728b)  -> (artifact id: '7180601100cb61bfc8c0aa4dee66c8dc') in 0.009522 seconds 
========================================================================
Received Import Request.
  Time since last request: 335.787727 seconds.
  path: Assets/New Terrain 1.asset
  artifactKey: Guid(e02b041d4095a9b42965c74f7e052fa7) Importer(815301076,1909f56bfc062723c751e8b465ee728b)
Start importing Assets/New Terrain 1.asset using Guid(e02b041d4095a9b42965c74f7e052fa7) Importer(815301076,1909f56bfc062723c751e8b465ee728b) The tree Pine_tree_double must use the Nature/Soft Occlusion shader. Otherwise billboarding/lighting will not work correctly.
The tree Bush must use the Nature/Soft Occlusion shader. Otherwise billboarding/lighting will not work correctly.
The tree grass01 must use the Nature/Soft Occlusion shader. Otherwise billboarding/lighting will not work correctly.
The tree Plant_06a must use the Nature/Soft Occlusion shader. Otherwise billboarding/lighting will not work correctly.
 -> (artifact id: '88421c31d8be35e0349441a91a861706') in 0.222435 seconds 
========================================================================
Received Prepare
Registering precompiled user dll's ...
Registered in 0.002837 seconds.
Begin MonoManager ReloadAssembly
Symbol file LoadedFromMemory doesn't match image O:\MSc AI\Dissertation-Project\RPG\Library\PackageCache\com.unity.visualscripting@1.7.8\Editor\VisualScripting.Core\Dependencies\YamlDotNet\Unity.VisualScripting.YamlDotNet.dll
Symbol file LoadedFromMemory doesn't match image O:\MSc AI\Dissertation-Project\RPG\Library\PackageCache\com.unity.visualscripting@1.7.8\Editor\VisualScripting.Core\Dependencies\DotNetZip\Unity.VisualScripting.IonicZip.dll
Native extension for WindowsStandalone target not found
Native extension for OSXStandalone target not found
Refreshing native plugins compatible for Editor in 1.94 ms, found 3 plugins.
Preloading 0 native plugins for Editor in 0.00 ms.
Mono: successfully reloaded assembly
- Completed reload, in  0.927 seconds
Domain Reload Profiling:
	ReloadAssembly (928ms)
		BeginReloadAssembly (109ms)
			ExecutionOrderSort (0ms)
			DisableScriptedObjects (3ms)
			BackupInstance (0ms)
			ReleaseScriptingObjects (0ms)
			CreateAndSetChildDomain (36ms)
		EndReloadAssembly (736ms)
			LoadAssemblies (59ms)
			RebuildTransferFunctionScriptingTraits (0ms)
			SetupTypeCache (237ms)
			ReleaseScriptCaches (2ms)
			RebuildScriptCaches (49ms)
			SetupLoadedEditorAssemblies (335ms)
				LogAssemblyErrors (0ms)
				InitializePlatformSupportModulesInManaged (14ms)
				SetLoadedEditorAssemblies (1ms)
				RefreshPlugins (2ms)
				BeforeProcessingInitializeOnLoad (61ms)
				ProcessInitializeOnLoadAttributes (230ms)
				ProcessInitializeOnLoadMethodAttributes (23ms)
				AfterProcessingInitializeOnLoad (5ms)
				EditorAssembliesLoaded (0ms)
			ExecutionOrderSort2 (0ms)
			AwakeInstancesAfterBackupRestoration (5ms)
Platform modules already initialized, skipping
Shader Custom/UnlitShadow uses undefined Queue: 'Opaque'
Shader Custom/UnlitShadow uses undefined Queue: 'Opaque'
Refreshing native plugins compatible for Editor in 2.25 ms, found 3 plugins.
Preloading 0 native plugins for Editor in 0.00 ms.
Unloading 4091 Unused Serialized files (Serialized files now loaded: 0)
Unloading 34 unused Assets / (1.4 MB). Loaded Objects now: 5028.
Memory consumption went from 259.7 MB to 258.3 MB.
Total: 3.267600 ms (FindLiveObjects: 0.337200 ms CreateObjectMapping: 0.092600 ms MarkObjects: 2.501800 ms  DeleteObjects: 0.335400 ms)

AssetImportParameters requested are different than current active one (requested -> active):
  custom:video-decoder-ogg-theora: a1e56fd34408186e4bbccfd4996cb3dc -> 
  custom:container-muxer-webm: aa71ff27fc2769a1b78a27578f13a17b -> 
  custom:container-demuxer-webm: 4f35f7cbe854078d1ac9338744f61a02 -> 
  custom:video-encoder-webm-vp8: eb34c28f22e8b96e1ab97ce403110664 -> 
  custom:audio-encoder-webm-vorbis: bf7c407c2cedff20999df2af8eb42d56 -> 
  custom:framework-win-MediaFoundation: 216162199b28c13a410421893ffa2e32 -> 
  custom:container-demuxer-ogg: 62fdf1f143b41e24485cea50d1cbac27 -> 
  custom:video-decoder-webm-vp8: 9c59270c3fd7afecdb556c50c9e8de78 -> 
  custom:audio-decoder-ogg-vorbis: bf7c407c2cedff20999df2af8eb42d56 -> 
========================================================================
Received Import Request.
  Time since last request: 197.370402 seconds.
  path: Assets/Prefabs/Enemies/Spider.prefab
  artifactKey: Guid(d776ca2143eb37d4f9d38086c14cb405) Importer(815301076,1909f56bfc062723c751e8b465ee728b)
Start importing Assets/Prefabs/Enemies/Spider.prefab using Guid(d776ca2143eb37d4f9d38086c14cb405) Importer(815301076,1909f56bfc062723c751e8b465ee728b)  -> (artifact id: 'ad99d83dd418bee9d00ff7c58f81f247') in 0.102921 seconds 
========================================================================
Received Import Request.
  Time since last request: 25.969801 seconds.
  path: Assets/Prefabs/SpawnObject.prefab
  artifactKey: Guid(773e1d6c949e06444b853b8e71059aa1) Importer(815301076,1909f56bfc062723c751e8b465ee728b)
Start importing Assets/Prefabs/SpawnObject.prefab using Guid(773e1d6c949e06444b853b8e71059aa1) Importer(815301076,1909f56bfc062723c751e8b465ee728b)  -> (artifact id: '6580fe1aa5a11f342a07efa5253d46f7') in 0.017823 seconds 
========================================================================
Received Prepare
Registering precompiled user dll's ...
Registered in 0.002728 seconds.
Begin MonoManager ReloadAssembly
Symbol file LoadedFromMemory doesn't match image O:\MSc AI\Dissertation-Project\RPG\Library\PackageCache\com.unity.visualscripting@1.7.8\Editor\VisualScripting.Core\Dependencies\YamlDotNet\Unity.VisualScripting.YamlDotNet.dll
Symbol file LoadedFromMemory doesn't match image O:\MSc AI\Dissertation-Project\RPG\Library\PackageCache\com.unity.visualscripting@1.7.8\Editor\VisualScripting.Core\Dependencies\DotNetZip\Unity.VisualScripting.IonicZip.dll
Native extension for WindowsStandalone target not found
Native extension for OSXStandalone target not found
Refreshing native plugins compatible for Editor in 2.00 ms, found 3 plugins.
Preloading 0 native plugins for Editor in 0.00 ms.
Mono: successfully reloaded assembly
- Completed reload, in  0.926 seconds
Domain Reload Profiling:
	ReloadAssembly (926ms)
		BeginReloadAssembly (114ms)
			ExecutionOrderSort (0ms)
			DisableScriptedObjects (4ms)
			BackupInstance (0ms)
			ReleaseScriptingObjects (0ms)
			CreateAndSetChildDomain (37ms)
		EndReloadAssembly (733ms)
			LoadAssemblies (60ms)
			RebuildTransferFunctionScriptingTraits (0ms)
			SetupTypeCache (210ms)
			ReleaseScriptCaches (2ms)
			RebuildScriptCaches (45ms)
			SetupLoadedEditorAssemblies (366ms)
				LogAssemblyErrors (0ms)
				InitializePlatformSupportModulesInManaged (13ms)
				SetLoadedEditorAssemblies (0ms)
				RefreshPlugins (2ms)
				BeforeProcessingInitializeOnLoad (61ms)
				ProcessInitializeOnLoadAttributes (261ms)
				ProcessInitializeOnLoadMethodAttributes (24ms)
				AfterProcessingInitializeOnLoad (5ms)
				EditorAssembliesLoaded (0ms)
			ExecutionOrderSort2 (0ms)
			AwakeInstancesAfterBackupRestoration (5ms)
Platform modules already initialized, skipping
Shader Custom/UnlitShadow uses undefined Queue: 'Opaque'
Shader Custom/UnlitShadow uses undefined Queue: 'Opaque'
Refreshing native plugins compatible for Editor in 1.93 ms, found 3 plugins.
Preloading 0 native plugins for Editor in 0.00 ms.
Unloading 4091 Unused Serialized files (Serialized files now loaded: 0)
Unloading 34 unused Assets / (1.4 MB). Loaded Objects now: 5043.
Memory consumption went from 259.7 MB to 258.3 MB.
Total: 3.024600 ms (FindLiveObjects: 0.267500 ms CreateObjectMapping: 0.091800 ms MarkObjects: 2.335500 ms  DeleteObjects: 0.329000 ms)

AssetImportParameters requested are different than current active one (requested -> active):
  custom:video-decoder-ogg-theora: a1e56fd34408186e4bbccfd4996cb3dc -> 
  custom:container-muxer-webm: aa71ff27fc2769a1b78a27578f13a17b -> 
  custom:container-demuxer-webm: 4f35f7cbe854078d1ac9338744f61a02 -> 
  custom:video-encoder-webm-vp8: eb34c28f22e8b96e1ab97ce403110664 -> 
  custom:audio-encoder-webm-vorbis: bf7c407c2cedff20999df2af8eb42d56 -> 
  custom:framework-win-MediaFoundation: 216162199b28c13a410421893ffa2e32 -> 
  custom:container-demuxer-ogg: 62fdf1f143b41e24485cea50d1cbac27 -> 
  custom:video-decoder-webm-vp8: 9c59270c3fd7afecdb556c50c9e8de78 -> 
  custom:audio-decoder-ogg-vorbis: bf7c407c2cedff20999df2af8eb42d56 -> 
========================================================================
Received Prepare
Registering precompiled user dll's ...
Registered in 0.002733 seconds.
Begin MonoManager ReloadAssembly
Symbol file LoadedFromMemory doesn't match image O:\MSc AI\Dissertation-Project\RPG\Library\PackageCache\com.unity.visualscripting@1.7.8\Editor\VisualScripting.Core\Dependencies\YamlDotNet\Unity.VisualScripting.YamlDotNet.dll
Symbol file LoadedFromMemory doesn't match image O:\MSc AI\Dissertation-Project\RPG\Library\PackageCache\com.unity.visualscripting@1.7.8\Editor\VisualScripting.Core\Dependencies\DotNetZip\Unity.VisualScripting.IonicZip.dll
Native extension for WindowsStandalone target not found
Native extension for OSXStandalone target not found
Refreshing native plugins compatible for Editor in 0.97 ms, found 3 plugins.
Preloading 0 native plugins for Editor in 0.00 ms.
Mono: successfully reloaded assembly
- Completed reload, in  0.845 seconds
Domain Reload Profiling:
	ReloadAssembly (846ms)
		BeginReloadAssembly (115ms)
			ExecutionOrderSort (0ms)
			DisableScriptedObjects (4ms)
			BackupInstance (0ms)
			ReleaseScriptingObjects (0ms)
			CreateAndSetChildDomain (38ms)
		EndReloadAssembly (660ms)
			LoadAssemblies (65ms)
			RebuildTransferFunctionScriptingTraits (0ms)
			SetupTypeCache (201ms)
			ReleaseScriptCaches (2ms)
			RebuildScriptCaches (36ms)
			SetupLoadedEditorAssemblies (326ms)
				LogAssemblyErrors (0ms)
				InitializePlatformSupportModulesInManaged (11ms)
				SetLoadedEditorAssemblies (0ms)
				RefreshPlugins (1ms)
				BeforeProcessingInitializeOnLoad (52ms)
				ProcessInitializeOnLoadAttributes (236ms)
				ProcessInitializeOnLoadMethodAttributes (21ms)
				AfterProcessingInitializeOnLoad (5ms)
				EditorAssembliesLoaded (0ms)
			ExecutionOrderSort2 (0ms)
			AwakeInstancesAfterBackupRestoration (4ms)
Platform modules already initialized, skipping
Shader Custom/UnlitShadow uses undefined Queue: 'Opaque'
Shader Custom/UnlitShadow uses undefined Queue: 'Opaque'
Refreshing native plugins compatible for Editor in 1.89 ms, found 3 plugins.
Preloading 0 native plugins for Editor in 0.00 ms.
Unloading 4091 Unused Serialized files (Serialized files now loaded: 0)
Unloading 34 unused Assets / (1.4 MB). Loaded Objects now: 5058.
Memory consumption went from 259.7 MB to 258.4 MB.
Total: 3.181000 ms (FindLiveObjects: 0.303800 ms CreateObjectMapping: 0.093700 ms MarkObjects: 2.422700 ms  DeleteObjects: 0.360200 ms)

AssetImportParameters requested are different than current active one (requested -> active):
  custom:video-decoder-ogg-theora: a1e56fd34408186e4bbccfd4996cb3dc -> 
  custom:container-muxer-webm: aa71ff27fc2769a1b78a27578f13a17b -> 
  custom:container-demuxer-webm: 4f35f7cbe854078d1ac9338744f61a02 -> 
  custom:video-encoder-webm-vp8: eb34c28f22e8b96e1ab97ce403110664 -> 
  custom:audio-encoder-webm-vorbis: bf7c407c2cedff20999df2af8eb42d56 -> 
  custom:framework-win-MediaFoundation: 216162199b28c13a410421893ffa2e32 -> 
  custom:container-demuxer-ogg: 62fdf1f143b41e24485cea50d1cbac27 -> 
  custom:video-decoder-webm-vp8: 9c59270c3fd7afecdb556c50c9e8de78 -> 
  custom:audio-decoder-ogg-vorbis: bf7c407c2cedff20999df2af8eb42d56 -> 
========================================================================
Received Prepare
Registering precompiled user dll's ...
Registered in 0.002896 seconds.
Begin MonoManager ReloadAssembly
Symbol file LoadedFromMemory doesn't match image O:\MSc AI\Dissertation-Project\RPG\Library\PackageCache\com.unity.visualscripting@1.7.8\Editor\VisualScripting.Core\Dependencies\YamlDotNet\Unity.VisualScripting.YamlDotNet.dll
Symbol file LoadedFromMemory doesn't match image O:\MSc AI\Dissertation-Project\RPG\Library\PackageCache\com.unity.visualscripting@1.7.8\Editor\VisualScripting.Core\Dependencies\DotNetZip\Unity.VisualScripting.IonicZip.dll
Native extension for WindowsStandalone target not found
Native extension for OSXStandalone target not found
Refreshing native plugins compatible for Editor in 1.33 ms, found 3 plugins.
Preloading 0 native plugins for Editor in 0.00 ms.
Mono: successfully reloaded assembly
- Completed reload, in  0.905 seconds
Domain Reload Profiling:
	ReloadAssembly (906ms)
		BeginReloadAssembly (107ms)
			ExecutionOrderSort (0ms)
			DisableScriptedObjects (4ms)
			BackupInstance (0ms)
			ReleaseScriptingObjects (0ms)
			CreateAndSetChildDomain (33ms)
		EndReloadAssembly (724ms)
			LoadAssemblies (57ms)
			RebuildTransferFunctionScriptingTraits (0ms)
			SetupTypeCache (219ms)
			ReleaseScriptCaches (2ms)
			RebuildScriptCaches (45ms)
			SetupLoadedEditorAssemblies (329ms)
				LogAssemblyErrors (0ms)
				InitializePlatformSupportModulesInManaged (11ms)
				SetLoadedEditorAssemblies (0ms)
				RefreshPlugins (1ms)
				BeforeProcessingInitializeOnLoad (67ms)
				ProcessInitializeOnLoadAttributes (223ms)
				ProcessInitializeOnLoadMethodAttributes (21ms)
				AfterProcessingInitializeOnLoad (6ms)
				EditorAssembliesLoaded (0ms)
			ExecutionOrderSort2 (0ms)
			AwakeInstancesAfterBackupRestoration (7ms)
Platform modules already initialized, skipping
Shader Custom/UnlitShadow uses undefined Queue: 'Opaque'
Shader Custom/UnlitShadow uses undefined Queue: 'Opaque'
Refreshing native plugins compatible for Editor in 2.39 ms, found 3 plugins.
Preloading 0 native plugins for Editor in 0.00 ms.
Unloading 4091 Unused Serialized files (Serialized files now loaded: 0)
Unloading 34 unused Assets / (1.4 MB). Loaded Objects now: 5073.
Memory consumption went from 259.9 MB to 258.5 MB.
Total: 3.338700 ms (FindLiveObjects: 0.369600 ms CreateObjectMapping: 0.101100 ms MarkObjects: 2.484000 ms  DeleteObjects: 0.383100 ms)

AssetImportParameters requested are different than current active one (requested -> active):
  custom:video-decoder-ogg-theora: a1e56fd34408186e4bbccfd4996cb3dc -> 
  custom:container-muxer-webm: aa71ff27fc2769a1b78a27578f13a17b -> 
  custom:container-demuxer-webm: 4f35f7cbe854078d1ac9338744f61a02 -> 
  custom:video-encoder-webm-vp8: eb34c28f22e8b96e1ab97ce403110664 -> 
  custom:audio-encoder-webm-vorbis: bf7c407c2cedff20999df2af8eb42d56 -> 
  custom:framework-win-MediaFoundation: 216162199b28c13a410421893ffa2e32 -> 
  custom:container-demuxer-ogg: 62fdf1f143b41e24485cea50d1cbac27 -> 
  custom:video-decoder-webm-vp8: 9c59270c3fd7afecdb556c50c9e8de78 -> 
  custom:audio-decoder-ogg-vorbis: bf7c407c2cedff20999df2af8eb42d56 -> 
========================================================================
Received Prepare
Registering precompiled user dll's ...
Registered in 0.002534 seconds.
Begin MonoManager ReloadAssembly
Symbol file LoadedFromMemory doesn't match image O:\MSc AI\Dissertation-Project\RPG\Library\PackageCache\com.unity.visualscripting@1.7.8\Editor\VisualScripting.Core\Dependencies\YamlDotNet\Unity.VisualScripting.YamlDotNet.dll
Symbol file LoadedFromMemory doesn't match image O:\MSc AI\Dissertation-Project\RPG\Library\PackageCache\com.unity.visualscripting@1.7.8\Editor\VisualScripting.Core\Dependencies\DotNetZip\Unity.VisualScripting.IonicZip.dll
Native extension for WindowsStandalone target not found
Native extension for OSXStandalone target not found
Refreshing native plugins compatible for Editor in 1.37 ms, found 3 plugins.
Preloading 0 native plugins for Editor in 0.00 ms.
Mono: successfully reloaded assembly
- Completed reload, in  0.827 seconds
Domain Reload Profiling:
	ReloadAssembly (828ms)
		BeginReloadAssembly (110ms)
			ExecutionOrderSort (0ms)
			DisableScriptedObjects (5ms)
			BackupInstance (0ms)
			ReleaseScriptingObjects (0ms)
			CreateAndSetChildDomain (37ms)
		EndReloadAssembly (645ms)
			LoadAssemblies (56ms)
			RebuildTransferFunctionScriptingTraits (0ms)
			SetupTypeCache (185ms)
			ReleaseScriptCaches (2ms)
			RebuildScriptCaches (40ms)
			SetupLoadedEditorAssemblies (327ms)
				LogAssemblyErrors (0ms)
				InitializePlatformSupportModulesInManaged (11ms)
				SetLoadedEditorAssemblies (0ms)
				RefreshPlugins (1ms)
				BeforeProcessingInitializeOnLoad (59ms)
				ProcessInitializeOnLoadAttributes (228ms)
				ProcessInitializeOnLoadMethodAttributes (21ms)
				AfterProcessingInitializeOnLoad (6ms)
				EditorAssembliesLoaded (0ms)
			ExecutionOrderSort2 (0ms)
			AwakeInstancesAfterBackupRestoration (4ms)
Platform modules already initialized, skipping
Shader Custom/UnlitShadow uses undefined Queue: 'Opaque'
Shader Custom/UnlitShadow uses undefined Queue: 'Opaque'
Refreshing native plugins compatible for Editor in 2.42 ms, found 3 plugins.
Preloading 0 native plugins for Editor in 0.00 ms.
Unloading 4091 Unused Serialized files (Serialized files now loaded: 0)
Unloading 34 unused Assets / (1.4 MB). Loaded Objects now: 5088.
Memory consumption went from 259.9 MB to 258.5 MB.
Total: 3.152500 ms (FindLiveObjects: 0.314900 ms CreateObjectMapping: 0.099500 ms MarkObjects: 2.387300 ms  DeleteObjects: 0.350100 ms)

AssetImportParameters requested are different than current active one (requested -> active):
  custom:video-decoder-ogg-theora: a1e56fd34408186e4bbccfd4996cb3dc -> 
  custom:container-muxer-webm: aa71ff27fc2769a1b78a27578f13a17b -> 
  custom:container-demuxer-webm: 4f35f7cbe854078d1ac9338744f61a02 -> 
  custom:video-encoder-webm-vp8: eb34c28f22e8b96e1ab97ce403110664 -> 
  custom:audio-encoder-webm-vorbis: bf7c407c2cedff20999df2af8eb42d56 -> 
  custom:framework-win-MediaFoundation: 216162199b28c13a410421893ffa2e32 -> 
  custom:container-demuxer-ogg: 62fdf1f143b41e24485cea50d1cbac27 -> 
  custom:video-decoder-webm-vp8: 9c59270c3fd7afecdb556c50c9e8de78 -> 
  custom:audio-decoder-ogg-vorbis: bf7c407c2cedff20999df2af8eb42d56 -> 
========================================================================
Received Prepare
Registering precompiled user dll's ...
Registered in 0.003393 seconds.
Begin MonoManager ReloadAssembly
Symbol file LoadedFromMemory doesn't match image O:\MSc AI\Dissertation-Project\RPG\Library\PackageCache\com.unity.visualscripting@1.7.8\Editor\VisualScripting.Core\Dependencies\YamlDotNet\Unity.VisualScripting.YamlDotNet.dll
Symbol file LoadedFromMemory doesn't match image O:\MSc AI\Dissertation-Project\RPG\Library\PackageCache\com.unity.visualscripting@1.7.8\Editor\VisualScripting.Core\Dependencies\DotNetZip\Unity.VisualScripting.IonicZip.dll
Native extension for WindowsStandalone target not found
Native extension for OSXStandalone target not found
Refreshing native plugins compatible for Editor in 1.30 ms, found 3 plugins.
Preloading 0 native plugins for Editor in 0.00 ms.
Mono: successfully reloaded assembly
- Completed reload, in  0.851 seconds
Domain Reload Profiling:
	ReloadAssembly (851ms)
		BeginReloadAssembly (113ms)
			ExecutionOrderSort (0ms)
			DisableScriptedObjects (3ms)
			BackupInstance (0ms)
			ReleaseScriptingObjects (0ms)
			CreateAndSetChildDomain (38ms)
		EndReloadAssembly (655ms)
			LoadAssemblies (62ms)
			RebuildTransferFunctionScriptingTraits (0ms)
			SetupTypeCache (188ms)
			ReleaseScriptCaches (2ms)
			RebuildScriptCaches (35ms)
			SetupLoadedEditorAssemblies (329ms)
				LogAssemblyErrors (0ms)
				InitializePlatformSupportModulesInManaged (14ms)
				SetLoadedEditorAssemblies (0ms)
				RefreshPlugins (1ms)
				BeforeProcessingInitializeOnLoad (56ms)
				ProcessInitializeOnLoadAttributes (226ms)
				ProcessInitializeOnLoadMethodAttributes (25ms)
				AfterProcessingInitializeOnLoad (6ms)
				EditorAssembliesLoaded (0ms)
			ExecutionOrderSort2 (0ms)
			AwakeInstancesAfterBackupRestoration (6ms)
Platform modules already initialized, skipping
Shader Custom/UnlitShadow uses undefined Queue: 'Opaque'
Shader Custom/UnlitShadow uses undefined Queue: 'Opaque'
Refreshing native plugins compatible for Editor in 2.67 ms, found 3 plugins.
Preloading 0 native plugins for Editor in 0.00 ms.
Unloading 4091 Unused Serialized files (Serialized files now loaded: 0)
Unloading 34 unused Assets / (1.4 MB). Loaded Objects now: 5103.
Memory consumption went from 260.0 MB to 258.5 MB.
Total: 3.570900 ms (FindLiveObjects: 0.350600 ms CreateObjectMapping: 0.118300 ms MarkObjects: 2.588500 ms  DeleteObjects: 0.512400 ms)

AssetImportParameters requested are different than current active one (requested -> active):
  custom:video-decoder-ogg-theora: a1e56fd34408186e4bbccfd4996cb3dc -> 
  custom:container-muxer-webm: aa71ff27fc2769a1b78a27578f13a17b -> 
  custom:container-demuxer-webm: 4f35f7cbe854078d1ac9338744f61a02 -> 
  custom:video-encoder-webm-vp8: eb34c28f22e8b96e1ab97ce403110664 -> 
  custom:audio-encoder-webm-vorbis: bf7c407c2cedff20999df2af8eb42d56 -> 
  custom:framework-win-MediaFoundation: 216162199b28c13a410421893ffa2e32 -> 
  custom:container-demuxer-ogg: 62fdf1f143b41e24485cea50d1cbac27 -> 
  custom:video-decoder-webm-vp8: 9c59270c3fd7afecdb556c50c9e8de78 -> 
  custom:audio-decoder-ogg-vorbis: bf7c407c2cedff20999df2af8eb42d56 -> 
========================================================================
Received Prepare
Registering precompiled user dll's ...
Registered in 0.002636 seconds.
Begin MonoManager ReloadAssembly
Symbol file LoadedFromMemory doesn't match image O:\MSc AI\Dissertation-Project\RPG\Library\PackageCache\com.unity.visualscripting@1.7.8\Editor\VisualScripting.Core\Dependencies\YamlDotNet\Unity.VisualScripting.YamlDotNet.dll
Symbol file LoadedFromMemory doesn't match image O:\MSc AI\Dissertation-Project\RPG\Library\PackageCache\com.unity.visualscripting@1.7.8\Editor\VisualScripting.Core\Dependencies\DotNetZip\Unity.VisualScripting.IonicZip.dll
Native extension for WindowsStandalone target not found
Native extension for OSXStandalone target not found
Refreshing native plugins compatible for Editor in 1.70 ms, found 3 plugins.
Preloading 0 native plugins for Editor in 0.00 ms.
Mono: successfully reloaded assembly
- Completed reload, in  0.833 seconds
Domain Reload Profiling:
	ReloadAssembly (834ms)
		BeginReloadAssembly (107ms)
			ExecutionOrderSort (0ms)
			DisableScriptedObjects (5ms)
			BackupInstance (0ms)
			ReleaseScriptingObjects (0ms)
			CreateAndSetChildDomain (33ms)
		EndReloadAssembly (652ms)
			LoadAssemblies (54ms)
			RebuildTransferFunctionScriptingTraits (0ms)
			SetupTypeCache (184ms)
			ReleaseScriptCaches (2ms)
			RebuildScriptCaches (38ms)
			SetupLoadedEditorAssemblies (342ms)
				LogAssemblyErrors (0ms)
				InitializePlatformSupportModulesInManaged (11ms)
				SetLoadedEditorAssemblies (0ms)
				RefreshPlugins (2ms)
				BeforeProcessingInitializeOnLoad (71ms)
				ProcessInitializeOnLoadAttributes (231ms)
				ProcessInitializeOnLoadMethodAttributes (22ms)
				AfterProcessingInitializeOnLoad (5ms)
				EditorAssembliesLoaded (0ms)
			ExecutionOrderSort2 (0ms)
			AwakeInstancesAfterBackupRestoration (5ms)
Platform modules already initialized, skipping
Shader Custom/UnlitShadow uses undefined Queue: 'Opaque'
Shader Custom/UnlitShadow uses undefined Queue: 'Opaque'
Refreshing native plugins compatible for Editor in 2.63 ms, found 3 plugins.
Preloading 0 native plugins for Editor in 0.00 ms.
Unloading 4091 Unused Serialized files (Serialized files now loaded: 0)
Unloading 34 unused Assets / (1.4 MB). Loaded Objects now: 5118.
Memory consumption went from 260.0 MB to 258.6 MB.
Total: 3.111600 ms (FindLiveObjects: 0.319100 ms CreateObjectMapping: 0.094900 ms MarkObjects: 2.331600 ms  DeleteObjects: 0.365000 ms)

AssetImportParameters requested are different than current active one (requested -> active):
  custom:video-decoder-ogg-theora: a1e56fd34408186e4bbccfd4996cb3dc -> 
  custom:container-muxer-webm: aa71ff27fc2769a1b78a27578f13a17b -> 
  custom:container-demuxer-webm: 4f35f7cbe854078d1ac9338744f61a02 -> 
  custom:video-encoder-webm-vp8: eb34c28f22e8b96e1ab97ce403110664 -> 
  custom:audio-encoder-webm-vorbis: bf7c407c2cedff20999df2af8eb42d56 -> 
  custom:framework-win-MediaFoundation: 216162199b28c13a410421893ffa2e32 -> 
  custom:container-demuxer-ogg: 62fdf1f143b41e24485cea50d1cbac27 -> 
  custom:video-decoder-webm-vp8: 9c59270c3fd7afecdb556c50c9e8de78 -> 
  custom:audio-decoder-ogg-vorbis: bf7c407c2cedff20999df2af8eb42d56 -> 
========================================================================
Received Prepare
Registering precompiled user dll's ...
Registered in 0.003069 seconds.
Begin MonoManager ReloadAssembly
Symbol file LoadedFromMemory doesn't match image O:\MSc AI\Dissertation-Project\RPG\Library\PackageCache\com.unity.visualscripting@1.7.8\Editor\VisualScripting.Core\Dependencies\YamlDotNet\Unity.VisualScripting.YamlDotNet.dll
Symbol file LoadedFromMemory doesn't match image O:\MSc AI\Dissertation-Project\RPG\Library\PackageCache\com.unity.visualscripting@1.7.8\Editor\VisualScripting.Core\Dependencies\DotNetZip\Unity.VisualScripting.IonicZip.dll
Native extension for WindowsStandalone target not found
Native extension for OSXStandalone target not found
Refreshing native plugins compatible for Editor in 1.37 ms, found 3 plugins.
Preloading 0 native plugins for Editor in 0.00 ms.
Mono: successfully reloaded assembly
- Completed reload, in  0.852 seconds
Domain Reload Profiling:
	ReloadAssembly (853ms)
		BeginReloadAssembly (106ms)
			ExecutionOrderSort (0ms)
			DisableScriptedObjects (4ms)
			BackupInstance (0ms)
			ReleaseScriptingObjects (0ms)
			CreateAndSetChildDomain (34ms)
		EndReloadAssembly (668ms)
			LoadAssemblies (56ms)
			RebuildTransferFunctionScriptingTraits (0ms)
			SetupTypeCache (193ms)
			ReleaseScriptCaches (2ms)
			RebuildScriptCaches (35ms)
			SetupLoadedEditorAssemblies (341ms)
				LogAssemblyErrors (0ms)
				InitializePlatformSupportModulesInManaged (13ms)
				SetLoadedEditorAssemblies (1ms)
				RefreshPlugins (1ms)
				BeforeProcessingInitializeOnLoad (64ms)
				ProcessInitializeOnLoadAttributes (232ms)
				ProcessInitializeOnLoadMethodAttributes (24ms)
				AfterProcessingInitializeOnLoad (5ms)
				EditorAssembliesLoaded (0ms)
			ExecutionOrderSort2 (0ms)
			AwakeInstancesAfterBackupRestoration (5ms)
Platform modules already initialized, skipping
Shader Custom/UnlitShadow uses undefined Queue: 'Opaque'
Shader Custom/UnlitShadow uses undefined Queue: 'Opaque'
Refreshing native plugins compatible for Editor in 2.14 ms, found 3 plugins.
Preloading 0 native plugins for Editor in 0.00 ms.
Unloading 4091 Unused Serialized files (Serialized files now loaded: 0)
Unloading 34 unused Assets / (1.4 MB). Loaded Objects now: 5133.
Memory consumption went from 260.0 MB to 258.6 MB.
Total: 3.529400 ms (FindLiveObjects: 0.412800 ms CreateObjectMapping: 0.101300 ms MarkObjects: 2.616600 ms  DeleteObjects: 0.397700 ms)

AssetImportParameters requested are different than current active one (requested -> active):
  custom:video-decoder-ogg-theora: a1e56fd34408186e4bbccfd4996cb3dc -> 
  custom:container-muxer-webm: aa71ff27fc2769a1b78a27578f13a17b -> 
  custom:container-demuxer-webm: 4f35f7cbe854078d1ac9338744f61a02 -> 
  custom:video-encoder-webm-vp8: eb34c28f22e8b96e1ab97ce403110664 -> 
  custom:audio-encoder-webm-vorbis: bf7c407c2cedff20999df2af8eb42d56 -> 
  custom:framework-win-MediaFoundation: 216162199b28c13a410421893ffa2e32 -> 
  custom:container-demuxer-ogg: 62fdf1f143b41e24485cea50d1cbac27 -> 
  custom:video-decoder-webm-vp8: 9c59270c3fd7afecdb556c50c9e8de78 -> 
  custom:audio-decoder-ogg-vorbis: bf7c407c2cedff20999df2af8eb42d56 -> 
========================================================================
Received Import Request.
  Time since last request: 974.011083 seconds.
  path: Assets/Prefabs/SpawnObject.prefab
  artifactKey: Guid(773e1d6c949e06444b853b8e71059aa1) Importer(815301076,1909f56bfc062723c751e8b465ee728b)
Start importing Assets/Prefabs/SpawnObject.prefab using Guid(773e1d6c949e06444b853b8e71059aa1) Importer(815301076,1909f56bfc062723c751e8b465ee728b)  -> (artifact id: 'f862ec558f4b708a27768de90f963f7e') in 0.069986 seconds 
========================================================================
Received Import Request.
  Time since last request: 10.227814 seconds.
  path: Assets/Prefabs/SpawnObjects/Orignal.prefab
  artifactKey: Guid(773e1d6c949e06444b853b8e71059aa1) Importer(815301076,1909f56bfc062723c751e8b465ee728b)
Start importing Assets/Prefabs/SpawnObjects/Orignal.prefab using Guid(773e1d6c949e06444b853b8e71059aa1) Importer(815301076,1909f56bfc062723c751e8b465ee728b)  -> (artifact id: '774ae5b07bd7cb3d78050c326c047b1a') in 0.017427 seconds 
========================================================================
Received Import Request.
  Time since last request: 13.452812 seconds.
  path: Assets/Prefabs/SpawnObjects/Original.prefab
  artifactKey: Guid(773e1d6c949e06444b853b8e71059aa1) Importer(815301076,1909f56bfc062723c751e8b465ee728b)
Start importing Assets/Prefabs/SpawnObjects/Original.prefab using Guid(773e1d6c949e06444b853b8e71059aa1) Importer(815301076,1909f56bfc062723c751e8b465ee728b)  -> (artifact id: 'b483cb00e8ffb3582b131e21c0677eec') in 0.017075 seconds 
========================================================================
Received Import Request.
  Time since last request: 30.981952 seconds.
  path: Assets/Prefabs/Enemies/Spider.prefab
  artifactKey: Guid(d776ca2143eb37d4f9d38086c14cb405) Importer(815301076,1909f56bfc062723c751e8b465ee728b)
Start importing Assets/Prefabs/Enemies/Spider.prefab using Guid(d776ca2143eb37d4f9d38086c14cb405) Importer(815301076,1909f56bfc062723c751e8b465ee728b)  -> (artifact id: '6b13a9004844e4e19a520fdb191f46cb') in 0.071082 seconds 
========================================================================
Received Import Request.
  Time since last request: 2.943652 seconds.
  path: Assets/Prefabs/Enemies/Spider.prefab
  artifactKey: Guid(d776ca2143eb37d4f9d38086c14cb405) Importer(815301076,1909f56bfc062723c751e8b465ee728b)
Start importing Assets/Prefabs/Enemies/Spider.prefab using Guid(d776ca2143eb37d4f9d38086c14cb405) Importer(815301076,1909f56bfc062723c751e8b465ee728b)  -> (artifact id: 'b84e5bf6586f2b83cfeb0ac4cd55370d') in 0.043917 seconds 
========================================================================
Received Import Request.
  Time since last request: 34.122300 seconds.
  path: Assets/Prefabs/Enemies/Spider.prefab
  artifactKey: Guid(d776ca2143eb37d4f9d38086c14cb405) Importer(815301076,1909f56bfc062723c751e8b465ee728b)
Start importing Assets/Prefabs/Enemies/Spider.prefab using Guid(d776ca2143eb37d4f9d38086c14cb405) Importer(815301076,1909f56bfc062723c751e8b465ee728b)  -> (artifact id: 'a25a8644ff0c01a98ed9175c6f44194c') in 0.043029 seconds 
========================================================================
Received Import Request.
  Time since last request: 2.181907 seconds.
  path: Assets/Prefabs/Enemies/Spider.prefab
  artifactKey: Guid(d776ca2143eb37d4f9d38086c14cb405) Importer(815301076,1909f56bfc062723c751e8b465ee728b)
Start importing Assets/Prefabs/Enemies/Spider.prefab using Guid(d776ca2143eb37d4f9d38086c14cb405) Importer(815301076,1909f56bfc062723c751e8b465ee728b)  -> (artifact id: '98236ec175800f53f954571becd7072f') in 0.041696 seconds 
========================================================================
Received Import Request.
  Time since last request: 76.844423 seconds.
  path: Assets/Prefabs/Enemies/Spider.prefab
  artifactKey: Guid(d776ca2143eb37d4f9d38086c14cb405) Importer(815301076,1909f56bfc062723c751e8b465ee728b)
Start importing Assets/Prefabs/Enemies/Spider.prefab using Guid(d776ca2143eb37d4f9d38086c14cb405) Importer(815301076,1909f56bfc062723c751e8b465ee728b)  -> (artifact id: 'ef3cd1bf7639f4fcbb7265d4df87234c') in 0.049928 seconds 
========================================================================
Received Import Request.
  Time since last request: 6.840066 seconds.
  path: Assets/Prefabs/Enemies/Spider.prefab
  artifactKey: Guid(d776ca2143eb37d4f9d38086c14cb405) Importer(815301076,1909f56bfc062723c751e8b465ee728b)
Start importing Assets/Prefabs/Enemies/Spider.prefab using Guid(d776ca2143eb37d4f9d38086c14cb405) Importer(815301076,1909f56bfc062723c751e8b465ee728b)  -> (artifact id: 'ed5aacebb5377329977b534fe73188d0') in 0.043505 seconds 
========================================================================
Received Import Request.
  Time since last request: 8.451461 seconds.
  path: Assets/Prefabs/Enemies/Spider.prefab
  artifactKey: Guid(d776ca2143eb37d4f9d38086c14cb405) Importer(815301076,1909f56bfc062723c751e8b465ee728b)
Start importing Assets/Prefabs/Enemies/Spider.prefab using Guid(d776ca2143eb37d4f9d38086c14cb405) Importer(815301076,1909f56bfc062723c751e8b465ee728b)  -> (artifact id: '7f8d0d9c420e3b98d86eefb248d67707') in 0.045337 seconds 
========================================================================
Received Import Request.
  Time since last request: 2.582961 seconds.
  path: Assets/Prefabs/Enemies/Spider.prefab
  artifactKey: Guid(d776ca2143eb37d4f9d38086c14cb405) Importer(815301076,1909f56bfc062723c751e8b465ee728b)
Start importing Assets/Prefabs/Enemies/Spider.prefab using Guid(d776ca2143eb37d4f9d38086c14cb405) Importer(815301076,1909f56bfc062723c751e8b465ee728b)  -> (artifact id: '501742d6dc0a8189db245bbb9131abbe') in 0.041895 seconds 
========================================================================
Received Import Request.
  Time since last request: 6.635015 seconds.
  path: Assets/Prefabs/Enemies/Spider.prefab
  artifactKey: Guid(d776ca2143eb37d4f9d38086c14cb405) Importer(815301076,1909f56bfc062723c751e8b465ee728b)
Start importing Assets/Prefabs/Enemies/Spider.prefab using Guid(d776ca2143eb37d4f9d38086c14cb405) Importer(815301076,1909f56bfc062723c751e8b465ee728b)  -> (artifact id: '1bb15a77b8eb167d6f07c3a63fa1eba2') in 0.046584 seconds 
========================================================================
Received Import Request.
  Time since last request: 2.399436 seconds.
  path: Assets/Prefabs/Enemies/Spider.prefab
  artifactKey: Guid(d776ca2143eb37d4f9d38086c14cb405) Importer(815301076,1909f56bfc062723c751e8b465ee728b)
Start importing Assets/Prefabs/Enemies/Spider.prefab using Guid(d776ca2143eb37d4f9d38086c14cb405) Importer(815301076,1909f56bfc062723c751e8b465ee728b)  -> (artifact id: '40f11b48f870851947d54d7f81517628') in 0.043291 seconds 
========================================================================
Received Import Request.
  Time since last request: 7.075930 seconds.
  path: Assets/Prefabs/Enemies/Spider.prefab
  artifactKey: Guid(d776ca2143eb37d4f9d38086c14cb405) Importer(815301076,1909f56bfc062723c751e8b465ee728b)
Start importing Assets/Prefabs/Enemies/Spider.prefab using Guid(d776ca2143eb37d4f9d38086c14cb405) Importer(815301076,1909f56bfc062723c751e8b465ee728b)  -> (artifact id: '61b03df91fface3b60c1d01c84bf1f6a') in 0.048277 seconds 
========================================================================
Received Import Request.
  Time since last request: 3.246900 seconds.
  path: Assets/Prefabs/Enemies/Spider.prefab
  artifactKey: Guid(d776ca2143eb37d4f9d38086c14cb405) Importer(815301076,1909f56bfc062723c751e8b465ee728b)
Start importing Assets/Prefabs/Enemies/Spider.prefab using Guid(d776ca2143eb37d4f9d38086c14cb405) Importer(815301076,1909f56bfc062723c751e8b465ee728b)  -> (artifact id: '128b6b25b6cad91c85b951b5ebabeeb3') in 0.043844 seconds 
========================================================================
Received Import Request.
  Time since last request: 5.403652 seconds.
  path: Assets/Prefabs/Enemies/Spider.prefab
  artifactKey: Guid(d776ca2143eb37d4f9d38086c14cb405) Importer(815301076,1909f56bfc062723c751e8b465ee728b)
Start importing Assets/Prefabs/Enemies/Spider.prefab using Guid(d776ca2143eb37d4f9d38086c14cb405) Importer(815301076,1909f56bfc062723c751e8b465ee728b)  -> (artifact id: 'ff0ecf32ee1f0ef3173226425c0fd3cc') in 0.045280 seconds 
========================================================================
Received Import Request.
  Time since last request: 1.932637 seconds.
  path: Assets/Prefabs/Enemies/Spider.prefab
  artifactKey: Guid(d776ca2143eb37d4f9d38086c14cb405) Importer(815301076,1909f56bfc062723c751e8b465ee728b)
Start importing Assets/Prefabs/Enemies/Spider.prefab using Guid(d776ca2143eb37d4f9d38086c14cb405) Importer(815301076,1909f56bfc062723c751e8b465ee728b)  -> (artifact id: '48b2f14a1dd7b2c9556a9d09e91ca8a0') in 0.050872 seconds 
========================================================================
Received Import Request.
  Time since last request: 0.758818 seconds.
  path: Assets/Prefabs/Enemies/Spider.prefab
  artifactKey: Guid(d776ca2143eb37d4f9d38086c14cb405) Importer(815301076,1909f56bfc062723c751e8b465ee728b)
Start importing Assets/Prefabs/Enemies/Spider.prefab using Guid(d776ca2143eb37d4f9d38086c14cb405) Importer(815301076,1909f56bfc062723c751e8b465ee728b)  -> (artifact id: '4b18e5d89e74b01df876a4719d3126eb') in 0.044171 seconds 
========================================================================
Received Import Request.
  Time since last request: 7.633163 seconds.
  path: Assets/Prefabs/Enemies/Spider.prefab
  artifactKey: Guid(d776ca2143eb37d4f9d38086c14cb405) Importer(815301076,1909f56bfc062723c751e8b465ee728b)
Start importing Assets/Prefabs/Enemies/Spider.prefab using Guid(d776ca2143eb37d4f9d38086c14cb405) Importer(815301076,1909f56bfc062723c751e8b465ee728b)  -> (artifact id: 'd6eec5d8f85673dffaff1b7f7163ffb3') in 0.044165 seconds 
========================================================================
Received Import Request.
  Time since last request: 26.374782 seconds.
  path: Assets/Prefabs/Enemies/Spider.prefab
  artifactKey: Guid(d776ca2143eb37d4f9d38086c14cb405) Importer(815301076,1909f56bfc062723c751e8b465ee728b)
Start importing Assets/Prefabs/Enemies/Spider.prefab using Guid(d776ca2143eb37d4f9d38086c14cb405) Importer(815301076,1909f56bfc062723c751e8b465ee728b)  -> (artifact id: '98b19b8b84af0cd9b5b2569730bc244f') in 0.045958 seconds 
========================================================================
Received Import Request.
  Time since last request: 3.347931 seconds.
  path: Assets/Prefabs/Enemies/Spider.prefab
  artifactKey: Guid(d776ca2143eb37d4f9d38086c14cb405) Importer(815301076,1909f56bfc062723c751e8b465ee728b)
Start importing Assets/Prefabs/Enemies/Spider.prefab using Guid(d776ca2143eb37d4f9d38086c14cb405) Importer(815301076,1909f56bfc062723c751e8b465ee728b)  -> (artifact id: 'e6da35741859f392549e6faafcc429cd') in 0.057919 seconds 
========================================================================
Received Import Request.
  Time since last request: 1.163902 seconds.
  path: Assets/Prefabs/Enemies/Spider.prefab
  artifactKey: Guid(d776ca2143eb37d4f9d38086c14cb405) Importer(815301076,1909f56bfc062723c751e8b465ee728b)
Start importing Assets/Prefabs/Enemies/Spider.prefab using Guid(d776ca2143eb37d4f9d38086c14cb405) Importer(815301076,1909f56bfc062723c751e8b465ee728b)  -> (artifact id: '809d35024847f94c7c8fa8691cf31a22') in 0.052359 seconds 
========================================================================
Received Import Request.
  Time since last request: 18.908046 seconds.
  path: Assets/Prefabs/Enemies/Spider.prefab
  artifactKey: Guid(d776ca2143eb37d4f9d38086c14cb405) Importer(815301076,1909f56bfc062723c751e8b465ee728b)
Start importing Assets/Prefabs/Enemies/Spider.prefab using Guid(d776ca2143eb37d4f9d38086c14cb405) Importer(815301076,1909f56bfc062723c751e8b465ee728b)  -> (artifact id: '17e0a6ba4bc5b399d51dcb76ff0623cd') in 0.051834 seconds 
========================================================================
Received Import Request.
  Time since last request: 8.053105 seconds.
  path: Assets/Prefabs/Enemies/Spider.prefab
  artifactKey: Guid(d776ca2143eb37d4f9d38086c14cb405) Importer(815301076,1909f56bfc062723c751e8b465ee728b)
Start importing Assets/Prefabs/Enemies/Spider.prefab using Guid(d776ca2143eb37d4f9d38086c14cb405) Importer(815301076,1909f56bfc062723c751e8b465ee728b)  -> (artifact id: 'abefdd582ecc1b676e6411589ffa8eb5') in 0.047511 seconds 
========================================================================
Received Import Request.
  Time since last request: 9.829527 seconds.
  path: Assets/Prefabs/Enemies/Spider.prefab
  artifactKey: Guid(d776ca2143eb37d4f9d38086c14cb405) Importer(815301076,1909f56bfc062723c751e8b465ee728b)
Start importing Assets/Prefabs/Enemies/Spider.prefab using Guid(d776ca2143eb37d4f9d38086c14cb405) Importer(815301076,1909f56bfc062723c751e8b465ee728b)  -> (artifact id: '6d1a2c4bc465d6a5497a33c764ea6287') in 0.044803 seconds 
========================================================================
Received Import Request.
  Time since last request: 75.802503 seconds.
  path: Assets/Prefabs/Enemies/Spider.prefab
  artifactKey: Guid(d776ca2143eb37d4f9d38086c14cb405) Importer(815301076,1909f56bfc062723c751e8b465ee728b)
Start importing Assets/Prefabs/Enemies/Spider.prefab using Guid(d776ca2143eb37d4f9d38086c14cb405) Importer(815301076,1909f56bfc062723c751e8b465ee728b)  -> (artifact id: '21a649733398e4645314872b3838400a') in 0.058732 seconds 
========================================================================
Received Prepare
Registering precompiled user dll's ...
Registered in 0.003184 seconds.
Begin MonoManager ReloadAssembly
Symbol file LoadedFromMemory doesn't match image O:\MSc AI\Dissertation-Project\RPG\Library\PackageCache\com.unity.visualscripting@1.7.8\Editor\VisualScripting.Core\Dependencies\YamlDotNet\Unity.VisualScripting.YamlDotNet.dll
Symbol file LoadedFromMemory doesn't match image O:\MSc AI\Dissertation-Project\RPG\Library\PackageCache\com.unity.visualscripting@1.7.8\Editor\VisualScripting.Core\Dependencies\DotNetZip\Unity.VisualScripting.IonicZip.dll
Native extension for WindowsStandalone target not found
Native extension for OSXStandalone target not found
Refreshing native plugins compatible for Editor in 1.16 ms, found 3 plugins.
Preloading 0 native plugins for Editor in 0.00 ms.
Mono: successfully reloaded assembly
- Completed reload, in  0.891 seconds
Domain Reload Profiling:
	ReloadAssembly (891ms)
		BeginReloadAssembly (111ms)
			ExecutionOrderSort (0ms)
			DisableScriptedObjects (3ms)
			BackupInstance (0ms)
			ReleaseScriptingObjects (0ms)
			CreateAndSetChildDomain (40ms)
		EndReloadAssembly (705ms)
			LoadAssemblies (58ms)
			RebuildTransferFunctionScriptingTraits (0ms)
			SetupTypeCache (200ms)
			ReleaseScriptCaches (2ms)
			RebuildScriptCaches (44ms)
			SetupLoadedEditorAssemblies (321ms)
				LogAssemblyErrors (0ms)
				InitializePlatformSupportModulesInManaged (12ms)
				SetLoadedEditorAssemblies (0ms)
				RefreshPlugins (1ms)
				BeforeProcessingInitializeOnLoad (60ms)
				ProcessInitializeOnLoadAttributes (214ms)
				ProcessInitializeOnLoadMethodAttributes (26ms)
				AfterProcessingInitializeOnLoad (6ms)
				EditorAssembliesLoaded (0ms)
			ExecutionOrderSort2 (0ms)
			AwakeInstancesAfterBackupRestoration (5ms)
Platform modules already initialized, skipping
Shader Custom/UnlitShadow uses undefined Queue: 'Opaque'
Shader Custom/UnlitShadow uses undefined Queue: 'Opaque'
Refreshing native plugins compatible for Editor in 1.93 ms, found 3 plugins.
Preloading 0 native plugins for Editor in 0.00 ms.
Unloading 4091 Unused Serialized files (Serialized files now loaded: 0)
Unloading 34 unused Assets / (1.4 MB). Loaded Objects now: 5150.
Memory consumption went from 260.3 MB to 258.9 MB.
Total: 3.261600 ms (FindLiveObjects: 0.316800 ms CreateObjectMapping: 0.091600 ms MarkObjects: 2.520200 ms  DeleteObjects: 0.332400 ms)

AssetImportParameters requested are different than current active one (requested -> active):
  custom:video-decoder-ogg-theora: a1e56fd34408186e4bbccfd4996cb3dc -> 
  custom:container-muxer-webm: aa71ff27fc2769a1b78a27578f13a17b -> 
  custom:container-demuxer-webm: 4f35f7cbe854078d1ac9338744f61a02 -> 
  custom:video-encoder-webm-vp8: eb34c28f22e8b96e1ab97ce403110664 -> 
  custom:audio-encoder-webm-vorbis: bf7c407c2cedff20999df2af8eb42d56 -> 
  custom:framework-win-MediaFoundation: 216162199b28c13a410421893ffa2e32 -> 
  custom:container-demuxer-ogg: 62fdf1f143b41e24485cea50d1cbac27 -> 
  custom:video-decoder-webm-vp8: 9c59270c3fd7afecdb556c50c9e8de78 -> 
  custom:audio-decoder-ogg-vorbis: bf7c407c2cedff20999df2af8eb42d56 -> 
========================================================================
Received Import Request.
  Time since last request: 639.697329 seconds.
  path: Assets/Prefabs/Enemies/Spider.prefab
  artifactKey: Guid(d776ca2143eb37d4f9d38086c14cb405) Importer(815301076,1909f56bfc062723c751e8b465ee728b)
Start importing Assets/Prefabs/Enemies/Spider.prefab using Guid(d776ca2143eb37d4f9d38086c14cb405) Importer(815301076,1909f56bfc062723c751e8b465ee728b)  -> (artifact id: '550124659130394de5fb6a5e0a513f3b') in 0.125801 seconds 
========================================================================
Received Import Request.
  Time since last request: 17.012783 seconds.
  path: Assets/Prefabs/Enemies/Spider.prefab
  artifactKey: Guid(d776ca2143eb37d4f9d38086c14cb405) Importer(815301076,1909f56bfc062723c751e8b465ee728b)
Start importing Assets/Prefabs/Enemies/Spider.prefab using Guid(d776ca2143eb37d4f9d38086c14cb405) Importer(815301076,1909f56bfc062723c751e8b465ee728b)  -> (artifact id: 'e203d4ce778ec9568a5b13a357b2f638') in 0.061209 seconds 
========================================================================
Received Import Request.
  Time since last request: 6.975050 seconds.
  path: Assets/Prefabs/Enemies/Spider.prefab
  artifactKey: Guid(d776ca2143eb37d4f9d38086c14cb405) Importer(815301076,1909f56bfc062723c751e8b465ee728b)
Start importing Assets/Prefabs/Enemies/Spider.prefab using Guid(d776ca2143eb37d4f9d38086c14cb405) Importer(815301076,1909f56bfc062723c751e8b465ee728b)  -> (artifact id: '55cdc5eee8683e9273d2e42686e28bba') in 0.064065 seconds 
========================================================================
Received Import Request.
  Time since last request: 4.397185 seconds.
  path: Assets/Prefabs/Enemies/Spider.prefab
  artifactKey: Guid(d776ca2143eb37d4f9d38086c14cb405) Importer(815301076,1909f56bfc062723c751e8b465ee728b)
Start importing Assets/Prefabs/Enemies/Spider.prefab using Guid(d776ca2143eb37d4f9d38086c14cb405) Importer(815301076,1909f56bfc062723c751e8b465ee728b)  -> (artifact id: '10ca85bdcdb7b9ede110b858b877da53') in 0.060734 seconds 
========================================================================
Received Import Request.
  Time since last request: 2.960763 seconds.
  path: Assets/Prefabs/Enemies/Spider.prefab
  artifactKey: Guid(d776ca2143eb37d4f9d38086c14cb405) Importer(815301076,1909f56bfc062723c751e8b465ee728b)
Start importing Assets/Prefabs/Enemies/Spider.prefab using Guid(d776ca2143eb37d4f9d38086c14cb405) Importer(815301076,1909f56bfc062723c751e8b465ee728b)  -> (artifact id: 'dadfaef93229de2f77170b81c4add4bb') in 0.058165 seconds 
========================================================================
Received Import Request.
  Time since last request: 6.472772 seconds.
  path: Assets/Prefabs/Enemies/Spider.prefab
  artifactKey: Guid(d776ca2143eb37d4f9d38086c14cb405) Importer(815301076,1909f56bfc062723c751e8b465ee728b)
Start importing Assets/Prefabs/Enemies/Spider.prefab using Guid(d776ca2143eb37d4f9d38086c14cb405) Importer(815301076,1909f56bfc062723c751e8b465ee728b)  -> (artifact id: 'dead384f2890d27a01d4c9a4ff2a73a8') in 0.066697 seconds 
========================================================================
Received Import Request.
  Time since last request: 4.160016 seconds.
  path: Assets/Prefabs/Enemies/Spider.prefab
  artifactKey: Guid(d776ca2143eb37d4f9d38086c14cb405) Importer(815301076,1909f56bfc062723c751e8b465ee728b)
Start importing Assets/Prefabs/Enemies/Spider.prefab using Guid(d776ca2143eb37d4f9d38086c14cb405) Importer(815301076,1909f56bfc062723c751e8b465ee728b)  -> (artifact id: '17570c8a416bc5542f333d466def5a04') in 0.064677 seconds 
========================================================================
Received Prepare
Registering precompiled user dll's ...
Registered in 0.003026 seconds.
Begin MonoManager ReloadAssembly
Symbol file LoadedFromMemory doesn't match image O:\MSc AI\Dissertation-Project\RPG\Library\PackageCache\com.unity.visualscripting@1.7.8\Editor\VisualScripting.Core\Dependencies\YamlDotNet\Unity.VisualScripting.YamlDotNet.dll
Symbol file LoadedFromMemory doesn't match image O:\MSc AI\Dissertation-Project\RPG\Library\PackageCache\com.unity.visualscripting@1.7.8\Editor\VisualScripting.Core\Dependencies\DotNetZip\Unity.VisualScripting.IonicZip.dll
Native extension for WindowsStandalone target not found
Native extension for OSXStandalone target not found
Refreshing native plugins compatible for Editor in 1.28 ms, found 3 plugins.
Preloading 0 native plugins for Editor in 0.00 ms.
Mono: successfully reloaded assembly
- Completed reload, in  0.856 seconds
Domain Reload Profiling:
	ReloadAssembly (857ms)
		BeginReloadAssembly (112ms)
			ExecutionOrderSort (0ms)
			DisableScriptedObjects (4ms)
			BackupInstance (0ms)
			ReleaseScriptingObjects (0ms)
			CreateAndSetChildDomain (40ms)
		EndReloadAssembly (674ms)
			LoadAssemblies (61ms)
			RebuildTransferFunctionScriptingTraits (0ms)
			SetupTypeCache (195ms)
			ReleaseScriptCaches (2ms)
			RebuildScriptCaches (47ms)
			SetupLoadedEditorAssemblies (321ms)
				LogAssemblyErrors (0ms)
				InitializePlatformSupportModulesInManaged (12ms)
				SetLoadedEditorAssemblies (0ms)
				RefreshPlugins (1ms)
				BeforeProcessingInitializeOnLoad (56ms)
				ProcessInitializeOnLoadAttributes (224ms)
				ProcessInitializeOnLoadMethodAttributes (22ms)
				AfterProcessingInitializeOnLoad (5ms)
				EditorAssembliesLoaded (0ms)
			ExecutionOrderSort2 (0ms)
			AwakeInstancesAfterBackupRestoration (4ms)
Platform modules already initialized, skipping
Shader Custom/UnlitShadow uses undefined Queue: 'Opaque'
Shader Custom/UnlitShadow uses undefined Queue: 'Opaque'
Refreshing native plugins compatible for Editor in 2.27 ms, found 3 plugins.
Preloading 0 native plugins for Editor in 0.00 ms.
Unloading 4091 Unused Serialized files (Serialized files now loaded: 0)
Unloading 34 unused Assets / (1.4 MB). Loaded Objects now: 5165.
Memory consumption went from 260.3 MB to 258.9 MB.
Total: 3.184200 ms (FindLiveObjects: 0.318900 ms CreateObjectMapping: 0.093900 ms MarkObjects: 2.434500 ms  DeleteObjects: 0.336300 ms)

AssetImportParameters requested are different than current active one (requested -> active):
  custom:video-decoder-ogg-theora: a1e56fd34408186e4bbccfd4996cb3dc -> 
  custom:container-muxer-webm: aa71ff27fc2769a1b78a27578f13a17b -> 
  custom:container-demuxer-webm: 4f35f7cbe854078d1ac9338744f61a02 -> 
  custom:video-encoder-webm-vp8: eb34c28f22e8b96e1ab97ce403110664 -> 
  custom:audio-encoder-webm-vorbis: bf7c407c2cedff20999df2af8eb42d56 -> 
  custom:framework-win-MediaFoundation: 216162199b28c13a410421893ffa2e32 -> 
  custom:container-demuxer-ogg: 62fdf1f143b41e24485cea50d1cbac27 -> 
  custom:video-decoder-webm-vp8: 9c59270c3fd7afecdb556c50c9e8de78 -> 
  custom:audio-decoder-ogg-vorbis: bf7c407c2cedff20999df2af8eb42d56 -> 
========================================================================
Received Prepare
Registering precompiled user dll's ...
Registered in 0.003140 seconds.
Begin MonoManager ReloadAssembly
Symbol file LoadedFromMemory doesn't match image O:\MSc AI\Dissertation-Project\RPG\Library\PackageCache\com.unity.visualscripting@1.7.8\Editor\VisualScripting.Core\Dependencies\YamlDotNet\Unity.VisualScripting.YamlDotNet.dll
Symbol file LoadedFromMemory doesn't match image O:\MSc AI\Dissertation-Project\RPG\Library\PackageCache\com.unity.visualscripting@1.7.8\Editor\VisualScripting.Core\Dependencies\DotNetZip\Unity.VisualScripting.IonicZip.dll
Native extension for WindowsStandalone target not found
Native extension for OSXStandalone target not found
Refreshing native plugins compatible for Editor in 0.97 ms, found 3 plugins.
Preloading 0 native plugins for Editor in 0.00 ms.
Mono: successfully reloaded assembly
- Completed reload, in  0.845 seconds
Domain Reload Profiling:
	ReloadAssembly (846ms)
		BeginReloadAssembly (106ms)
			ExecutionOrderSort (0ms)
			DisableScriptedObjects (3ms)
			BackupInstance (0ms)
			ReleaseScriptingObjects (0ms)
			CreateAndSetChildDomain (34ms)
		EndReloadAssembly (671ms)
			LoadAssemblies (56ms)
			RebuildTransferFunctionScriptingTraits (0ms)
			SetupTypeCache (198ms)
			ReleaseScriptCaches (2ms)
			RebuildScriptCaches (36ms)
			SetupLoadedEditorAssemblies (340ms)
				LogAssemblyErrors (0ms)
				InitializePlatformSupportModulesInManaged (11ms)
				SetLoadedEditorAssemblies (0ms)
				RefreshPlugins (1ms)
				BeforeProcessingInitializeOnLoad (74ms)
				ProcessInitializeOnLoadAttributes (228ms)
				ProcessInitializeOnLoadMethodAttributes (21ms)
				AfterProcessingInitializeOnLoad (5ms)
				EditorAssembliesLoaded (0ms)
			ExecutionOrderSort2 (0ms)
			AwakeInstancesAfterBackupRestoration (4ms)
Platform modules already initialized, skipping
Shader Custom/UnlitShadow uses undefined Queue: 'Opaque'
Shader Custom/UnlitShadow uses undefined Queue: 'Opaque'
Refreshing native plugins compatible for Editor in 2.04 ms, found 3 plugins.
Preloading 0 native plugins for Editor in 0.00 ms.
Unloading 4091 Unused Serialized files (Serialized files now loaded: 0)
Unloading 34 unused Assets / (1.4 MB). Loaded Objects now: 5180.
Memory consumption went from 260.3 MB to 258.9 MB.
Total: 3.112700 ms (FindLiveObjects: 0.321700 ms CreateObjectMapping: 0.095200 ms MarkObjects: 2.352300 ms  DeleteObjects: 0.342700 ms)

AssetImportParameters requested are different than current active one (requested -> active):
  custom:video-decoder-ogg-theora: a1e56fd34408186e4bbccfd4996cb3dc -> 
  custom:container-muxer-webm: aa71ff27fc2769a1b78a27578f13a17b -> 
  custom:container-demuxer-webm: 4f35f7cbe854078d1ac9338744f61a02 -> 
  custom:video-encoder-webm-vp8: eb34c28f22e8b96e1ab97ce403110664 -> 
  custom:audio-encoder-webm-vorbis: bf7c407c2cedff20999df2af8eb42d56 -> 
  custom:framework-win-MediaFoundation: 216162199b28c13a410421893ffa2e32 -> 
  custom:container-demuxer-ogg: 62fdf1f143b41e24485cea50d1cbac27 -> 
  custom:video-decoder-webm-vp8: 9c59270c3fd7afecdb556c50c9e8de78 -> 
  custom:audio-decoder-ogg-vorbis: bf7c407c2cedff20999df2af8eb42d56 -> 
========================================================================
Received Prepare
Registering precompiled user dll's ...
Registered in 0.002617 seconds.
Begin MonoManager ReloadAssembly
Symbol file LoadedFromMemory doesn't match image O:\MSc AI\Dissertation-Project\RPG\Library\PackageCache\com.unity.visualscripting@1.7.8\Editor\VisualScripting.Core\Dependencies\YamlDotNet\Unity.VisualScripting.YamlDotNet.dll
Symbol file LoadedFromMemory doesn't match image O:\MSc AI\Dissertation-Project\RPG\Library\PackageCache\com.unity.visualscripting@1.7.8\Editor\VisualScripting.Core\Dependencies\DotNetZip\Unity.VisualScripting.IonicZip.dll
Native extension for WindowsStandalone target not found
Native extension for OSXStandalone target not found
Refreshing native plugins compatible for Editor in 1.85 ms, found 3 plugins.
Preloading 0 native plugins for Editor in 0.00 ms.
Mono: successfully reloaded assembly
- Completed reload, in  1.009 seconds
Domain Reload Profiling:
	ReloadAssembly (1009ms)
		BeginReloadAssembly (109ms)
			ExecutionOrderSort (0ms)
			DisableScriptedObjects (3ms)
			BackupInstance (0ms)
			ReleaseScriptingObjects (0ms)
			CreateAndSetChildDomain (34ms)
		EndReloadAssembly (828ms)
			LoadAssemblies (60ms)
			RebuildTransferFunctionScriptingTraits (0ms)
			SetupTypeCache (188ms)
			ReleaseScriptCaches (2ms)
			RebuildScriptCaches (50ms)
			SetupLoadedEditorAssemblies (484ms)
				LogAssemblyErrors (0ms)
				InitializePlatformSupportModulesInManaged (12ms)
				SetLoadedEditorAssemblies (0ms)
				RefreshPlugins (2ms)
				BeforeProcessingInitializeOnLoad (65ms)
				ProcessInitializeOnLoadAttributes (363ms)
				ProcessInitializeOnLoadMethodAttributes (32ms)
				AfterProcessingInitializeOnLoad (10ms)
				EditorAssembliesLoaded (0ms)
			ExecutionOrderSort2 (0ms)
			AwakeInstancesAfterBackupRestoration (5ms)
Platform modules already initialized, skipping
Shader Custom/UnlitShadow uses undefined Queue: 'Opaque'
Shader Custom/UnlitShadow uses undefined Queue: 'Opaque'
Refreshing native plugins compatible for Editor in 1.94 ms, found 3 plugins.
Preloading 0 native plugins for Editor in 0.00 ms.
Unloading 4091 Unused Serialized files (Serialized files now loaded: 0)
Unloading 34 unused Assets / (1.4 MB). Loaded Objects now: 5195.
Memory consumption went from 260.4 MB to 259.0 MB.
Total: 3.150300 ms (FindLiveObjects: 0.312700 ms CreateObjectMapping: 0.110800 ms MarkObjects: 2.391400 ms  DeleteObjects: 0.334700 ms)

AssetImportParameters requested are different than current active one (requested -> active):
  custom:video-decoder-ogg-theora: a1e56fd34408186e4bbccfd4996cb3dc -> 
  custom:container-muxer-webm: aa71ff27fc2769a1b78a27578f13a17b -> 
  custom:container-demuxer-webm: 4f35f7cbe854078d1ac9338744f61a02 -> 
  custom:video-encoder-webm-vp8: eb34c28f22e8b96e1ab97ce403110664 -> 
  custom:audio-encoder-webm-vorbis: bf7c407c2cedff20999df2af8eb42d56 -> 
  custom:framework-win-MediaFoundation: 216162199b28c13a410421893ffa2e32 -> 
  custom:container-demuxer-ogg: 62fdf1f143b41e24485cea50d1cbac27 -> 
  custom:video-decoder-webm-vp8: 9c59270c3fd7afecdb556c50c9e8de78 -> 
  custom:audio-decoder-ogg-vorbis: bf7c407c2cedff20999df2af8eb42d56 -> 
========================================================================
Received Import Request.
  Time since last request: 364.705582 seconds.
  path: Assets/Enemies/FourEvilDragonsHP/Prefab
  artifactKey: Guid(4375e93352605df4cbdaa1c202fbe8e6) Importer(815301076,1909f56bfc062723c751e8b465ee728b)
Start importing Assets/Enemies/FourEvilDragonsHP/Prefab using Guid(4375e93352605df4cbdaa1c202fbe8e6) Importer(815301076,1909f56bfc062723c751e8b465ee728b)  -> (artifact id: '16e7b84d6902aaf3de111a1eafb71e98') in 0.008516 seconds 
========================================================================
Received Import Request.
  Time since last request: 3.405993 seconds.
  path: Assets/Enemies/FourEvilDragonsHP/Prefab/DragonNightmare
  artifactKey: Guid(8dbb47dd5a279ff48ae42d51c9373f57) Importer(815301076,1909f56bfc062723c751e8b465ee728b)
Start importing Assets/Enemies/FourEvilDragonsHP/Prefab/DragonNightmare using Guid(8dbb47dd5a279ff48ae42d51c9373f57) Importer(815301076,1909f56bfc062723c751e8b465ee728b)  -> (artifact id: 'e59b9d3047e4d9b1991134bf053f30df') in 0.005039 seconds 
========================================================================
Received Import Request.
  Time since last request: 1.449088 seconds.
  path: Assets/Enemies/FourEvilDragonsHP/Prefab/DragonNightmare/Albino.prefab
  artifactKey: Guid(8252519d2c6fd014bb5f75765a8c4fda) Importer(815301076,1909f56bfc062723c751e8b465ee728b)
Start importing Assets/Enemies/FourEvilDragonsHP/Prefab/DragonNightmare/Albino.prefab using Guid(8252519d2c6fd014bb5f75765a8c4fda) Importer(815301076,1909f56bfc062723c751e8b465ee728b)  -> (artifact id: '1db87601b88d8bd53bbfbd24f60a663e') in 0.203843 seconds 
========================================================================
Received Import Request.
  Time since last request: 0.000021 seconds.
  path: Assets/Enemies/FourEvilDragonsHP/Prefab/DragonNightmare/Green.prefab
  artifactKey: Guid(281a986484325de459dc1b3709335bc5) Importer(815301076,1909f56bfc062723c751e8b465ee728b)
Start importing Assets/Enemies/FourEvilDragonsHP/Prefab/DragonNightmare/Green.prefab using Guid(281a986484325de459dc1b3709335bc5) Importer(815301076,1909f56bfc062723c751e8b465ee728b)  -> (artifact id: '0f14f9c63052696147d3a16db47acbe0') in 0.039712 seconds 
========================================================================
Received Import Request.
  Time since last request: 5.991146 seconds.
  path: Assets/Enemies/FourEvilDragonsHP/Prefab/DragonSoulEater
  artifactKey: Guid(8d080fb65bf4b9d4b890aefb0b412a51) Importer(815301076,1909f56bfc062723c751e8b465ee728b)
Start importing Assets/Enemies/FourEvilDragonsHP/Prefab/DragonSoulEater using Guid(8d080fb65bf4b9d4b890aefb0b412a51) Importer(815301076,1909f56bfc062723c751e8b465ee728b)  -> (artifact id: 'f2ea552296c3cf7b587b52441484f8d8') in 0.004609 seconds 
========================================================================
Received Import Request.
  Time since last request: 0.043406 seconds.
  path: Assets/Enemies/FourEvilDragonsHP/Prefab/DragonSoulEater/Blue.prefab
  artifactKey: Guid(c644a2181ac22e740968a7ece97e8f36) Importer(815301076,1909f56bfc062723c751e8b465ee728b)
Start importing Assets/Enemies/FourEvilDragonsHP/Prefab/DragonSoulEater/Blue.prefab using Guid(c644a2181ac22e740968a7ece97e8f36) Importer(815301076,1909f56bfc062723c751e8b465ee728b)  -> (artifact id: '95b8c9551b629e732cc5256978b29659') in 0.138769 seconds 
========================================================================
Received Import Request.
  Time since last request: 0.000024 seconds.
  path: Assets/Enemies/FourEvilDragonsHP/Prefab/DragonSoulEater/Grey.prefab
  artifactKey: Guid(36c38a65d57de7d4a9a582f9ee857701) Importer(815301076,1909f56bfc062723c751e8b465ee728b)
Start importing Assets/Enemies/FourEvilDragonsHP/Prefab/DragonSoulEater/Grey.prefab using Guid(36c38a65d57de7d4a9a582f9ee857701) Importer(815301076,1909f56bfc062723c751e8b465ee728b)  -> (artifact id: '62bfb1842ed983c04a41abf70fa117e0') in 0.041427 seconds 
========================================================================
Received Import Request.
  Time since last request: 13.320359 seconds.
  path: Assets/Enemies/FourEvilDragonsHP/Prefab/DragonUsurper
  artifactKey: Guid(da286c563d238e04c94cb6f9aa0a8331) Importer(815301076,1909f56bfc062723c751e8b465ee728b)
Start importing Assets/Enemies/FourEvilDragonsHP/Prefab/DragonUsurper using Guid(da286c563d238e04c94cb6f9aa0a8331) Importer(815301076,1909f56bfc062723c751e8b465ee728b)  -> (artifact id: '14dc4543f867d86ca77ff2d1e9405bdb') in 0.004399 seconds 
========================================================================
Received Import Request.
  Time since last request: 0.035579 seconds.
  path: Assets/Enemies/FourEvilDragonsHP/Prefab/DragonUsurper/Blue.prefab
  artifactKey: Guid(445a5c29e7f715947b713a753f242af0) Importer(815301076,1909f56bfc062723c751e8b465ee728b)
Start importing Assets/Enemies/FourEvilDragonsHP/Prefab/DragonUsurper/Blue.prefab using Guid(445a5c29e7f715947b713a753f242af0) Importer(815301076,1909f56bfc062723c751e8b465ee728b)  -> (artifact id: 'e7ac3fd693124376738525db2955cb39') in 0.142153 seconds 
========================================================================
Received Import Request.
  Time since last request: 0.000027 seconds.
  path: Assets/Enemies/FourEvilDragonsHP/Prefab/DragonUsurper/Red.prefab
  artifactKey: Guid(eb58e8f2831a51f45a44a261e6710cdd) Importer(815301076,1909f56bfc062723c751e8b465ee728b)
Start importing Assets/Enemies/FourEvilDragonsHP/Prefab/DragonUsurper/Red.prefab using Guid(eb58e8f2831a51f45a44a261e6710cdd) Importer(815301076,1909f56bfc062723c751e8b465ee728b)  -> (artifact id: 'fdb13070918ff46c60ac415fb3682c29') in 0.046902 seconds 
========================================================================
Received Import Request.
  Time since last request: 5.835853 seconds.
  path: Assets/Enemies/FourEvilDragonsHP/Prefab/DragonTerrorBringer
  artifactKey: Guid(318ed8b844006974bafd7411323cfa4a) Importer(815301076,1909f56bfc062723c751e8b465ee728b)
Start importing Assets/Enemies/FourEvilDragonsHP/Prefab/DragonTerrorBringer using Guid(318ed8b844006974bafd7411323cfa4a) Importer(815301076,1909f56bfc062723c751e8b465ee728b)  -> (artifact id: 'b91332c13fd1c0866dc5b1f4085aecc3') in 0.005398 seconds 
========================================================================
Received Import Request.
  Time since last request: 0.035567 seconds.
  path: Assets/Enemies/FourEvilDragonsHP/Prefab/DragonTerrorBringer/Blue.prefab
  artifactKey: Guid(20a769104331d8b48ac7d1ea0d49cdf3) Importer(815301076,1909f56bfc062723c751e8b465ee728b)
Start importing Assets/Enemies/FourEvilDragonsHP/Prefab/DragonTerrorBringer/Blue.prefab using Guid(20a769104331d8b48ac7d1ea0d49cdf3) Importer(815301076,1909f56bfc062723c751e8b465ee728b)  -> (artifact id: 'ec1f088be9d207ad9c72cd5d340456d0') in 0.137072 seconds 
========================================================================
Received Import Request.
  Time since last request: 0.000018 seconds.
  path: Assets/Enemies/FourEvilDragonsHP/Prefab/DragonTerrorBringer/Red.prefab
  artifactKey: Guid(59c100dd669d88f46b60555886d4dae7) Importer(815301076,1909f56bfc062723c751e8b465ee728b)
Start importing Assets/Enemies/FourEvilDragonsHP/Prefab/DragonTerrorBringer/Red.prefab using Guid(59c100dd669d88f46b60555886d4dae7) Importer(815301076,1909f56bfc062723c751e8b465ee728b)  -> (artifact id: 'e8112646f64696ca7cf5e675a693244a') in 0.041505 seconds 
========================================================================
Received Import Request.
  Time since last request: 45.473224 seconds.
  path: Assets/Enemies/FourEvilDragonsHP/Texture
  artifactKey: Guid(029cb04ef2736154bb988bdf55c949e8) Importer(815301076,1909f56bfc062723c751e8b465ee728b)
Start importing Assets/Enemies/FourEvilDragonsHP/Texture using Guid(029cb04ef2736154bb988bdf55c949e8) Importer(815301076,1909f56bfc062723c751e8b465ee728b)  -> (artifact id: '611aa2f465ef3ab78fbcf042b19a70cc') in 0.006632 seconds 
========================================================================
Received Import Request.
  Time since last request: 39.138451 seconds.
  path: Assets/Enemies/FourEvilDragonsHP/Animations
  artifactKey: Guid(16e415a8dc4a2c14191fdd1286652c36) Importer(815301076,1909f56bfc062723c751e8b465ee728b)
Start importing Assets/Enemies/FourEvilDragonsHP/Animations using Guid(16e415a8dc4a2c14191fdd1286652c36) Importer(815301076,1909f56bfc062723c751e8b465ee728b)  -> (artifact id: 'd4ab1ea4b5b93105170c9b9177c89a0a') in 0.007504 seconds 
========================================================================
Received Import Request.
  Time since last request: 112.617134 seconds.
  path: Assets/Scripts/EnemyMovement.cs
  artifactKey: Guid(34501ba126a860a4c9edfd4380920f07) Importer(815301076,1909f56bfc062723c751e8b465ee728b)
Start importing Assets/Scripts/EnemyMovement.cs using Guid(34501ba126a860a4c9edfd4380920f07) Importer(815301076,1909f56bfc062723c751e8b465ee728b)  -> (artifact id: 'ebf357b9f6b9265371315327e63f6ed2') in 0.035719 seconds 
========================================================================
Received Import Request.
  Time since last request: 0.832935 seconds.
  path: Assets/Scripts/EnemyMovement1.cs
  artifactKey: Guid(9efc2ea138795204aa66137f87c854d3) Importer(815301076,1909f56bfc062723c751e8b465ee728b)
Start importing Assets/Scripts/EnemyMovement1.cs using Guid(9efc2ea138795204aa66137f87c854d3) Importer(815301076,1909f56bfc062723c751e8b465ee728b)  -> (artifact id: '4e106bf01b9774d326ee5c082894c8f7') in 0.004254 seconds 
========================================================================
Received Import Request.
  Time since last request: 4.812100 seconds.
  path: Assets/Scripts/Dragon.cs
  artifactKey: Guid(9efc2ea138795204aa66137f87c854d3) Importer(815301076,1909f56bfc062723c751e8b465ee728b)
Start importing Assets/Scripts/Dragon.cs using Guid(9efc2ea138795204aa66137f87c854d3) Importer(815301076,1909f56bfc062723c751e8b465ee728b)  -> (artifact id: '1f3f012b848af138ec99b831c300a1e2') in 0.005311 seconds 
========================================================================
Received Prepare
Registering precompiled user dll's ...
Registered in 0.002732 seconds.
Begin MonoManager ReloadAssembly
Symbol file LoadedFromMemory doesn't match image O:\MSc AI\Dissertation-Project\RPG\Library\PackageCache\com.unity.visualscripting@1.7.8\Editor\VisualScripting.Core\Dependencies\YamlDotNet\Unity.VisualScripting.YamlDotNet.dll
Symbol file LoadedFromMemory doesn't match image O:\MSc AI\Dissertation-Project\RPG\Library\PackageCache\com.unity.visualscripting@1.7.8\Editor\VisualScripting.Core\Dependencies\DotNetZip\Unity.VisualScripting.IonicZip.dll
Native extension for WindowsStandalone target not found
Native extension for OSXStandalone target not found
Refreshing native plugins compatible for Editor in 1.35 ms, found 3 plugins.
Preloading 0 native plugins for Editor in 0.00 ms.
Mono: successfully reloaded assembly
- Completed reload, in  0.880 seconds
Domain Reload Profiling:
	ReloadAssembly (880ms)
		BeginReloadAssembly (113ms)
			ExecutionOrderSort (0ms)
			DisableScriptedObjects (4ms)
			BackupInstance (0ms)
			ReleaseScriptingObjects (0ms)
			CreateAndSetChildDomain (38ms)
		EndReloadAssembly (689ms)
			LoadAssemblies (60ms)
			RebuildTransferFunctionScriptingTraits (0ms)
			SetupTypeCache (195ms)
			ReleaseScriptCaches (2ms)
			RebuildScriptCaches (38ms)
			SetupLoadedEditorAssemblies (361ms)
				LogAssemblyErrors (0ms)
				InitializePlatformSupportModulesInManaged (13ms)
				SetLoadedEditorAssemblies (0ms)
				RefreshPlugins (1ms)
				BeforeProcessingInitializeOnLoad (72ms)
				ProcessInitializeOnLoadAttributes (243ms)
				ProcessInitializeOnLoadMethodAttributes (26ms)
				AfterProcessingInitializeOnLoad (5ms)
				EditorAssembliesLoaded (0ms)
			ExecutionOrderSort2 (0ms)
			AwakeInstancesAfterBackupRestoration (5ms)
Platform modules already initialized, skipping
Shader Custom/UnlitShadow uses undefined Queue: 'Opaque'
Shader Custom/UnlitShadow uses undefined Queue: 'Opaque'
Refreshing native plugins compatible for Editor in 3.69 ms, found 3 plugins.
Preloading 0 native plugins for Editor in 0.00 ms.
Unloading 4092 Unused Serialized files (Serialized files now loaded: 0)
Unloading 34 unused Assets / (1.4 MB). Loaded Objects now: 5211.
Memory consumption went from 260.5 MB to 259.1 MB.
Total: 3.650700 ms (FindLiveObjects: 0.448500 ms CreateObjectMapping: 0.109500 ms MarkObjects: 2.684900 ms  DeleteObjects: 0.406900 ms)

AssetImportParameters requested are different than current active one (requested -> active):
  custom:video-decoder-ogg-theora: a1e56fd34408186e4bbccfd4996cb3dc -> 
  custom:container-muxer-webm: aa71ff27fc2769a1b78a27578f13a17b -> 
  custom:container-demuxer-webm: 4f35f7cbe854078d1ac9338744f61a02 -> 
  custom:video-encoder-webm-vp8: eb34c28f22e8b96e1ab97ce403110664 -> 
  custom:audio-encoder-webm-vorbis: bf7c407c2cedff20999df2af8eb42d56 -> 
  custom:framework-win-MediaFoundation: 216162199b28c13a410421893ffa2e32 -> 
  custom:container-demuxer-ogg: 62fdf1f143b41e24485cea50d1cbac27 -> 
  custom:video-decoder-webm-vp8: 9c59270c3fd7afecdb556c50c9e8de78 -> 
  custom:audio-decoder-ogg-vorbis: bf7c407c2cedff20999df2af8eb42d56 -> 
========================================================================
Received Prepare
Registering precompiled user dll's ...
Registered in 0.003960 seconds.
Begin MonoManager ReloadAssembly
Symbol file LoadedFromMemory doesn't match image O:\MSc AI\Dissertation-Project\RPG\Library\PackageCache\com.unity.visualscripting@1.7.8\Editor\VisualScripting.Core\Dependencies\YamlDotNet\Unity.VisualScripting.YamlDotNet.dll
Symbol file LoadedFromMemory doesn't match image O:\MSc AI\Dissertation-Project\RPG\Library\PackageCache\com.unity.visualscripting@1.7.8\Editor\VisualScripting.Core\Dependencies\DotNetZip\Unity.VisualScripting.IonicZip.dll
Native extension for WindowsStandalone target not found
Native extension for OSXStandalone target not found
Refreshing native plugins compatible for Editor in 1.27 ms, found 3 plugins.
Preloading 0 native plugins for Editor in 0.00 ms.
Mono: successfully reloaded assembly
- Completed reload, in  0.842 seconds
Domain Reload Profiling:
	ReloadAssembly (843ms)
		BeginReloadAssembly (110ms)
			ExecutionOrderSort (0ms)
			DisableScriptedObjects (4ms)
			BackupInstance (0ms)
			ReleaseScriptingObjects (0ms)
			CreateAndSetChildDomain (35ms)
		EndReloadAssembly (661ms)
			LoadAssemblies (58ms)
			RebuildTransferFunctionScriptingTraits (0ms)
			SetupTypeCache (195ms)
			ReleaseScriptCaches (1ms)
			RebuildScriptCaches (37ms)
			SetupLoadedEditorAssemblies (334ms)
				LogAssemblyErrors (0ms)
				InitializePlatformSupportModulesInManaged (11ms)
				SetLoadedEditorAssemblies (0ms)
				RefreshPlugins (1ms)
				BeforeProcessingInitializeOnLoad (61ms)
				ProcessInitializeOnLoadAttributes (230ms)
				ProcessInitializeOnLoadMethodAttributes (23ms)
				AfterProcessingInitializeOnLoad (7ms)
				EditorAssembliesLoaded (0ms)
			ExecutionOrderSort2 (0ms)
			AwakeInstancesAfterBackupRestoration (5ms)
Platform modules already initialized, skipping
Shader Custom/UnlitShadow uses undefined Queue: 'Opaque'
Shader Custom/UnlitShadow uses undefined Queue: 'Opaque'
Refreshing native plugins compatible for Editor in 2.52 ms, found 3 plugins.
Preloading 0 native plugins for Editor in 0.00 ms.
Unloading 4092 Unused Serialized files (Serialized files now loaded: 0)
Unloading 34 unused Assets / (1.4 MB). Loaded Objects now: 5226.
Memory consumption went from 260.6 MB to 259.1 MB.
Total: 4.963700 ms (FindLiveObjects: 0.374800 ms CreateObjectMapping: 0.096600 ms MarkObjects: 3.815800 ms  DeleteObjects: 0.675500 ms)

AssetImportParameters requested are different than current active one (requested -> active):
  custom:video-decoder-ogg-theora: a1e56fd34408186e4bbccfd4996cb3dc -> 
  custom:container-muxer-webm: aa71ff27fc2769a1b78a27578f13a17b -> 
  custom:container-demuxer-webm: 4f35f7cbe854078d1ac9338744f61a02 -> 
  custom:video-encoder-webm-vp8: eb34c28f22e8b96e1ab97ce403110664 -> 
  custom:audio-encoder-webm-vorbis: bf7c407c2cedff20999df2af8eb42d56 -> 
  custom:framework-win-MediaFoundation: 216162199b28c13a410421893ffa2e32 -> 
  custom:container-demuxer-ogg: 62fdf1f143b41e24485cea50d1cbac27 -> 
  custom:video-decoder-webm-vp8: 9c59270c3fd7afecdb556c50c9e8de78 -> 
  custom:audio-decoder-ogg-vorbis: bf7c407c2cedff20999df2af8eb42d56 -> 
========================================================================
Received Import Request.
  Time since last request: 416.648256 seconds.
  path: Assets/Scripts/Dragon.cs
  artifactKey: Guid(9efc2ea138795204aa66137f87c854d3) Importer(815301076,1909f56bfc062723c751e8b465ee728b)
Start importing Assets/Scripts/Dragon.cs using Guid(9efc2ea138795204aa66137f87c854d3) Importer(815301076,1909f56bfc062723c751e8b465ee728b)  -> (artifact id: 'd4a6e3fbe83f6e878eb022c3a3fa9472') in 0.012936 seconds 
========================================================================
Received Import Request.
  Time since last request: 315.326500 seconds.
  path: ProjectSettings/TagManager.asset
  artifactKey: Guid(00000000000000003000000000000000) Importer(815301076,1909f56bfc062723c751e8b465ee728b)
Start importing ProjectSettings/TagManager.asset using Guid(00000000000000003000000000000000) Importer(815301076,1909f56bfc062723c751e8b465ee728b)  -> (artifact id: '6d1a76e5ca4751a4e351bf5b6be65d9e') in 0.012503 seconds 
========================================================================
Received Import Request.
  Time since last request: 0.003262 seconds.
  path: Assets/New Terrain 1.asset
  artifactKey: Guid(e02b041d4095a9b42965c74f7e052fa7) Importer(815301076,1909f56bfc062723c751e8b465ee728b)
Start importing Assets/New Terrain 1.asset using Guid(e02b041d4095a9b42965c74f7e052fa7) Importer(815301076,1909f56bfc062723c751e8b465ee728b) The tree Pine_tree_double must use the Nature/Soft Occlusion shader. Otherwise billboarding/lighting will not work correctly.
The tree Bush must use the Nature/Soft Occlusion shader. Otherwise billboarding/lighting will not work correctly.
The tree grass01 must use the Nature/Soft Occlusion shader. Otherwise billboarding/lighting will not work correctly.
The tree Plant_06a must use the Nature/Soft Occlusion shader. Otherwise billboarding/lighting will not work correctly.
 -> (artifact id: '411fca90399a80c1b22998be452b5741') in 0.138842 seconds 
========================================================================
Received Prepare
Registering precompiled user dll's ...
Registered in 0.002640 seconds.
Begin MonoManager ReloadAssembly
Symbol file LoadedFromMemory doesn't match image O:\MSc AI\Dissertation-Project\RPG\Library\PackageCache\com.unity.visualscripting@1.7.8\Editor\VisualScripting.Core\Dependencies\YamlDotNet\Unity.VisualScripting.YamlDotNet.dll
Symbol file LoadedFromMemory doesn't match image O:\MSc AI\Dissertation-Project\RPG\Library\PackageCache\com.unity.visualscripting@1.7.8\Editor\VisualScripting.Core\Dependencies\DotNetZip\Unity.VisualScripting.IonicZip.dll
Native extension for WindowsStandalone target not found
Native extension for OSXStandalone target not found
Refreshing native plugins compatible for Editor in 1.24 ms, found 3 plugins.
Preloading 0 native plugins for Editor in 0.00 ms.
Mono: successfully reloaded assembly
- Completed reload, in  0.925 seconds
Domain Reload Profiling:
	ReloadAssembly (926ms)
		BeginReloadAssembly (113ms)
			ExecutionOrderSort (0ms)
			DisableScriptedObjects (5ms)
			BackupInstance (0ms)
			ReleaseScriptingObjects (0ms)
			CreateAndSetChildDomain (38ms)
		EndReloadAssembly (739ms)
			LoadAssemblies (59ms)
			RebuildTransferFunctionScriptingTraits (0ms)
			SetupTypeCache (210ms)
			ReleaseScriptCaches (2ms)
			RebuildScriptCaches (54ms)
			SetupLoadedEditorAssemblies (357ms)
				LogAssemblyErrors (0ms)
				InitializePlatformSupportModulesInManaged (12ms)
				SetLoadedEditorAssemblies (0ms)
				RefreshPlugins (1ms)
				BeforeProcessingInitializeOnLoad (63ms)
				ProcessInitializeOnLoadAttributes (243ms)
				ProcessInitializeOnLoadMethodAttributes (28ms)
				AfterProcessingInitializeOnLoad (8ms)
				EditorAssembliesLoaded (0ms)
			ExecutionOrderSort2 (0ms)
			AwakeInstancesAfterBackupRestoration (5ms)
Platform modules already initialized, skipping
Shader Custom/UnlitShadow uses undefined Queue: 'Opaque'
Shader Custom/UnlitShadow uses undefined Queue: 'Opaque'
Refreshing native plugins compatible for Editor in 2.05 ms, found 3 plugins.
Preloading 0 native plugins for Editor in 0.00 ms.
Unloading 4092 Unused Serialized files (Serialized files now loaded: 0)
Unloading 35 unused Assets / (1.4 MB). Loaded Objects now: 5241.
Memory consumption went from 260.6 MB to 259.2 MB.
Total: 3.662100 ms (FindLiveObjects: 0.391800 ms CreateObjectMapping: 0.119500 ms MarkObjects: 2.710000 ms  DeleteObjects: 0.439900 ms)

AssetImportParameters requested are different than current active one (requested -> active):
  custom:video-decoder-ogg-theora: a1e56fd34408186e4bbccfd4996cb3dc -> 
  custom:container-muxer-webm: aa71ff27fc2769a1b78a27578f13a17b -> 
  custom:container-demuxer-webm: 4f35f7cbe854078d1ac9338744f61a02 -> 
  custom:video-encoder-webm-vp8: eb34c28f22e8b96e1ab97ce403110664 -> 
  custom:audio-encoder-webm-vorbis: bf7c407c2cedff20999df2af8eb42d56 -> 
  custom:framework-win-MediaFoundation: 216162199b28c13a410421893ffa2e32 -> 
  custom:container-demuxer-ogg: 62fdf1f143b41e24485cea50d1cbac27 -> 
  custom:video-decoder-webm-vp8: 9c59270c3fd7afecdb556c50c9e8de78 -> 
  custom:audio-decoder-ogg-vorbis: bf7c407c2cedff20999df2af8eb42d56 -> 
========================================================================
Received Import Request.
  Time since last request: 272.392353 seconds.
  path: Assets/Prefabs/Enemies/BlueDragon.prefab
  artifactKey: Guid(b344d1baf9b4ce44ba2265d75f314fe5) Importer(815301076,1909f56bfc062723c751e8b465ee728b)
Start importing Assets/Prefabs/Enemies/BlueDragon.prefab using Guid(b344d1baf9b4ce44ba2265d75f314fe5) Importer(815301076,1909f56bfc062723c751e8b465ee728b)  -> (artifact id: 'a5ed9a351d951ccc7af93b0a16b3c263') in 0.108753 seconds 
========================================================================
Received Import Request.
  Time since last request: 30.958206 seconds.
  path: Assets/Animations/Enemies/OrcPig/OrcPig 1.controller
  artifactKey: Guid(1aef0f86f89652c4db44df7489563def) Importer(815301076,1909f56bfc062723c751e8b465ee728b)
Start importing Assets/Animations/Enemies/OrcPig/OrcPig 1.controller using Guid(1aef0f86f89652c4db44df7489563def) Importer(815301076,1909f56bfc062723c751e8b465ee728b)  -> (artifact id: '412b1ab257fe81bdb393ee43f06cd2ac') in 0.027404 seconds 
========================================================================
Received Import Request.
  Time since last request: 6.445231 seconds.
  path: Assets/Animations/Enemies/BlueDragon
  artifactKey: Guid(19784065d3f41f949b7c9de77bd01c67) Importer(815301076,1909f56bfc062723c751e8b465ee728b)
Start importing Assets/Animations/Enemies/BlueDragon using Guid(19784065d3f41f949b7c9de77bd01c67) Importer(815301076,1909f56bfc062723c751e8b465ee728b)  -> (artifact id: '1b4858eeb2b0ba7921f61360599eb258') in 0.001667 seconds 
========================================================================
Received Import Request.
  Time since last request: 13.028476 seconds.
  path: Assets/Animations/Enemies/BlueDragon/BlueDragon.controller
  artifactKey: Guid(1aef0f86f89652c4db44df7489563def) Importer(815301076,1909f56bfc062723c751e8b465ee728b)
Start importing Assets/Animations/Enemies/BlueDragon/BlueDragon.controller using Guid(1aef0f86f89652c4db44df7489563def) Importer(815301076,1909f56bfc062723c751e8b465ee728b)  -> (artifact id: '6d56ca21657cd6a982b6d291ae3ab1c2') in 0.023582 seconds 
========================================================================
Received Import Request.
  Time since last request: 60.132882 seconds.
  path: Assets/Enemies/FourEvilDragonsHP/Animations/DragonSoulEater/Idle.anim
  artifactKey: Guid(265a4c9bde4ce364180d06acf00c93b5) Importer(815301076,1909f56bfc062723c751e8b465ee728b)
Start importing Assets/Enemies/FourEvilDragonsHP/Animations/DragonSoulEater/Idle.anim using Guid(265a4c9bde4ce364180d06acf00c93b5) Importer(815301076,1909f56bfc062723c751e8b465ee728b)  -> (artifact id: '349c3d096a9336e3c2ab4ac65a1f6537') in 0.006573 seconds 
========================================================================
Received Import Request.
  Time since last request: 31.970613 seconds.
  path: Assets/Enemies/FourEvilDragonsHP/Animations/DragonSoulEater/Run.anim
  artifactKey: Guid(c8974ae3270796949973a12f654c5145) Importer(815301076,1909f56bfc062723c751e8b465ee728b)
Start importing Assets/Enemies/FourEvilDragonsHP/Animations/DragonSoulEater/Run.anim using Guid(c8974ae3270796949973a12f654c5145) Importer(815301076,1909f56bfc062723c751e8b465ee728b)  -> (artifact id: '59366c8969589d3fdb9d0efc29c8d9ad') in 0.008916 seconds 
========================================================================
Received Import Request.
  Time since last request: 48.293636 seconds.
  path: Assets/Enemies/FourEvilDragonsHP/Animations/DragonSoulEater/Tail Attack.anim
  artifactKey: Guid(75e1b16e73d7e5e4cb2c888f67cebe69) Importer(815301076,1909f56bfc062723c751e8b465ee728b)
Start importing Assets/Enemies/FourEvilDragonsHP/Animations/DragonSoulEater/Tail Attack.anim using Guid(75e1b16e73d7e5e4cb2c888f67cebe69) Importer(815301076,1909f56bfc062723c751e8b465ee728b)  -> (artifact id: 'c161f6aef88ba5d2476013f5229ea5de') in 0.032836 seconds 
========================================================================
Received Import Request.
  Time since last request: 26.287273 seconds.
  path: Assets/Enemies/FourEvilDragonsHP/Animations/DragonSoulEater/Get Hit.anim
  artifactKey: Guid(6aff16641a1f7a74cae2433ba8f73f23) Importer(815301076,1909f56bfc062723c751e8b465ee728b)
Start importing Assets/Enemies/FourEvilDragonsHP/Animations/DragonSoulEater/Get Hit.anim using Guid(6aff16641a1f7a74cae2433ba8f73f23) Importer(815301076,1909f56bfc062723c751e8b465ee728b)  -> (artifact id: '4d65d67d5a30629e9118f8ee647eabab') in 0.010980 seconds 
========================================================================
Received Import Request.
  Time since last request: 11.778536 seconds.
  path: Assets/Enemies/FourEvilDragonsHP/Animations/DragonSoulEater/Die.anim
  artifactKey: Guid(9c6c5fe7243b0ff4daec13b98129f75a) Importer(815301076,1909f56bfc062723c751e8b465ee728b)
Start importing Assets/Enemies/FourEvilDragonsHP/Animations/DragonSoulEater/Die.anim using Guid(9c6c5fe7243b0ff4daec13b98129f75a) Importer(815301076,1909f56bfc062723c751e8b465ee728b)  -> (artifact id: '879b818d5a36ce1e3ccc5d13f4e762ca') in 0.011207 seconds 
========================================================================
Received Import Request.
  Time since last request: 44.191782 seconds.
  path: Assets/Enemies/FourEvilDragonsHP/Animations/DragonSoulEater/Fireball Shoot.anim
  artifactKey: Guid(07679f3091c37ed4086df1896334168a) Importer(815301076,1909f56bfc062723c751e8b465ee728b)
Start importing Assets/Enemies/FourEvilDragonsHP/Animations/DragonSoulEater/Fireball Shoot.anim using Guid(07679f3091c37ed4086df1896334168a) Importer(815301076,1909f56bfc062723c751e8b465ee728b)  -> (artifact id: 'dd91961eadedbdcd976ebb0df8920976') in 0.020613 seconds 
========================================================================
Received Prepare
Registering precompiled user dll's ...
Registered in 0.003527 seconds.
Begin MonoManager ReloadAssembly
Symbol file LoadedFromMemory doesn't match image O:\MSc AI\Dissertation-Project\RPG\Library\PackageCache\com.unity.visualscripting@1.7.8\Editor\VisualScripting.Core\Dependencies\YamlDotNet\Unity.VisualScripting.YamlDotNet.dll
Symbol file LoadedFromMemory doesn't match image O:\MSc AI\Dissertation-Project\RPG\Library\PackageCache\com.unity.visualscripting@1.7.8\Editor\VisualScripting.Core\Dependencies\DotNetZip\Unity.VisualScripting.IonicZip.dll
Native extension for WindowsStandalone target not found
Native extension for OSXStandalone target not found
Refreshing native plugins compatible for Editor in 1.24 ms, found 3 plugins.
Preloading 0 native plugins for Editor in 0.00 ms.
Mono: successfully reloaded assembly
- Completed reload, in  0.855 seconds
Domain Reload Profiling:
	ReloadAssembly (856ms)
		BeginReloadAssembly (110ms)
			ExecutionOrderSort (0ms)
			DisableScriptedObjects (3ms)
			BackupInstance (0ms)
			ReleaseScriptingObjects (0ms)
			CreateAndSetChildDomain (37ms)
		EndReloadAssembly (669ms)
			LoadAssemblies (58ms)
			RebuildTransferFunctionScriptingTraits (0ms)
			SetupTypeCache (221ms)
			ReleaseScriptCaches (2ms)
			RebuildScriptCaches (47ms)
			SetupLoadedEditorAssemblies (298ms)
				LogAssemblyErrors (0ms)
				InitializePlatformSupportModulesInManaged (11ms)
				SetLoadedEditorAssemblies (0ms)
				RefreshPlugins (1ms)
				BeforeProcessingInitializeOnLoad (51ms)
				ProcessInitializeOnLoadAttributes (204ms)
				ProcessInitializeOnLoadMethodAttributes (25ms)
				AfterProcessingInitializeOnLoad (5ms)
				EditorAssembliesLoaded (0ms)
			ExecutionOrderSort2 (0ms)
			AwakeInstancesAfterBackupRestoration (4ms)
Platform modules already initialized, skipping
Shader Custom/UnlitShadow uses undefined Queue: 'Opaque'
Shader Custom/UnlitShadow uses undefined Queue: 'Opaque'
Refreshing native plugins compatible for Editor in 1.96 ms, found 3 plugins.
Preloading 0 native plugins for Editor in 0.00 ms.
Unloading 4092 Unused Serialized files (Serialized files now loaded: 0)
Unloading 34 unused Assets / (1.4 MB). Loaded Objects now: 5256.
Memory consumption went from 260.6 MB to 259.2 MB.
Total: 3.311000 ms (FindLiveObjects: 0.317600 ms CreateObjectMapping: 0.110000 ms MarkObjects: 2.545500 ms  DeleteObjects: 0.337200 ms)

AssetImportParameters requested are different than current active one (requested -> active):
  custom:video-decoder-ogg-theora: a1e56fd34408186e4bbccfd4996cb3dc -> 
  custom:container-muxer-webm: aa71ff27fc2769a1b78a27578f13a17b -> 
  custom:container-demuxer-webm: 4f35f7cbe854078d1ac9338744f61a02 -> 
  custom:video-encoder-webm-vp8: eb34c28f22e8b96e1ab97ce403110664 -> 
  custom:audio-encoder-webm-vorbis: bf7c407c2cedff20999df2af8eb42d56 -> 
  custom:framework-win-MediaFoundation: 216162199b28c13a410421893ffa2e32 -> 
  custom:container-demuxer-ogg: 62fdf1f143b41e24485cea50d1cbac27 -> 
  custom:video-decoder-webm-vp8: 9c59270c3fd7afecdb556c50c9e8de78 -> 
  custom:audio-decoder-ogg-vorbis: bf7c407c2cedff20999df2af8eb42d56 -> 
========================================================================
Received Prepare
Registering precompiled user dll's ...
Registered in 0.003258 seconds.
Begin MonoManager ReloadAssembly
Symbol file LoadedFromMemory doesn't match image O:\MSc AI\Dissertation-Project\RPG\Library\PackageCache\com.unity.visualscripting@1.7.8\Editor\VisualScripting.Core\Dependencies\YamlDotNet\Unity.VisualScripting.YamlDotNet.dll
Symbol file LoadedFromMemory doesn't match image O:\MSc AI\Dissertation-Project\RPG\Library\PackageCache\com.unity.visualscripting@1.7.8\Editor\VisualScripting.Core\Dependencies\DotNetZip\Unity.VisualScripting.IonicZip.dll
Native extension for WindowsStandalone target not found
Native extension for OSXStandalone target not found
Refreshing native plugins compatible for Editor in 1.25 ms, found 3 plugins.
Preloading 0 native plugins for Editor in 0.00 ms.
Mono: successfully reloaded assembly
- Completed reload, in  0.837 seconds
Domain Reload Profiling:
	ReloadAssembly (838ms)
		BeginReloadAssembly (108ms)
			ExecutionOrderSort (0ms)
			DisableScriptedObjects (4ms)
			BackupInstance (0ms)
			ReleaseScriptingObjects (0ms)
			CreateAndSetChildDomain (35ms)
		EndReloadAssembly (653ms)
			LoadAssemblies (55ms)
			RebuildTransferFunctionScriptingTraits (0ms)
			SetupTypeCache (196ms)
			ReleaseScriptCaches (2ms)
			RebuildScriptCaches (33ms)
			SetupLoadedEditorAssemblies (330ms)
				LogAssemblyErrors (0ms)
				InitializePlatformSupportModulesInManaged (11ms)
				SetLoadedEditorAssemblies (0ms)
				RefreshPlugins (1ms)
				BeforeProcessingInitializeOnLoad (59ms)
				ProcessInitializeOnLoadAttributes (230ms)
				ProcessInitializeOnLoadMethodAttributes (23ms)
				AfterProcessingInitializeOnLoad (6ms)
				EditorAssembliesLoaded (0ms)
			ExecutionOrderSort2 (0ms)
			AwakeInstancesAfterBackupRestoration (5ms)
Platform modules already initialized, skipping
Shader Custom/UnlitShadow uses undefined Queue: 'Opaque'
Shader Custom/UnlitShadow uses undefined Queue: 'Opaque'
Refreshing native plugins compatible for Editor in 1.73 ms, found 3 plugins.
Preloading 0 native plugins for Editor in 0.00 ms.
Unloading 4092 Unused Serialized files (Serialized files now loaded: 0)
Unloading 34 unused Assets / (1.4 MB). Loaded Objects now: 5271.
Memory consumption went from 260.6 MB to 259.2 MB.
Total: 3.176500 ms (FindLiveObjects: 0.377000 ms CreateObjectMapping: 0.096300 ms MarkObjects: 2.373300 ms  DeleteObjects: 0.329200 ms)

AssetImportParameters requested are different than current active one (requested -> active):
  custom:video-decoder-ogg-theora: a1e56fd34408186e4bbccfd4996cb3dc -> 
  custom:container-muxer-webm: aa71ff27fc2769a1b78a27578f13a17b -> 
  custom:container-demuxer-webm: 4f35f7cbe854078d1ac9338744f61a02 -> 
  custom:video-encoder-webm-vp8: eb34c28f22e8b96e1ab97ce403110664 -> 
  custom:audio-encoder-webm-vorbis: bf7c407c2cedff20999df2af8eb42d56 -> 
  custom:framework-win-MediaFoundation: 216162199b28c13a410421893ffa2e32 -> 
  custom:container-demuxer-ogg: 62fdf1f143b41e24485cea50d1cbac27 -> 
  custom:video-decoder-webm-vp8: 9c59270c3fd7afecdb556c50c9e8de78 -> 
  custom:audio-decoder-ogg-vorbis: bf7c407c2cedff20999df2af8eb42d56 -> 
========================================================================
Received Import Request.
  Time since last request: 512.600686 seconds.
  path: Assets/Prefabs/Magic/FireBall 1.prefab
  artifactKey: Guid(c5d76c1846ed92149b52ab77d03f4097) Importer(815301076,1909f56bfc062723c751e8b465ee728b)
Start importing Assets/Prefabs/Magic/FireBall 1.prefab using Guid(c5d76c1846ed92149b52ab77d03f4097) Importer(815301076,1909f56bfc062723c751e8b465ee728b)  -> (artifact id: '0a673f4b2583d4da9bb3feb9d20299f3') in 0.070685 seconds 
========================================================================
Received Import Request.
  Time since last request: 5.556468 seconds.
  path: Assets/Prefabs/Magic/DragonFireball.prefab
  artifactKey: Guid(c5d76c1846ed92149b52ab77d03f4097) Importer(815301076,1909f56bfc062723c751e8b465ee728b)
Start importing Assets/Prefabs/Magic/DragonFireball.prefab using Guid(c5d76c1846ed92149b52ab77d03f4097) Importer(815301076,1909f56bfc062723c751e8b465ee728b)  -> (artifact id: 'df8a39c71f3e40142133dd875ecbfa7f') in 0.014294 seconds 
========================================================================
Received Import Request.
  Time since last request: 43.455126 seconds.
  path: Assets/Scripts/DragonParticle.cs
  artifactKey: Guid(d43cc11643b1f9a4ca3b74fe9fc58621) Importer(815301076,1909f56bfc062723c751e8b465ee728b)
Start importing Assets/Scripts/DragonParticle.cs using Guid(d43cc11643b1f9a4ca3b74fe9fc58621) Importer(815301076,1909f56bfc062723c751e8b465ee728b)  -> (artifact id: 'af919af842c7feac140c528640c7d668') in 0.004717 seconds 
========================================================================
Received Prepare
Registering precompiled user dll's ...
Registered in 0.002558 seconds.
Begin MonoManager ReloadAssembly
Symbol file LoadedFromMemory doesn't match image O:\MSc AI\Dissertation-Project\RPG\Library\PackageCache\com.unity.visualscripting@1.7.8\Editor\VisualScripting.Core\Dependencies\YamlDotNet\Unity.VisualScripting.YamlDotNet.dll
Symbol file LoadedFromMemory doesn't match image O:\MSc AI\Dissertation-Project\RPG\Library\PackageCache\com.unity.visualscripting@1.7.8\Editor\VisualScripting.Core\Dependencies\DotNetZip\Unity.VisualScripting.IonicZip.dll
Native extension for WindowsStandalone target not found
Native extension for OSXStandalone target not found
Refreshing native plugins compatible for Editor in 1.59 ms, found 3 plugins.
Preloading 0 native plugins for Editor in 0.00 ms.
Mono: successfully reloaded assembly
- Completed reload, in  0.900 seconds
Domain Reload Profiling:
	ReloadAssembly (901ms)
		BeginReloadAssembly (114ms)
			ExecutionOrderSort (0ms)
			DisableScriptedObjects (4ms)
			BackupInstance (0ms)
			ReleaseScriptingObjects (0ms)
			CreateAndSetChildDomain (37ms)
		EndReloadAssembly (708ms)
			LoadAssemblies (65ms)
			RebuildTransferFunctionScriptingTraits (0ms)
			SetupTypeCache (219ms)
			ReleaseScriptCaches (2ms)
			RebuildScriptCaches (42ms)
			SetupLoadedEditorAssemblies (327ms)
				LogAssemblyErrors (0ms)
				InitializePlatformSupportModulesInManaged (12ms)
				SetLoadedEditorAssemblies (0ms)
				RefreshPlugins (2ms)
				BeforeProcessingInitializeOnLoad (63ms)
				ProcessInitializeOnLoadAttributes (221ms)
				ProcessInitializeOnLoadMethodAttributes (23ms)
				AfterProcessingInitializeOnLoad (6ms)
				EditorAssembliesLoaded (0ms)
			ExecutionOrderSort2 (0ms)
			AwakeInstancesAfterBackupRestoration (7ms)
Platform modules already initialized, skipping
Shader Custom/UnlitShadow uses undefined Queue: 'Opaque'
Shader Custom/UnlitShadow uses undefined Queue: 'Opaque'
Refreshing native plugins compatible for Editor in 4.65 ms, found 3 plugins.
Preloading 0 native plugins for Editor in 0.00 ms.
Unloading 4093 Unused Serialized files (Serialized files now loaded: 0)
Unloading 34 unused Assets / (1.4 MB). Loaded Objects now: 5287.
Memory consumption went from 260.7 MB to 259.3 MB.
Total: 3.438700 ms (FindLiveObjects: 0.357900 ms CreateObjectMapping: 0.098400 ms MarkObjects: 2.461800 ms  DeleteObjects: 0.519600 ms)

AssetImportParameters requested are different than current active one (requested -> active):
  custom:video-decoder-ogg-theora: a1e56fd34408186e4bbccfd4996cb3dc -> 
  custom:container-muxer-webm: aa71ff27fc2769a1b78a27578f13a17b -> 
  custom:container-demuxer-webm: 4f35f7cbe854078d1ac9338744f61a02 -> 
  custom:video-encoder-webm-vp8: eb34c28f22e8b96e1ab97ce403110664 -> 
  custom:audio-encoder-webm-vorbis: bf7c407c2cedff20999df2af8eb42d56 -> 
  custom:framework-win-MediaFoundation: 216162199b28c13a410421893ffa2e32 -> 
  custom:container-demuxer-ogg: 62fdf1f143b41e24485cea50d1cbac27 -> 
  custom:video-decoder-webm-vp8: 9c59270c3fd7afecdb556c50c9e8de78 -> 
  custom:audio-decoder-ogg-vorbis: bf7c407c2cedff20999df2af8eb42d56 -> 
========================================================================
Received Prepare
Registering precompiled user dll's ...
Registered in 0.002658 seconds.
Begin MonoManager ReloadAssembly
Symbol file LoadedFromMemory doesn't match image O:\MSc AI\Dissertation-Project\RPG\Library\PackageCache\com.unity.visualscripting@1.7.8\Editor\VisualScripting.Core\Dependencies\YamlDotNet\Unity.VisualScripting.YamlDotNet.dll
Symbol file LoadedFromMemory doesn't match image O:\MSc AI\Dissertation-Project\RPG\Library\PackageCache\com.unity.visualscripting@1.7.8\Editor\VisualScripting.Core\Dependencies\DotNetZip\Unity.VisualScripting.IonicZip.dll
Native extension for WindowsStandalone target not found
Native extension for OSXStandalone target not found
Refreshing native plugins compatible for Editor in 0.96 ms, found 3 plugins.
Preloading 0 native plugins for Editor in 0.00 ms.
Mono: successfully reloaded assembly
- Completed reload, in  0.817 seconds
Domain Reload Profiling:
	ReloadAssembly (818ms)
		BeginReloadAssembly (119ms)
			ExecutionOrderSort (0ms)
			DisableScriptedObjects (5ms)
			BackupInstance (0ms)
			ReleaseScriptingObjects (0ms)
			CreateAndSetChildDomain (39ms)
		EndReloadAssembly (614ms)
			LoadAssemblies (60ms)
			RebuildTransferFunctionScriptingTraits (0ms)
			SetupTypeCache (204ms)
			ReleaseScriptCaches (2ms)
			RebuildScriptCaches (32ms)
			SetupLoadedEditorAssemblies (286ms)
				LogAssemblyErrors (0ms)
				InitializePlatformSupportModulesInManaged (10ms)
				SetLoadedEditorAssemblies (0ms)
				RefreshPlugins (1ms)
				BeforeProcessingInitializeOnLoad (52ms)
				ProcessInitializeOnLoadAttributes (194ms)
				ProcessInitializeOnLoadMethodAttributes (23ms)
				AfterProcessingInitializeOnLoad (5ms)
				EditorAssembliesLoaded (0ms)
			ExecutionOrderSort2 (0ms)
			AwakeInstancesAfterBackupRestoration (5ms)
Platform modules already initialized, skipping
Shader Custom/UnlitShadow uses undefined Queue: 'Opaque'
Shader Custom/UnlitShadow uses undefined Queue: 'Opaque'
Refreshing native plugins compatible for Editor in 2.17 ms, found 3 plugins.
Preloading 0 native plugins for Editor in 0.00 ms.
Unloading 4093 Unused Serialized files (Serialized files now loaded: 0)
Unloading 34 unused Assets / (1.4 MB). Loaded Objects now: 5302.
Memory consumption went from 260.7 MB to 259.3 MB.
Total: 3.195100 ms (FindLiveObjects: 0.350300 ms CreateObjectMapping: 0.112700 ms MarkObjects: 2.386000 ms  DeleteObjects: 0.345300 ms)

AssetImportParameters requested are different than current active one (requested -> active):
  custom:video-decoder-ogg-theora: a1e56fd34408186e4bbccfd4996cb3dc -> 
  custom:container-muxer-webm: aa71ff27fc2769a1b78a27578f13a17b -> 
  custom:container-demuxer-webm: 4f35f7cbe854078d1ac9338744f61a02 -> 
  custom:video-encoder-webm-vp8: eb34c28f22e8b96e1ab97ce403110664 -> 
  custom:audio-encoder-webm-vorbis: bf7c407c2cedff20999df2af8eb42d56 -> 
  custom:framework-win-MediaFoundation: 216162199b28c13a410421893ffa2e32 -> 
  custom:container-demuxer-ogg: 62fdf1f143b41e24485cea50d1cbac27 -> 
  custom:video-decoder-webm-vp8: 9c59270c3fd7afecdb556c50c9e8de78 -> 
  custom:audio-decoder-ogg-vorbis: bf7c407c2cedff20999df2af8eb42d56 -> 
========================================================================
Received Prepare
Registering precompiled user dll's ...
Registered in 0.003413 seconds.
Begin MonoManager ReloadAssembly
Symbol file LoadedFromMemory doesn't match image O:\MSc AI\Dissertation-Project\RPG\Library\PackageCache\com.unity.visualscripting@1.7.8\Editor\VisualScripting.Core\Dependencies\YamlDotNet\Unity.VisualScripting.YamlDotNet.dll
Symbol file LoadedFromMemory doesn't match image O:\MSc AI\Dissertation-Project\RPG\Library\PackageCache\com.unity.visualscripting@1.7.8\Editor\VisualScripting.Core\Dependencies\DotNetZip\Unity.VisualScripting.IonicZip.dll
Native extension for WindowsStandalone target not found
Native extension for OSXStandalone target not found
Refreshing native plugins compatible for Editor in 1.35 ms, found 3 plugins.
Preloading 0 native plugins for Editor in 0.00 ms.
Mono: successfully reloaded assembly
- Completed reload, in  0.832 seconds
Domain Reload Profiling:
	ReloadAssembly (833ms)
		BeginReloadAssembly (104ms)
			ExecutionOrderSort (0ms)
			DisableScriptedObjects (3ms)
			BackupInstance (0ms)
			ReleaseScriptingObjects (0ms)
			CreateAndSetChildDomain (33ms)
		EndReloadAssembly (654ms)
			LoadAssemblies (54ms)
			RebuildTransferFunctionScriptingTraits (0ms)
			SetupTypeCache (185ms)
			ReleaseScriptCaches (2ms)
			RebuildScriptCaches (34ms)
			SetupLoadedEditorAssemblies (339ms)
				LogAssemblyErrors (0ms)
				InitializePlatformSupportModulesInManaged (11ms)
				SetLoadedEditorAssemblies (0ms)
				RefreshPlugins (1ms)
				BeforeProcessingInitializeOnLoad (55ms)
				ProcessInitializeOnLoadAttributes (243ms)
				ProcessInitializeOnLoadMethodAttributes (23ms)
				AfterProcessingInitializeOnLoad (5ms)
				EditorAssembliesLoaded (0ms)
			ExecutionOrderSort2 (0ms)
			AwakeInstancesAfterBackupRestoration (6ms)
Platform modules already initialized, skipping
Shader Custom/UnlitShadow uses undefined Queue: 'Opaque'
Shader Custom/UnlitShadow uses undefined Queue: 'Opaque'
Refreshing native plugins compatible for Editor in 2.29 ms, found 3 plugins.
Preloading 0 native plugins for Editor in 0.00 ms.
Unloading 4093 Unused Serialized files (Serialized files now loaded: 0)
Unloading 34 unused Assets / (1.4 MB). Loaded Objects now: 5317.
Memory consumption went from 260.7 MB to 259.3 MB.
Total: 3.251300 ms (FindLiveObjects: 0.338100 ms CreateObjectMapping: 0.115800 ms MarkObjects: 2.431900 ms  DeleteObjects: 0.364800 ms)

AssetImportParameters requested are different than current active one (requested -> active):
  custom:video-decoder-ogg-theora: a1e56fd34408186e4bbccfd4996cb3dc -> 
  custom:container-muxer-webm: aa71ff27fc2769a1b78a27578f13a17b -> 
  custom:container-demuxer-webm: 4f35f7cbe854078d1ac9338744f61a02 -> 
  custom:video-encoder-webm-vp8: eb34c28f22e8b96e1ab97ce403110664 -> 
  custom:audio-encoder-webm-vorbis: bf7c407c2cedff20999df2af8eb42d56 -> 
  custom:framework-win-MediaFoundation: 216162199b28c13a410421893ffa2e32 -> 
  custom:container-demuxer-ogg: 62fdf1f143b41e24485cea50d1cbac27 -> 
  custom:video-decoder-webm-vp8: 9c59270c3fd7afecdb556c50c9e8de78 -> 
  custom:audio-decoder-ogg-vorbis: bf7c407c2cedff20999df2af8eb42d56 -> 
========================================================================
Received Prepare
Registering precompiled user dll's ...
Registered in 0.003178 seconds.
Begin MonoManager ReloadAssembly
Symbol file LoadedFromMemory doesn't match image O:\MSc AI\Dissertation-Project\RPG\Library\PackageCache\com.unity.visualscripting@1.7.8\Editor\VisualScripting.Core\Dependencies\YamlDotNet\Unity.VisualScripting.YamlDotNet.dll
Symbol file LoadedFromMemory doesn't match image O:\MSc AI\Dissertation-Project\RPG\Library\PackageCache\com.unity.visualscripting@1.7.8\Editor\VisualScripting.Core\Dependencies\DotNetZip\Unity.VisualScripting.IonicZip.dll
Native extension for WindowsStandalone target not found
Native extension for OSXStandalone target not found
Refreshing native plugins compatible for Editor in 1.30 ms, found 3 plugins.
Preloading 0 native plugins for Editor in 0.00 ms.
Mono: successfully reloaded assembly
- Completed reload, in  0.887 seconds
Domain Reload Profiling:
	ReloadAssembly (888ms)
		BeginReloadAssembly (112ms)
			ExecutionOrderSort (0ms)
			DisableScriptedObjects (4ms)
			BackupInstance (0ms)
			ReleaseScriptingObjects (0ms)
			CreateAndSetChildDomain (37ms)
		EndReloadAssembly (695ms)
			LoadAssemblies (61ms)
			RebuildTransferFunctionScriptingTraits (0ms)
			SetupTypeCache (216ms)
			ReleaseScriptCaches (2ms)
			RebuildScriptCaches (39ms)
			SetupLoadedEditorAssemblies (341ms)
				LogAssemblyErrors (0ms)
				InitializePlatformSupportModulesInManaged (11ms)
				SetLoadedEditorAssemblies (0ms)
				RefreshPlugins (1ms)
				BeforeProcessingInitializeOnLoad (53ms)
				ProcessInitializeOnLoadAttributes (244ms)
				ProcessInitializeOnLoadMethodAttributes (26ms)
				AfterProcessingInitializeOnLoad (5ms)
				EditorAssembliesLoaded (0ms)
			ExecutionOrderSort2 (0ms)
			AwakeInstancesAfterBackupRestoration (5ms)
Platform modules already initialized, skipping
Shader Custom/UnlitShadow uses undefined Queue: 'Opaque'
Shader Custom/UnlitShadow uses undefined Queue: 'Opaque'
Refreshing native plugins compatible for Editor in 2.07 ms, found 3 plugins.
Preloading 0 native plugins for Editor in 0.00 ms.
Unloading 4093 Unused Serialized files (Serialized files now loaded: 0)
Unloading 34 unused Assets / (1.4 MB). Loaded Objects now: 5332.
Memory consumption went from 260.7 MB to 259.3 MB.
Total: 3.544600 ms (FindLiveObjects: 0.459100 ms CreateObjectMapping: 0.100100 ms MarkObjects: 2.614300 ms  DeleteObjects: 0.369800 ms)

AssetImportParameters requested are different than current active one (requested -> active):
  custom:video-decoder-ogg-theora: a1e56fd34408186e4bbccfd4996cb3dc -> 
  custom:container-muxer-webm: aa71ff27fc2769a1b78a27578f13a17b -> 
  custom:container-demuxer-webm: 4f35f7cbe854078d1ac9338744f61a02 -> 
  custom:video-encoder-webm-vp8: eb34c28f22e8b96e1ab97ce403110664 -> 
  custom:audio-encoder-webm-vorbis: bf7c407c2cedff20999df2af8eb42d56 -> 
  custom:framework-win-MediaFoundation: 216162199b28c13a410421893ffa2e32 -> 
  custom:container-demuxer-ogg: 62fdf1f143b41e24485cea50d1cbac27 -> 
  custom:video-decoder-webm-vp8: 9c59270c3fd7afecdb556c50c9e8de78 -> 
  custom:audio-decoder-ogg-vorbis: bf7c407c2cedff20999df2af8eb42d56 -> 
========================================================================
Received Import Request.
  Time since last request: 467.338711 seconds.
  path: Assets/Prefabs/Players/Player1Character1.prefab
  artifactKey: Guid(2db5bc2fd49fd84478d966cd26599710) Importer(815301076,1909f56bfc062723c751e8b465ee728b)
Start importing Assets/Prefabs/Players/Player1Character1.prefab using Guid(2db5bc2fd49fd84478d966cd26599710) Importer(815301076,1909f56bfc062723c751e8b465ee728b)  -> (artifact id: '120834590b8f3a18bcca93b6bd2d61ad') in 0.700035 seconds 
========================================================================
Received Import Request.
  Time since last request: 0.000030 seconds.
  path: Assets/Prefabs/Players/Player1Character6.prefab
  artifactKey: Guid(594ac1b463e0531458340a5a4a01c893) Importer(815301076,1909f56bfc062723c751e8b465ee728b)
Start importing Assets/Prefabs/Players/Player1Character6.prefab using Guid(594ac1b463e0531458340a5a4a01c893) Importer(815301076,1909f56bfc062723c751e8b465ee728b)  -> (artifact id: '9631d7aec813bb4b73cc3ddc0bb39553') in 0.393863 seconds 
========================================================================
Received Import Request.
  Time since last request: 0.000040 seconds.
  path: Assets/Prefabs/Players/Player1Character3.prefab
  artifactKey: Guid(1422e546a5b81d04aa4ff45061dfeff0) Importer(815301076,1909f56bfc062723c751e8b465ee728b)
Start importing Assets/Prefabs/Players/Player1Character3.prefab using Guid(1422e546a5b81d04aa4ff45061dfeff0) Importer(815301076,1909f56bfc062723c751e8b465ee728b)  -> (artifact id: 'ac46a7bc15ebdbb099e0ff8c8409ccc0') in 0.333175 seconds 
Editor requested this worker to shutdown with reason: Scaling down because of idle timeout
AssetImportWorker is now disconnected from the server
Process exiting
Exiting without the bug reporter. Application will terminate with return code 0