Using pre-set license
Built from '2021.3/staging' branch; Version is '2021.3.6f1 (7da38d85baf6) revision 8233869'; Using compiler version '192829333'; Build Type 'Release'
OS: 'Windows 11  (10.0.22000) 64bit Professional' Language: 'en' Physical Memory: 32689 MB
BatchMode: 1, IsHumanControllingUs: 0, StartBugReporterOnCrash: 0, Is64bit: 1, IsPro: 1

COMMAND LINE ARGUMENTS:
C:\Program Files\Unity\Hub\Editor\2021.3.6f1\Editor\Unity.exe
-adb2
-batchMode
-noUpm
-name
AssetImportWorker8
-projectPath
O:/MSc AI/Dissertation-Project/RPG
-logFile
Logs/AssetImportWorker8.log
-srvPort
63331
Successfully changed project path to: O:/MSc AI/Dissertation-Project/RPG
O:/MSc AI/Dissertation-Project/RPG
[UnityMemory] Configuration Parameters - Can be set up in boot.config
    "memorysetup-bucket-allocator-granularity=16"
    "memorysetup-bucket-allocator-bucket-count=8"
    "memorysetup-bucket-allocator-block-size=33554432"
    "memorysetup-bucket-allocator-block-count=8"
    "memorysetup-main-allocator-block-size=16777216"
    "memorysetup-thread-allocator-block-size=16777216"
    "memorysetup-gfx-main-allocator-block-size=16777216"
    "memorysetup-gfx-thread-allocator-block-size=16777216"
    "memorysetup-cache-allocator-block-size=4194304"
    "memorysetup-typetree-allocator-block-size=2097152"
    "memorysetup-profiler-bucket-allocator-granularity=16"
    "memorysetup-profiler-bucket-allocator-bucket-count=8"
    "memorysetup-profiler-bucket-allocator-block-size=33554432"
    "memorysetup-profiler-bucket-allocator-block-count=8"
    "memorysetup-profiler-allocator-block-size=16777216"
    "memorysetup-profiler-editor-allocator-block-size=1048576"
    "memorysetup-temp-allocator-size-main=16777216"
    "memorysetup-job-temp-allocator-block-size=2097152"
    "memorysetup-job-temp-allocator-block-size-background=1048576"
    "memorysetup-job-temp-allocator-reduction-small-platforms=262144"
    "memorysetup-temp-allocator-size-background-worker=32768"
    "memorysetup-temp-allocator-size-job-worker=262144"
    "memorysetup-temp-allocator-size-preload-manager=33554432"
    "memorysetup-temp-allocator-size-nav-mesh-worker=65536"
    "memorysetup-temp-allocator-size-audio-worker=65536"
    "memorysetup-temp-allocator-size-cloud-worker=32768"
    "memorysetup-temp-allocator-size-gi-baking-worker=262144"
    "memorysetup-temp-allocator-size-gfx=262144"
Refreshing native plugins compatible for Editor in 162.23 ms, found 3 plugins.
Preloading 0 native plugins for Editor in 0.00 ms.
Initialize engine version: 2021.3.6f1 (7da38d85baf6)
[Subsystems] Discovering subsystems at path C:/Program Files/Unity/Hub/Editor/2021.3.6f1/Editor/Data/Resources/UnitySubsystems
[Subsystems] Discovering subsystems at path O:/MSc AI/Dissertation-Project/RPG/Assets
GfxDevice: creating device client; threaded=0; jobified=0
Direct3D:
    Version:  Direct3D 11.0 [level 11.1]
    Renderer: NVIDIA GeForce RTX 3070 (ID=0x2484)
    Vendor:   NVIDIA
    VRAM:     8043 MB
    Driver:   31.0.15.1659
Shader Custom/UnlitShadow uses undefined Queue: 'Opaque'
Shader Custom/UnlitShadow uses undefined Queue: 'Opaque'
Initialize mono
Mono path[0] = 'C:/Program Files/Unity/Hub/Editor/2021.3.6f1/Editor/Data/Managed'
Mono path[1] = 'C:/Program Files/Unity/Hub/Editor/2021.3.6f1/Editor/Data/MonoBleedingEdge/lib/mono/unityjit-win32'
Mono config path = 'C:/Program Files/Unity/Hub/Editor/2021.3.6f1/Editor/Data/MonoBleedingEdge/etc'
Using monoOptions --debugger-agent=transport=dt_socket,embedding=1,server=y,suspend=n,address=127.0.0.1:56476
Begin MonoManager ReloadAssembly
Registering precompiled unity dll's ...
Register platform support module: C:/Program Files/Unity/Hub/Editor/2021.3.6f1/Editor/Data/PlaybackEngines/MacStandaloneSupport/UnityEditor.OSXStandalone.Extensions.dll
Register platform support module: C:/Program Files/Unity/Hub/Editor/2021.3.6f1/Editor/Data/PlaybackEngines/WindowsStandaloneSupport/UnityEditor.WindowsStandalone.Extensions.dll
Registered in 0.007771 seconds.
Native extension for WindowsStandalone target not found
Native extension for OSXStandalone target not found
Refreshing native plugins compatible for Editor in 128.98 ms, found 3 plugins.
Preloading 0 native plugins for Editor in 0.00 ms.
Mono: successfully reloaded assembly
- Completed reload, in  0.837 seconds
Domain Reload Profiling:
	ReloadAssembly (838ms)
		BeginReloadAssembly (88ms)
			ExecutionOrderSort (0ms)
			DisableScriptedObjects (0ms)
			BackupInstance (0ms)
			ReleaseScriptingObjects (0ms)
			CreateAndSetChildDomain (1ms)
		EndReloadAssembly (579ms)
			LoadAssemblies (83ms)
			RebuildTransferFunctionScriptingTraits (0ms)
			SetupTypeCache (110ms)
			ReleaseScriptCaches (0ms)
			RebuildScriptCaches (33ms)
			SetupLoadedEditorAssemblies (362ms)
				LogAssemblyErrors (0ms)
				InitializePlatformSupportModulesInManaged (12ms)
				SetLoadedEditorAssemblies (0ms)
				RefreshPlugins (129ms)
				BeforeProcessingInitializeOnLoad (2ms)
				ProcessInitializeOnLoadAttributes (174ms)
				ProcessInitializeOnLoadMethodAttributes (45ms)
				AfterProcessingInitializeOnLoad (0ms)
				EditorAssembliesLoaded (0ms)
			ExecutionOrderSort2 (0ms)
			AwakeInstancesAfterBackupRestoration (0ms)
Platform modules already initialized, skipping
Registering precompiled user dll's ...
Registered in 0.003235 seconds.
Begin MonoManager ReloadAssembly
Symbol file LoadedFromMemory doesn't match image O:\MSc AI\Dissertation-Project\RPG\Library\PackageCache\com.unity.visualscripting@1.7.8\Editor\VisualScripting.Core\Dependencies\YamlDotNet\Unity.VisualScripting.YamlDotNet.dll
Symbol file LoadedFromMemory doesn't match image O:\MSc AI\Dissertation-Project\RPG\Library\PackageCache\com.unity.visualscripting@1.7.8\Editor\VisualScripting.Core\Dependencies\DotNetZip\Unity.VisualScripting.IonicZip.dll
Native extension for WindowsStandalone target not found
Native extension for OSXStandalone target not found
Refreshing native plugins compatible for Editor in 1.29 ms, found 3 plugins.
Preloading 0 native plugins for Editor in 0.00 ms.
Mono: successfully reloaded assembly
- Completed reload, in  0.961 seconds
Domain Reload Profiling:
	ReloadAssembly (962ms)
		BeginReloadAssembly (98ms)
			ExecutionOrderSort (0ms)
			DisableScriptedObjects (5ms)
			BackupInstance (0ms)
			ReleaseScriptingObjects (0ms)
			CreateAndSetChildDomain (21ms)
		EndReloadAssembly (770ms)
			LoadAssemblies (67ms)
			RebuildTransferFunctionScriptingTraits (0ms)
			SetupTypeCache (227ms)
			ReleaseScriptCaches (1ms)
			RebuildScriptCaches (53ms)
			SetupLoadedEditorAssemblies (386ms)
				LogAssemblyErrors (0ms)
				InitializePlatformSupportModulesInManaged (6ms)
				SetLoadedEditorAssemblies (0ms)
				RefreshPlugins (1ms)
				BeforeProcessingInitializeOnLoad (79ms)
				ProcessInitializeOnLoadAttributes (268ms)
				ProcessInitializeOnLoadMethodAttributes (25ms)
				AfterProcessingInitializeOnLoad (5ms)
				EditorAssembliesLoaded (0ms)
			ExecutionOrderSort2 (0ms)
			AwakeInstancesAfterBackupRestoration (5ms)
Platform modules already initialized, skipping
========================================================================
Worker process is ready to serve import requests
Shader Custom/UnlitShadow uses undefined Queue: 'Opaque'
Shader Custom/UnlitShadow uses undefined Queue: 'Opaque'
Launched and connected shader compiler UnityShaderCompiler.exe after 0.04 seconds
Refreshing native plugins compatible for Editor in 1.32 ms, found 3 plugins.
Preloading 0 native plugins for Editor in 0.00 ms.
Unloading 4146 Unused Serialized files (Serialized files now loaded: 0)
Unloading 53 unused Assets / (1.4 MB). Loaded Objects now: 4630.
Memory consumption went from 243.2 MB to 241.8 MB.
Total: 3.304200 ms (FindLiveObjects: 0.364300 ms CreateObjectMapping: 0.120600 ms MarkObjects: 2.449000 ms  DeleteObjects: 0.369600 ms)

AssetImportParameters requested are different than current active one (requested -> active):
  custom:video-decoder-ogg-theora: a1e56fd34408186e4bbccfd4996cb3dc -> 
  custom:container-muxer-webm: aa71ff27fc2769a1b78a27578f13a17b -> 
  custom:container-demuxer-webm: 4f35f7cbe854078d1ac9338744f61a02 -> 
  custom:video-encoder-webm-vp8: eb34c28f22e8b96e1ab97ce403110664 -> 
  custom:audio-encoder-webm-vorbis: bf7c407c2cedff20999df2af8eb42d56 -> 
  custom:framework-win-MediaFoundation: 216162199b28c13a410421893ffa2e32 -> 
  custom:container-demuxer-ogg: 62fdf1f143b41e24485cea50d1cbac27 -> 
  custom:video-decoder-webm-vp8: 9c59270c3fd7afecdb556c50c9e8de78 -> 
  custom:audio-decoder-ogg-vorbis: bf7c407c2cedff20999df2af8eb42d56 -> 
========================================================================
Received Import Request.
  Time since last request: 127982.524574 seconds.
  path: Assets/Prefabs/Players/Player1Character2.prefab
  artifactKey: Guid(8e3316c1adada6f4c8311f976e2659be) Importer(815301076,1909f56bfc062723c751e8b465ee728b)
Start importing Assets/Prefabs/Players/Player1Character2.prefab using Guid(8e3316c1adada6f4c8311f976e2659be) Importer(815301076,1909f56bfc062723c751e8b465ee728b)  -> (artifact id: '7406399ab04cee29317949c82621b3c0') in 0.588028 seconds 
========================================================================
Received Import Request.
  Time since last request: 0.000025 seconds.
  path: Assets/Prefabs/Players/Player1Character3.prefab
  artifactKey: Guid(1422e546a5b81d04aa4ff45061dfeff0) Importer(815301076,1909f56bfc062723c751e8b465ee728b)
Start importing Assets/Prefabs/Players/Player1Character3.prefab using Guid(1422e546a5b81d04aa4ff45061dfeff0) Importer(815301076,1909f56bfc062723c751e8b465ee728b)  -> (artifact id: 'd9ffbb574ff17ef2352372e96f19a400') in 0.202290 seconds 
========================================================================
Received Prepare
Registering precompiled user dll's ...
Registered in 0.002662 seconds.
Begin MonoManager ReloadAssembly
Symbol file LoadedFromMemory doesn't match image O:\MSc AI\Dissertation-Project\RPG\Library\PackageCache\com.unity.visualscripting@1.7.8\Editor\VisualScripting.Core\Dependencies\YamlDotNet\Unity.VisualScripting.YamlDotNet.dll
Symbol file LoadedFromMemory doesn't match image O:\MSc AI\Dissertation-Project\RPG\Library\PackageCache\com.unity.visualscripting@1.7.8\Editor\VisualScripting.Core\Dependencies\DotNetZip\Unity.VisualScripting.IonicZip.dll
Native extension for WindowsStandalone target not found
Native extension for OSXStandalone target not found
Refreshing native plugins compatible for Editor in 1.20 ms, found 3 plugins.
Preloading 0 native plugins for Editor in 0.00 ms.
Mono: successfully reloaded assembly
- Completed reload, in  0.970 seconds
Domain Reload Profiling:
	ReloadAssembly (970ms)
		BeginReloadAssembly (126ms)
			ExecutionOrderSort (0ms)
			DisableScriptedObjects (3ms)
			BackupInstance (0ms)
			ReleaseScriptingObjects (0ms)
			CreateAndSetChildDomain (42ms)
		EndReloadAssembly (750ms)
			LoadAssemblies (72ms)
			RebuildTransferFunctionScriptingTraits (0ms)
			SetupTypeCache (296ms)
			ReleaseScriptCaches (1ms)
			RebuildScriptCaches (41ms)
			SetupLoadedEditorAssemblies (313ms)
				LogAssemblyErrors (0ms)
				InitializePlatformSupportModulesInManaged (11ms)
				SetLoadedEditorAssemblies (0ms)
				RefreshPlugins (1ms)
				BeforeProcessingInitializeOnLoad (53ms)
				ProcessInitializeOnLoadAttributes (219ms)
				ProcessInitializeOnLoadMethodAttributes (23ms)
				AfterProcessingInitializeOnLoad (6ms)
				EditorAssembliesLoaded (0ms)
			ExecutionOrderSort2 (0ms)
			AwakeInstancesAfterBackupRestoration (4ms)
Platform modules already initialized, skipping
Shader Custom/UnlitShadow uses undefined Queue: 'Opaque'
Shader Custom/UnlitShadow uses undefined Queue: 'Opaque'
Refreshing native plugins compatible for Editor in 1.98 ms, found 3 plugins.
Preloading 0 native plugins for Editor in 0.00 ms.
Unloading 4086 Unused Serialized files (Serialized files now loaded: 0)
Unloading 34 unused Assets / (1.4 MB). Loaded Objects now: 4653.
Memory consumption went from 257.0 MB to 255.7 MB.
Total: 3.630300 ms (FindLiveObjects: 0.400600 ms CreateObjectMapping: 0.174400 ms MarkObjects: 2.582900 ms  DeleteObjects: 0.471200 ms)

AssetImportParameters requested are different than current active one (requested -> active):
  custom:video-decoder-ogg-theora: a1e56fd34408186e4bbccfd4996cb3dc -> 
  custom:container-muxer-webm: aa71ff27fc2769a1b78a27578f13a17b -> 
  custom:container-demuxer-webm: 4f35f7cbe854078d1ac9338744f61a02 -> 
  custom:video-encoder-webm-vp8: eb34c28f22e8b96e1ab97ce403110664 -> 
  custom:audio-encoder-webm-vorbis: bf7c407c2cedff20999df2af8eb42d56 -> 
  custom:framework-win-MediaFoundation: 216162199b28c13a410421893ffa2e32 -> 
  custom:container-demuxer-ogg: 62fdf1f143b41e24485cea50d1cbac27 -> 
  custom:video-decoder-webm-vp8: 9c59270c3fd7afecdb556c50c9e8de78 -> 
  custom:audio-decoder-ogg-vorbis: bf7c407c2cedff20999df2af8eb42d56 -> 
========================================================================
Received Import Request.
  Time since last request: 24.217914 seconds.
  path: Assets/Prefabs/Players/Player1Character2.prefab
  artifactKey: Guid(8e3316c1adada6f4c8311f976e2659be) Importer(815301076,1909f56bfc062723c751e8b465ee728b)
Start importing Assets/Prefabs/Players/Player1Character2.prefab using Guid(8e3316c1adada6f4c8311f976e2659be) Importer(815301076,1909f56bfc062723c751e8b465ee728b)  -> (artifact id: '1d43b223dcd41c81d98b40170d78b2c4') in 0.295648 seconds 
========================================================================
Received Import Request.
  Time since last request: 0.000036 seconds.
  path: Assets/Prefabs/Players/Player1Character4.prefab
  artifactKey: Guid(940bbeede757e5c46aa1232d0f4a7209) Importer(815301076,1909f56bfc062723c751e8b465ee728b)
Start importing Assets/Prefabs/Players/Player1Character4.prefab using Guid(940bbeede757e5c46aa1232d0f4a7209) Importer(815301076,1909f56bfc062723c751e8b465ee728b)  -> (artifact id: 'f0f251b66a7f8bf8bb27ae8fffc8c74a') in 0.259274 seconds 
========================================================================
Received Import Request.
  Time since last request: 0.000069 seconds.
  path: Assets/Prefabs/Players/Player1Character5.prefab
  artifactKey: Guid(86869c8ef905ce44ab4e0f4ad69dd67b) Importer(815301076,1909f56bfc062723c751e8b465ee728b)
Start importing Assets/Prefabs/Players/Player1Character5.prefab using Guid(86869c8ef905ce44ab4e0f4ad69dd67b) Importer(815301076,1909f56bfc062723c751e8b465ee728b)  -> (artifact id: 'd04822fc32c3341193818e98ad8dc0cf') in 0.173268 seconds 
========================================================================
Received Prepare
Registering precompiled user dll's ...
Registered in 0.003425 seconds.
Begin MonoManager ReloadAssembly
Symbol file LoadedFromMemory doesn't match image O:\MSc AI\Dissertation-Project\RPG\Library\PackageCache\com.unity.visualscripting@1.7.8\Editor\VisualScripting.Core\Dependencies\YamlDotNet\Unity.VisualScripting.YamlDotNet.dll
Symbol file LoadedFromMemory doesn't match image O:\MSc AI\Dissertation-Project\RPG\Library\PackageCache\com.unity.visualscripting@1.7.8\Editor\VisualScripting.Core\Dependencies\DotNetZip\Unity.VisualScripting.IonicZip.dll
Native extension for WindowsStandalone target not found
Native extension for OSXStandalone target not found
Refreshing native plugins compatible for Editor in 1.11 ms, found 3 plugins.
Preloading 0 native plugins for Editor in 0.00 ms.
Mono: successfully reloaded assembly
- Completed reload, in  0.949 seconds
Domain Reload Profiling:
	ReloadAssembly (949ms)
		BeginReloadAssembly (124ms)
			ExecutionOrderSort (0ms)
			DisableScriptedObjects (4ms)
			BackupInstance (0ms)
			ReleaseScriptingObjects (0ms)
			CreateAndSetChildDomain (43ms)
		EndReloadAssembly (725ms)
			LoadAssemblies (67ms)
			RebuildTransferFunctionScriptingTraits (0ms)
			SetupTypeCache (261ms)
			ReleaseScriptCaches (2ms)
			RebuildScriptCaches (43ms)
			SetupLoadedEditorAssemblies (314ms)
				LogAssemblyErrors (0ms)
				InitializePlatformSupportModulesInManaged (11ms)
				SetLoadedEditorAssemblies (0ms)
				RefreshPlugins (1ms)
				BeforeProcessingInitializeOnLoad (62ms)
				ProcessInitializeOnLoadAttributes (212ms)
				ProcessInitializeOnLoadMethodAttributes (24ms)
				AfterProcessingInitializeOnLoad (5ms)
				EditorAssembliesLoaded (0ms)
			ExecutionOrderSort2 (0ms)
			AwakeInstancesAfterBackupRestoration (4ms)
Platform modules already initialized, skipping
Shader Custom/UnlitShadow uses undefined Queue: 'Opaque'
Shader Custom/UnlitShadow uses undefined Queue: 'Opaque'
Refreshing native plugins compatible for Editor in 2.27 ms, found 3 plugins.
Preloading 0 native plugins for Editor in 0.00 ms.
Unloading 4086 Unused Serialized files (Serialized files now loaded: 0)
Unloading 34 unused Assets / (1.4 MB). Loaded Objects now: 4668.
Memory consumption went from 257.2 MB to 255.8 MB.
Total: 4.042400 ms (FindLiveObjects: 0.298500 ms CreateObjectMapping: 0.195000 ms MarkObjects: 2.637400 ms  DeleteObjects: 0.910400 ms)

AssetImportParameters requested are different than current active one (requested -> active):
  custom:video-decoder-ogg-theora: a1e56fd34408186e4bbccfd4996cb3dc -> 
  custom:container-muxer-webm: aa71ff27fc2769a1b78a27578f13a17b -> 
  custom:container-demuxer-webm: 4f35f7cbe854078d1ac9338744f61a02 -> 
  custom:video-encoder-webm-vp8: eb34c28f22e8b96e1ab97ce403110664 -> 
  custom:audio-encoder-webm-vorbis: bf7c407c2cedff20999df2af8eb42d56 -> 
  custom:framework-win-MediaFoundation: 216162199b28c13a410421893ffa2e32 -> 
  custom:container-demuxer-ogg: 62fdf1f143b41e24485cea50d1cbac27 -> 
  custom:video-decoder-webm-vp8: 9c59270c3fd7afecdb556c50c9e8de78 -> 
  custom:audio-decoder-ogg-vorbis: bf7c407c2cedff20999df2af8eb42d56 -> 
========================================================================
Received Import Request.
  Time since last request: 11.207402 seconds.
  path: Assets/Prefabs/Players/Player1Character2.prefab
  artifactKey: Guid(8e3316c1adada6f4c8311f976e2659be) Importer(815301076,1909f56bfc062723c751e8b465ee728b)
Start importing Assets/Prefabs/Players/Player1Character2.prefab using Guid(8e3316c1adada6f4c8311f976e2659be) Importer(815301076,1909f56bfc062723c751e8b465ee728b)  -> (artifact id: '62197bb382709b821f5cbf000e0c5d16') in 0.339873 seconds 
========================================================================
Received Import Request.
  Time since last request: 0.000057 seconds.
  path: Assets/Prefabs/Players/Player1Character5.prefab
  artifactKey: Guid(86869c8ef905ce44ab4e0f4ad69dd67b) Importer(815301076,1909f56bfc062723c751e8b465ee728b)
Start importing Assets/Prefabs/Players/Player1Character5.prefab using Guid(86869c8ef905ce44ab4e0f4ad69dd67b) Importer(815301076,1909f56bfc062723c751e8b465ee728b)  -> (artifact id: '3e349158fb259cab3a0cf4170f4cb969') in 0.203056 seconds 
========================================================================
Received Prepare
Registering precompiled user dll's ...
Registered in 0.002876 seconds.
Begin MonoManager ReloadAssembly
Symbol file LoadedFromMemory doesn't match image O:\MSc AI\Dissertation-Project\RPG\Library\PackageCache\com.unity.visualscripting@1.7.8\Editor\VisualScripting.Core\Dependencies\YamlDotNet\Unity.VisualScripting.YamlDotNet.dll
Symbol file LoadedFromMemory doesn't match image O:\MSc AI\Dissertation-Project\RPG\Library\PackageCache\com.unity.visualscripting@1.7.8\Editor\VisualScripting.Core\Dependencies\DotNetZip\Unity.VisualScripting.IonicZip.dll
Native extension for WindowsStandalone target not found
Native extension for OSXStandalone target not found
Refreshing native plugins compatible for Editor in 1.16 ms, found 3 plugins.
Preloading 0 native plugins for Editor in 0.00 ms.
Mono: successfully reloaded assembly
- Completed reload, in  0.972 seconds
Domain Reload Profiling:
	ReloadAssembly (973ms)
		BeginReloadAssembly (135ms)
			ExecutionOrderSort (0ms)
			DisableScriptedObjects (3ms)
			BackupInstance (0ms)
			ReleaseScriptingObjects (0ms)
			CreateAndSetChildDomain (45ms)
		EndReloadAssembly (754ms)
			LoadAssemblies (80ms)
			RebuildTransferFunctionScriptingTraits (0ms)
			SetupTypeCache (302ms)
			ReleaseScriptCaches (2ms)
			RebuildScriptCaches (46ms)
			SetupLoadedEditorAssemblies (303ms)
				LogAssemblyErrors (0ms)
				InitializePlatformSupportModulesInManaged (10ms)
				SetLoadedEditorAssemblies (0ms)
				RefreshPlugins (1ms)
				BeforeProcessingInitializeOnLoad (60ms)
				ProcessInitializeOnLoadAttributes (204ms)
				ProcessInitializeOnLoadMethodAttributes (23ms)
				AfterProcessingInitializeOnLoad (5ms)
				EditorAssembliesLoaded (0ms)
			ExecutionOrderSort2 (0ms)
			AwakeInstancesAfterBackupRestoration (4ms)
Platform modules already initialized, skipping
Shader Custom/UnlitShadow uses undefined Queue: 'Opaque'
Shader Custom/UnlitShadow uses undefined Queue: 'Opaque'
Refreshing native plugins compatible for Editor in 1.91 ms, found 3 plugins.
Preloading 0 native plugins for Editor in 0.00 ms.
Unloading 4086 Unused Serialized files (Serialized files now loaded: 0)
Unloading 34 unused Assets / (1.4 MB). Loaded Objects now: 4683.
Memory consumption went from 257.3 MB to 255.9 MB.
Total: 3.202500 ms (FindLiveObjects: 0.305200 ms CreateObjectMapping: 0.106800 ms MarkObjects: 2.450000 ms  DeleteObjects: 0.339800 ms)

AssetImportParameters requested are different than current active one (requested -> active):
  custom:video-decoder-ogg-theora: a1e56fd34408186e4bbccfd4996cb3dc -> 
  custom:container-muxer-webm: aa71ff27fc2769a1b78a27578f13a17b -> 
  custom:container-demuxer-webm: 4f35f7cbe854078d1ac9338744f61a02 -> 
  custom:video-encoder-webm-vp8: eb34c28f22e8b96e1ab97ce403110664 -> 
  custom:audio-encoder-webm-vorbis: bf7c407c2cedff20999df2af8eb42d56 -> 
  custom:framework-win-MediaFoundation: 216162199b28c13a410421893ffa2e32 -> 
  custom:container-demuxer-ogg: 62fdf1f143b41e24485cea50d1cbac27 -> 
  custom:video-decoder-webm-vp8: 9c59270c3fd7afecdb556c50c9e8de78 -> 
  custom:audio-decoder-ogg-vorbis: bf7c407c2cedff20999df2af8eb42d56 -> 
========================================================================
Received Import Request.
  Time since last request: 9.666763 seconds.
  path: Assets/Prefabs/Players/Player1Character2.prefab
  artifactKey: Guid(8e3316c1adada6f4c8311f976e2659be) Importer(815301076,1909f56bfc062723c751e8b465ee728b)
Start importing Assets/Prefabs/Players/Player1Character2.prefab using Guid(8e3316c1adada6f4c8311f976e2659be) Importer(815301076,1909f56bfc062723c751e8b465ee728b)  -> (artifact id: 'e83d2b70406f3e649f752316149b0600') in 0.322474 seconds 
========================================================================
Received Import Request.
  Time since last request: 0.000026 seconds.
  path: Assets/Prefabs/Players/Player1Character5.prefab
  artifactKey: Guid(86869c8ef905ce44ab4e0f4ad69dd67b) Importer(815301076,1909f56bfc062723c751e8b465ee728b)
Start importing Assets/Prefabs/Players/Player1Character5.prefab using Guid(86869c8ef905ce44ab4e0f4ad69dd67b) Importer(815301076,1909f56bfc062723c751e8b465ee728b)  -> (artifact id: '5bc0f624d167a76886c9dfeaf47b835a') in 0.243199 seconds 
========================================================================
Received Prepare
Registering precompiled user dll's ...
Registered in 0.003697 seconds.
Begin MonoManager ReloadAssembly
Symbol file LoadedFromMemory doesn't match image O:\MSc AI\Dissertation-Project\RPG\Library\PackageCache\com.unity.visualscripting@1.7.8\Editor\VisualScripting.Core\Dependencies\YamlDotNet\Unity.VisualScripting.YamlDotNet.dll
Symbol file LoadedFromMemory doesn't match image O:\MSc AI\Dissertation-Project\RPG\Library\PackageCache\com.unity.visualscripting@1.7.8\Editor\VisualScripting.Core\Dependencies\DotNetZip\Unity.VisualScripting.IonicZip.dll
Native extension for WindowsStandalone target not found
Native extension for OSXStandalone target not found
Refreshing native plugins compatible for Editor in 1.53 ms, found 3 plugins.
Preloading 0 native plugins for Editor in 0.00 ms.
Mono: successfully reloaded assembly
- Completed reload, in  0.930 seconds
Domain Reload Profiling:
	ReloadAssembly (930ms)
		BeginReloadAssembly (121ms)
			ExecutionOrderSort (0ms)
			DisableScriptedObjects (4ms)
			BackupInstance (0ms)
			ReleaseScriptingObjects (0ms)
			CreateAndSetChildDomain (41ms)
		EndReloadAssembly (713ms)
			LoadAssemblies (73ms)
			RebuildTransferFunctionScriptingTraits (0ms)
			SetupTypeCache (222ms)
			ReleaseScriptCaches (2ms)
			RebuildScriptCaches (37ms)
			SetupLoadedEditorAssemblies (342ms)
				LogAssemblyErrors (0ms)
				InitializePlatformSupportModulesInManaged (14ms)
				SetLoadedEditorAssemblies (1ms)
				RefreshPlugins (2ms)
				BeforeProcessingInitializeOnLoad (64ms)
				ProcessInitializeOnLoadAttributes (224ms)
				ProcessInitializeOnLoadMethodAttributes (29ms)
				AfterProcessingInitializeOnLoad (8ms)
				EditorAssembliesLoaded (0ms)
			ExecutionOrderSort2 (0ms)
			AwakeInstancesAfterBackupRestoration (5ms)
Platform modules already initialized, skipping
Shader Custom/UnlitShadow uses undefined Queue: 'Opaque'
Shader Custom/UnlitShadow uses undefined Queue: 'Opaque'
Refreshing native plugins compatible for Editor in 2.07 ms, found 3 plugins.
Preloading 0 native plugins for Editor in 0.00 ms.
Unloading 4086 Unused Serialized files (Serialized files now loaded: 0)
Unloading 34 unused Assets / (1.4 MB). Loaded Objects now: 4698.
Memory consumption went from 257.3 MB to 255.9 MB.
Total: 3.315400 ms (FindLiveObjects: 0.339900 ms CreateObjectMapping: 0.092700 ms MarkObjects: 2.515200 ms  DeleteObjects: 0.366000 ms)

AssetImportParameters requested are different than current active one (requested -> active):
  custom:video-decoder-ogg-theora: a1e56fd34408186e4bbccfd4996cb3dc -> 
  custom:container-muxer-webm: aa71ff27fc2769a1b78a27578f13a17b -> 
  custom:container-demuxer-webm: 4f35f7cbe854078d1ac9338744f61a02 -> 
  custom:video-encoder-webm-vp8: eb34c28f22e8b96e1ab97ce403110664 -> 
  custom:audio-encoder-webm-vorbis: bf7c407c2cedff20999df2af8eb42d56 -> 
  custom:framework-win-MediaFoundation: 216162199b28c13a410421893ffa2e32 -> 
  custom:container-demuxer-ogg: 62fdf1f143b41e24485cea50d1cbac27 -> 
  custom:video-decoder-webm-vp8: 9c59270c3fd7afecdb556c50c9e8de78 -> 
  custom:audio-decoder-ogg-vorbis: bf7c407c2cedff20999df2af8eb42d56 -> 
========================================================================
Received Prepare
Registering precompiled user dll's ...
Registered in 0.002637 seconds.
Begin MonoManager ReloadAssembly
Symbol file LoadedFromMemory doesn't match image O:\MSc AI\Dissertation-Project\RPG\Library\PackageCache\com.unity.visualscripting@1.7.8\Editor\VisualScripting.Core\Dependencies\YamlDotNet\Unity.VisualScripting.YamlDotNet.dll
Symbol file LoadedFromMemory doesn't match image O:\MSc AI\Dissertation-Project\RPG\Library\PackageCache\com.unity.visualscripting@1.7.8\Editor\VisualScripting.Core\Dependencies\DotNetZip\Unity.VisualScripting.IonicZip.dll
Native extension for WindowsStandalone target not found
Native extension for OSXStandalone target not found
Refreshing native plugins compatible for Editor in 1.10 ms, found 3 plugins.
Preloading 0 native plugins for Editor in 0.00 ms.
Mono: successfully reloaded assembly
- Completed reload, in  0.928 seconds
Domain Reload Profiling:
	ReloadAssembly (929ms)
		BeginReloadAssembly (120ms)
			ExecutionOrderSort (0ms)
			DisableScriptedObjects (5ms)
			BackupInstance (0ms)
			ReleaseScriptingObjects (0ms)
			CreateAndSetChildDomain (43ms)
		EndReloadAssembly (719ms)
			LoadAssemblies (63ms)
			RebuildTransferFunctionScriptingTraits (0ms)
			SetupTypeCache (243ms)
			ReleaseScriptCaches (2ms)
			RebuildScriptCaches (47ms)
			SetupLoadedEditorAssemblies (321ms)
				LogAssemblyErrors (0ms)
				InitializePlatformSupportModulesInManaged (11ms)
				SetLoadedEditorAssemblies (0ms)
				RefreshPlugins (1ms)
				BeforeProcessingInitializeOnLoad (53ms)
				ProcessInitializeOnLoadAttributes (224ms)
				ProcessInitializeOnLoadMethodAttributes (26ms)
				AfterProcessingInitializeOnLoad (5ms)
				EditorAssembliesLoaded (0ms)
			ExecutionOrderSort2 (0ms)
			AwakeInstancesAfterBackupRestoration (5ms)
Platform modules already initialized, skipping
Shader Custom/UnlitShadow uses undefined Queue: 'Opaque'
Shader Custom/UnlitShadow uses undefined Queue: 'Opaque'
Refreshing native plugins compatible for Editor in 5.07 ms, found 3 plugins.
Preloading 0 native plugins for Editor in 0.00 ms.
Unloading 4086 Unused Serialized files (Serialized files now loaded: 0)
Unloading 34 unused Assets / (1.4 MB). Loaded Objects now: 4713.
Memory consumption went from 257.3 MB to 255.9 MB.
Total: 3.229800 ms (FindLiveObjects: 0.345700 ms CreateObjectMapping: 0.103200 ms MarkObjects: 2.429100 ms  DeleteObjects: 0.350800 ms)

AssetImportParameters requested are different than current active one (requested -> active):
  custom:video-decoder-ogg-theora: a1e56fd34408186e4bbccfd4996cb3dc -> 
  custom:container-muxer-webm: aa71ff27fc2769a1b78a27578f13a17b -> 
  custom:container-demuxer-webm: 4f35f7cbe854078d1ac9338744f61a02 -> 
  custom:video-encoder-webm-vp8: eb34c28f22e8b96e1ab97ce403110664 -> 
  custom:audio-encoder-webm-vorbis: bf7c407c2cedff20999df2af8eb42d56 -> 
  custom:framework-win-MediaFoundation: 216162199b28c13a410421893ffa2e32 -> 
  custom:container-demuxer-ogg: 62fdf1f143b41e24485cea50d1cbac27 -> 
  custom:video-decoder-webm-vp8: 9c59270c3fd7afecdb556c50c9e8de78 -> 
  custom:audio-decoder-ogg-vorbis: bf7c407c2cedff20999df2af8eb42d56 -> 
========================================================================
Received Prepare
Registering precompiled user dll's ...
Registered in 0.002743 seconds.
Begin MonoManager ReloadAssembly
Symbol file LoadedFromMemory doesn't match image O:\MSc AI\Dissertation-Project\RPG\Library\PackageCache\com.unity.visualscripting@1.7.8\Editor\VisualScripting.Core\Dependencies\YamlDotNet\Unity.VisualScripting.YamlDotNet.dll
Symbol file LoadedFromMemory doesn't match image O:\MSc AI\Dissertation-Project\RPG\Library\PackageCache\com.unity.visualscripting@1.7.8\Editor\VisualScripting.Core\Dependencies\DotNetZip\Unity.VisualScripting.IonicZip.dll
Native extension for WindowsStandalone target not found
Native extension for OSXStandalone target not found
Refreshing native plugins compatible for Editor in 1.23 ms, found 3 plugins.
Preloading 0 native plugins for Editor in 0.00 ms.
Mono: successfully reloaded assembly
- Completed reload, in  0.904 seconds
Domain Reload Profiling:
	ReloadAssembly (905ms)
		BeginReloadAssembly (116ms)
			ExecutionOrderSort (0ms)
			DisableScriptedObjects (5ms)
			BackupInstance (0ms)
			ReleaseScriptingObjects (0ms)
			CreateAndSetChildDomain (36ms)
		EndReloadAssembly (716ms)
			LoadAssemblies (68ms)
			RebuildTransferFunctionScriptingTraits (0ms)
			SetupTypeCache (208ms)
			ReleaseScriptCaches (2ms)
			RebuildScriptCaches (40ms)
			SetupLoadedEditorAssemblies (361ms)
				LogAssemblyErrors (0ms)
				InitializePlatformSupportModulesInManaged (12ms)
				SetLoadedEditorAssemblies (0ms)
				RefreshPlugins (1ms)
				BeforeProcessingInitializeOnLoad (60ms)
				ProcessInitializeOnLoadAttributes (250ms)
				ProcessInitializeOnLoadMethodAttributes (29ms)
				AfterProcessingInitializeOnLoad (7ms)
				EditorAssembliesLoaded (0ms)
			ExecutionOrderSort2 (0ms)
			AwakeInstancesAfterBackupRestoration (5ms)
Platform modules already initialized, skipping
Shader Custom/UnlitShadow uses undefined Queue: 'Opaque'
Shader Custom/UnlitShadow uses undefined Queue: 'Opaque'
Refreshing native plugins compatible for Editor in 3.67 ms, found 3 plugins.
Preloading 0 native plugins for Editor in 0.00 ms.
Unloading 4086 Unused Serialized files (Serialized files now loaded: 0)
Unloading 34 unused Assets / (1.4 MB). Loaded Objects now: 4728.
Memory consumption went from 257.3 MB to 255.9 MB.
Total: 3.582300 ms (FindLiveObjects: 0.417100 ms CreateObjectMapping: 0.102600 ms MarkObjects: 2.631200 ms  DeleteObjects: 0.430400 ms)

AssetImportParameters requested are different than current active one (requested -> active):
  custom:video-decoder-ogg-theora: a1e56fd34408186e4bbccfd4996cb3dc -> 
  custom:container-muxer-webm: aa71ff27fc2769a1b78a27578f13a17b -> 
  custom:container-demuxer-webm: 4f35f7cbe854078d1ac9338744f61a02 -> 
  custom:video-encoder-webm-vp8: eb34c28f22e8b96e1ab97ce403110664 -> 
  custom:audio-encoder-webm-vorbis: bf7c407c2cedff20999df2af8eb42d56 -> 
  custom:framework-win-MediaFoundation: 216162199b28c13a410421893ffa2e32 -> 
  custom:container-demuxer-ogg: 62fdf1f143b41e24485cea50d1cbac27 -> 
  custom:video-decoder-webm-vp8: 9c59270c3fd7afecdb556c50c9e8de78 -> 
  custom:audio-decoder-ogg-vorbis: bf7c407c2cedff20999df2af8eb42d56 -> 
========================================================================
Received Import Request.
  Time since last request: 90.565693 seconds.
  path: Assets/Prefabs/Magic/Invisibility.prefab
  artifactKey: Guid(c9d01d0e78abf4046b0178d19a62b455) Importer(815301076,1909f56bfc062723c751e8b465ee728b)
Start importing Assets/Prefabs/Magic/Invisibility.prefab using Guid(c9d01d0e78abf4046b0178d19a62b455) Importer(815301076,1909f56bfc062723c751e8b465ee728b)  -> (artifact id: '28356c8c3f7bb27348cde0eb820cd4e1') in 0.105361 seconds 
========================================================================
Received Prepare
Registering precompiled user dll's ...
Registered in 0.002714 seconds.
Begin MonoManager ReloadAssembly
Symbol file LoadedFromMemory doesn't match image O:\MSc AI\Dissertation-Project\RPG\Library\PackageCache\com.unity.visualscripting@1.7.8\Editor\VisualScripting.Core\Dependencies\YamlDotNet\Unity.VisualScripting.YamlDotNet.dll
Symbol file LoadedFromMemory doesn't match image O:\MSc AI\Dissertation-Project\RPG\Library\PackageCache\com.unity.visualscripting@1.7.8\Editor\VisualScripting.Core\Dependencies\DotNetZip\Unity.VisualScripting.IonicZip.dll
Native extension for WindowsStandalone target not found
Native extension for OSXStandalone target not found
Refreshing native plugins compatible for Editor in 3.26 ms, found 3 plugins.
Preloading 0 native plugins for Editor in 0.00 ms.
Mono: successfully reloaded assembly
- Completed reload, in  0.848 seconds
Domain Reload Profiling:
	ReloadAssembly (849ms)
		BeginReloadAssembly (119ms)
			ExecutionOrderSort (0ms)
			DisableScriptedObjects (3ms)
			BackupInstance (0ms)
			ReleaseScriptingObjects (0ms)
			CreateAndSetChildDomain (38ms)
		EndReloadAssembly (657ms)
			LoadAssemblies (74ms)
			RebuildTransferFunctionScriptingTraits (0ms)
			SetupTypeCache (199ms)
			ReleaseScriptCaches (2ms)
			RebuildScriptCaches (34ms)
			SetupLoadedEditorAssemblies (313ms)
				LogAssemblyErrors (0ms)
				InitializePlatformSupportModulesInManaged (19ms)
				SetLoadedEditorAssemblies (0ms)
				RefreshPlugins (3ms)
				BeforeProcessingInitializeOnLoad (55ms)
				ProcessInitializeOnLoadAttributes (208ms)
				ProcessInitializeOnLoadMethodAttributes (22ms)
				AfterProcessingInitializeOnLoad (5ms)
				EditorAssembliesLoaded (0ms)
			ExecutionOrderSort2 (0ms)
			AwakeInstancesAfterBackupRestoration (4ms)
Platform modules already initialized, skipping
Shader Custom/UnlitShadow uses undefined Queue: 'Opaque'
Shader Custom/UnlitShadow uses undefined Queue: 'Opaque'
Refreshing native plugins compatible for Editor in 2.87 ms, found 3 plugins.
Preloading 0 native plugins for Editor in 0.00 ms.
Unloading 4086 Unused Serialized files (Serialized files now loaded: 0)
Unloading 35 unused Assets / (1.4 MB). Loaded Objects now: 4745.
Memory consumption went from 257.3 MB to 255.9 MB.
Total: 3.715500 ms (FindLiveObjects: 0.595400 ms CreateObjectMapping: 0.132000 ms MarkObjects: 2.602300 ms  DeleteObjects: 0.384800 ms)

AssetImportParameters requested are different than current active one (requested -> active):
  custom:video-decoder-ogg-theora: a1e56fd34408186e4bbccfd4996cb3dc -> 
  custom:container-muxer-webm: aa71ff27fc2769a1b78a27578f13a17b -> 
  custom:container-demuxer-webm: 4f35f7cbe854078d1ac9338744f61a02 -> 
  custom:video-encoder-webm-vp8: eb34c28f22e8b96e1ab97ce403110664 -> 
  custom:audio-encoder-webm-vorbis: bf7c407c2cedff20999df2af8eb42d56 -> 
  custom:framework-win-MediaFoundation: 216162199b28c13a410421893ffa2e32 -> 
  custom:container-demuxer-ogg: 62fdf1f143b41e24485cea50d1cbac27 -> 
  custom:video-decoder-webm-vp8: 9c59270c3fd7afecdb556c50c9e8de78 -> 
  custom:audio-decoder-ogg-vorbis: bf7c407c2cedff20999df2af8eb42d56 -> 
========================================================================
Received Import Request.
  Time since last request: 128.499737 seconds.
  path: Assets/Prefabs/Magic/Invisibility.prefab
  artifactKey: Guid(c9d01d0e78abf4046b0178d19a62b455) Importer(815301076,1909f56bfc062723c751e8b465ee728b)
Start importing Assets/Prefabs/Magic/Invisibility.prefab using Guid(c9d01d0e78abf4046b0178d19a62b455) Importer(815301076,1909f56bfc062723c751e8b465ee728b)  -> (artifact id: '9f972a1fec8319505e9683d0e8a5390a') in 0.060203 seconds 
========================================================================
Received Prepare
Registering precompiled user dll's ...
Registered in 0.002712 seconds.
Begin MonoManager ReloadAssembly
Symbol file LoadedFromMemory doesn't match image O:\MSc AI\Dissertation-Project\RPG\Library\PackageCache\com.unity.visualscripting@1.7.8\Editor\VisualScripting.Core\Dependencies\YamlDotNet\Unity.VisualScripting.YamlDotNet.dll
Symbol file LoadedFromMemory doesn't match image O:\MSc AI\Dissertation-Project\RPG\Library\PackageCache\com.unity.visualscripting@1.7.8\Editor\VisualScripting.Core\Dependencies\DotNetZip\Unity.VisualScripting.IonicZip.dll
Native extension for WindowsStandalone target not found
Native extension for OSXStandalone target not found
Refreshing native plugins compatible for Editor in 2.00 ms, found 3 plugins.
Preloading 0 native plugins for Editor in 0.00 ms.
Mono: successfully reloaded assembly
- Completed reload, in  0.840 seconds
Domain Reload Profiling:
	ReloadAssembly (841ms)
		BeginReloadAssembly (109ms)
			ExecutionOrderSort (0ms)
			DisableScriptedObjects (3ms)
			BackupInstance (0ms)
			ReleaseScriptingObjects (0ms)
			CreateAndSetChildDomain (39ms)
		EndReloadAssembly (661ms)
			LoadAssemblies (60ms)
			RebuildTransferFunctionScriptingTraits (0ms)
			SetupTypeCache (200ms)
			ReleaseScriptCaches (2ms)
			RebuildScriptCaches (33ms)
			SetupLoadedEditorAssemblies (324ms)
				LogAssemblyErrors (0ms)
				InitializePlatformSupportModulesInManaged (19ms)
				SetLoadedEditorAssemblies (0ms)
				RefreshPlugins (2ms)
				BeforeProcessingInitializeOnLoad (69ms)
				ProcessInitializeOnLoadAttributes (206ms)
				ProcessInitializeOnLoadMethodAttributes (23ms)
				AfterProcessingInitializeOnLoad (5ms)
				EditorAssembliesLoaded (0ms)
			ExecutionOrderSort2 (0ms)
			AwakeInstancesAfterBackupRestoration (5ms)
Platform modules already initialized, skipping
Shader Custom/UnlitShadow uses undefined Queue: 'Opaque'
Shader Custom/UnlitShadow uses undefined Queue: 'Opaque'
Refreshing native plugins compatible for Editor in 2.04 ms, found 3 plugins.
Preloading 0 native plugins for Editor in 0.00 ms.
Unloading 4086 Unused Serialized files (Serialized files now loaded: 0)
Unloading 35 unused Assets / (1.4 MB). Loaded Objects now: 4760.
Memory consumption went from 257.4 MB to 256.0 MB.
Total: 5.939800 ms (FindLiveObjects: 0.522300 ms CreateObjectMapping: 0.173700 ms MarkObjects: 4.786900 ms  DeleteObjects: 0.455800 ms)

AssetImportParameters requested are different than current active one (requested -> active):
  custom:video-decoder-ogg-theora: a1e56fd34408186e4bbccfd4996cb3dc -> 
  custom:container-muxer-webm: aa71ff27fc2769a1b78a27578f13a17b -> 
  custom:container-demuxer-webm: 4f35f7cbe854078d1ac9338744f61a02 -> 
  custom:video-encoder-webm-vp8: eb34c28f22e8b96e1ab97ce403110664 -> 
  custom:audio-encoder-webm-vorbis: bf7c407c2cedff20999df2af8eb42d56 -> 
  custom:framework-win-MediaFoundation: 216162199b28c13a410421893ffa2e32 -> 
  custom:container-demuxer-ogg: 62fdf1f143b41e24485cea50d1cbac27 -> 
  custom:video-decoder-webm-vp8: 9c59270c3fd7afecdb556c50c9e8de78 -> 
  custom:audio-decoder-ogg-vorbis: bf7c407c2cedff20999df2af8eb42d56 -> 
========================================================================
Received Import Request.
  Time since last request: 39.340338 seconds.
  path: Assets/Prefabs/Magic/Invisibility.prefab
  artifactKey: Guid(c9d01d0e78abf4046b0178d19a62b455) Importer(815301076,1909f56bfc062723c751e8b465ee728b)
Start importing Assets/Prefabs/Magic/Invisibility.prefab using Guid(c9d01d0e78abf4046b0178d19a62b455) Importer(815301076,1909f56bfc062723c751e8b465ee728b)  -> (artifact id: 'ddb47c4d92ba46fafabcbfee3853315f') in 0.059637 seconds 
========================================================================
Received Prepare
Registering precompiled user dll's ...
Registered in 0.003977 seconds.
Begin MonoManager ReloadAssembly
Symbol file LoadedFromMemory doesn't match image O:\MSc AI\Dissertation-Project\RPG\Library\PackageCache\com.unity.visualscripting@1.7.8\Editor\VisualScripting.Core\Dependencies\YamlDotNet\Unity.VisualScripting.YamlDotNet.dll
Symbol file LoadedFromMemory doesn't match image O:\MSc AI\Dissertation-Project\RPG\Library\PackageCache\com.unity.visualscripting@1.7.8\Editor\VisualScripting.Core\Dependencies\DotNetZip\Unity.VisualScripting.IonicZip.dll
Native extension for WindowsStandalone target not found
Native extension for OSXStandalone target not found
Refreshing native plugins compatible for Editor in 1.30 ms, found 3 plugins.
Preloading 0 native plugins for Editor in 0.00 ms.
Mono: successfully reloaded assembly
- Completed reload, in  0.831 seconds
Domain Reload Profiling:
	ReloadAssembly (832ms)
		BeginReloadAssembly (112ms)
			ExecutionOrderSort (0ms)
			DisableScriptedObjects (3ms)
			BackupInstance (0ms)
			ReleaseScriptingObjects (0ms)
			CreateAndSetChildDomain (39ms)
		EndReloadAssembly (643ms)
			LoadAssemblies (60ms)
			RebuildTransferFunctionScriptingTraits (0ms)
			SetupTypeCache (192ms)
			ReleaseScriptCaches (2ms)
			RebuildScriptCaches (33ms)
			SetupLoadedEditorAssemblies (304ms)
				LogAssemblyErrors (0ms)
				InitializePlatformSupportModulesInManaged (15ms)
				SetLoadedEditorAssemblies (1ms)
				RefreshPlugins (1ms)
				BeforeProcessingInitializeOnLoad (56ms)
				ProcessInitializeOnLoadAttributes (203ms)
				ProcessInitializeOnLoadMethodAttributes (22ms)
				AfterProcessingInitializeOnLoad (7ms)
				EditorAssembliesLoaded (0ms)
			ExecutionOrderSort2 (0ms)
			AwakeInstancesAfterBackupRestoration (5ms)
Platform modules already initialized, skipping
Shader Custom/UnlitShadow uses undefined Queue: 'Opaque'
Shader Custom/UnlitShadow uses undefined Queue: 'Opaque'
Refreshing native plugins compatible for Editor in 2.62 ms, found 3 plugins.
Preloading 0 native plugins for Editor in 0.00 ms.
Unloading 4086 Unused Serialized files (Serialized files now loaded: 0)
Unloading 35 unused Assets / (1.4 MB). Loaded Objects now: 4775.
Memory consumption went from 257.4 MB to 256.0 MB.
Total: 3.768700 ms (FindLiveObjects: 0.467000 ms CreateObjectMapping: 0.103300 ms MarkObjects: 2.811000 ms  DeleteObjects: 0.386400 ms)

AssetImportParameters requested are different than current active one (requested -> active):
  custom:video-decoder-ogg-theora: a1e56fd34408186e4bbccfd4996cb3dc -> 
  custom:container-muxer-webm: aa71ff27fc2769a1b78a27578f13a17b -> 
  custom:container-demuxer-webm: 4f35f7cbe854078d1ac9338744f61a02 -> 
  custom:video-encoder-webm-vp8: eb34c28f22e8b96e1ab97ce403110664 -> 
  custom:audio-encoder-webm-vorbis: bf7c407c2cedff20999df2af8eb42d56 -> 
  custom:framework-win-MediaFoundation: 216162199b28c13a410421893ffa2e32 -> 
  custom:container-demuxer-ogg: 62fdf1f143b41e24485cea50d1cbac27 -> 
  custom:video-decoder-webm-vp8: 9c59270c3fd7afecdb556c50c9e8de78 -> 
  custom:audio-decoder-ogg-vorbis: bf7c407c2cedff20999df2af8eb42d56 -> 
========================================================================
Received Prepare
Registering precompiled user dll's ...
Registered in 0.002911 seconds.
Begin MonoManager ReloadAssembly
Symbol file LoadedFromMemory doesn't match image O:\MSc AI\Dissertation-Project\RPG\Library\PackageCache\com.unity.visualscripting@1.7.8\Editor\VisualScripting.Core\Dependencies\YamlDotNet\Unity.VisualScripting.YamlDotNet.dll
Symbol file LoadedFromMemory doesn't match image O:\MSc AI\Dissertation-Project\RPG\Library\PackageCache\com.unity.visualscripting@1.7.8\Editor\VisualScripting.Core\Dependencies\DotNetZip\Unity.VisualScripting.IonicZip.dll
Native extension for WindowsStandalone target not found
Native extension for OSXStandalone target not found
Refreshing native plugins compatible for Editor in 1.97 ms, found 3 plugins.
Preloading 0 native plugins for Editor in 0.00 ms.
Mono: successfully reloaded assembly
- Completed reload, in  0.838 seconds
Domain Reload Profiling:
	ReloadAssembly (839ms)
		BeginReloadAssembly (112ms)
			ExecutionOrderSort (0ms)
			DisableScriptedObjects (3ms)
			BackupInstance (0ms)
			ReleaseScriptingObjects (0ms)
			CreateAndSetChildDomain (34ms)
		EndReloadAssembly (649ms)
			LoadAssemblies (62ms)
			RebuildTransferFunctionScriptingTraits (0ms)
			SetupTypeCache (190ms)
			ReleaseScriptCaches (1ms)
			RebuildScriptCaches (33ms)
			SetupLoadedEditorAssemblies (335ms)
				LogAssemblyErrors (0ms)
				InitializePlatformSupportModulesInManaged (15ms)
				SetLoadedEditorAssemblies (1ms)
				RefreshPlugins (2ms)
				BeforeProcessingInitializeOnLoad (78ms)
				ProcessInitializeOnLoadAttributes (212ms)
				ProcessInitializeOnLoadMethodAttributes (22ms)
				AfterProcessingInitializeOnLoad (5ms)
				EditorAssembliesLoaded (0ms)
			ExecutionOrderSort2 (0ms)
			AwakeInstancesAfterBackupRestoration (4ms)
Platform modules already initialized, skipping
Shader Custom/UnlitShadow uses undefined Queue: 'Opaque'
Shader Custom/UnlitShadow uses undefined Queue: 'Opaque'
Refreshing native plugins compatible for Editor in 2.01 ms, found 3 plugins.
Preloading 0 native plugins for Editor in 0.00 ms.
Unloading 4086 Unused Serialized files (Serialized files now loaded: 0)
Unloading 34 unused Assets / (1.4 MB). Loaded Objects now: 4790.
Memory consumption went from 257.4 MB to 256.0 MB.
Total: 3.452100 ms (FindLiveObjects: 0.322700 ms CreateObjectMapping: 0.108600 ms MarkObjects: 2.669900 ms  DeleteObjects: 0.350000 ms)

AssetImportParameters requested are different than current active one (requested -> active):
  custom:video-decoder-ogg-theora: a1e56fd34408186e4bbccfd4996cb3dc -> 
  custom:container-muxer-webm: aa71ff27fc2769a1b78a27578f13a17b -> 
  custom:container-demuxer-webm: 4f35f7cbe854078d1ac9338744f61a02 -> 
  custom:video-encoder-webm-vp8: eb34c28f22e8b96e1ab97ce403110664 -> 
  custom:audio-encoder-webm-vorbis: bf7c407c2cedff20999df2af8eb42d56 -> 
  custom:framework-win-MediaFoundation: 216162199b28c13a410421893ffa2e32 -> 
  custom:container-demuxer-ogg: 62fdf1f143b41e24485cea50d1cbac27 -> 
  custom:video-decoder-webm-vp8: 9c59270c3fd7afecdb556c50c9e8de78 -> 
  custom:audio-decoder-ogg-vorbis: bf7c407c2cedff20999df2af8eb42d56 -> 
========================================================================
Received Import Request.
  Time since last request: 115.208605 seconds.
  path: Assets/Audio/AudioMixer.mixer
  artifactKey: Guid(60403098468d6034e938ec81368aae2c) Importer(815301076,1909f56bfc062723c751e8b465ee728b)
Start importing Assets/Audio/AudioMixer.mixer using Guid(60403098468d6034e938ec81368aae2c) Importer(815301076,1909f56bfc062723c751e8b465ee728b)  -> (artifact id: 'c6cc0c15afc60d192a216be46aef03d0') in 0.034958 seconds 
========================================================================
Received Import Request.
  Time since last request: 4.770749 seconds.
  path: Assets/Scripts
  artifactKey: Guid(cf9f58592a545864b922bf41520c4ac2) Importer(815301076,1909f56bfc062723c751e8b465ee728b)
Start importing Assets/Scripts using Guid(cf9f58592a545864b922bf41520c4ac2) Importer(815301076,1909f56bfc062723c751e8b465ee728b)  -> (artifact id: '2fd4e5792ce25356f45a4ecc55f1d691') in 0.004215 seconds 
========================================================================
Received Import Request.
  Time since last request: 2.630752 seconds.
  path: Assets/Sprites
  artifactKey: Guid(3d9f61db77e4eba4e935113481b42aa1) Importer(815301076,1909f56bfc062723c751e8b465ee728b)
Start importing Assets/Sprites using Guid(3d9f61db77e4eba4e935113481b42aa1) Importer(815301076,1909f56bfc062723c751e8b465ee728b)  -> (artifact id: '288a9f6112d80d8b0deef30c041974c5') in 0.004283 seconds 
========================================================================
Received Import Request.
  Time since last request: 2.998719 seconds.
  path: Assets/Sprites/Music
  artifactKey: Guid(d0e2393aa70c52d4595eeaa5f4d5b1fe) Importer(815301076,1909f56bfc062723c751e8b465ee728b)
Start importing Assets/Sprites/Music using Guid(d0e2393aa70c52d4595eeaa5f4d5b1fe) Importer(815301076,1909f56bfc062723c751e8b465ee728b)  -> (artifact id: '7e18db160a2af694ce98650792ee0cbb') in 0.005166 seconds 
========================================================================
Received Import Request.
  Time since last request: 1.574479 seconds.
  path: Assets/Sprites/Music/Fantasy Music Collection Lite
  artifactKey: Guid(cb59d494efdf8d546bf53e15834554a1) Importer(815301076,1909f56bfc062723c751e8b465ee728b)
Start importing Assets/Sprites/Music/Fantasy Music Collection Lite using Guid(cb59d494efdf8d546bf53e15834554a1) Importer(815301076,1909f56bfc062723c751e8b465ee728b)  -> (artifact id: '0aeb57c8a09432cd29f030f5ad153209') in 0.004500 seconds 
========================================================================
Received Import Request.
  Time since last request: 0.047856 seconds.
  path: Assets/Sprites/Music/Fantasy Music Collection Lite/cursed_krypta_minimum_loop.wav
  artifactKey: Guid(6a07dc99e42ef3642b1081beddb5f417) Importer(815301076,1909f56bfc062723c751e8b465ee728b)
Start importing Assets/Sprites/Music/Fantasy Music Collection Lite/cursed_krypta_minimum_loop.wav using Guid(6a07dc99e42ef3642b1081beddb5f417) Importer(815301076,1909f56bfc062723c751e8b465ee728b)  -> (artifact id: 'd4a63bd21256371b9a662fba91c2a933') in 0.087663 seconds 
========================================================================
Received Import Request.
  Time since last request: 0.000025 seconds.
  path: Assets/Sprites/Music/Fantasy Music Collection Lite/frozen_lands_short_loop.wav
  artifactKey: Guid(0a1069c923eaad143aa6eda2873c21d5) Importer(815301076,1909f56bfc062723c751e8b465ee728b)
Start importing Assets/Sprites/Music/Fantasy Music Collection Lite/frozen_lands_short_loop.wav using Guid(0a1069c923eaad143aa6eda2873c21d5) Importer(815301076,1909f56bfc062723c751e8b465ee728b)  -> (artifact id: '892fd7eed04591c57c7e7d7397d29cec') in 0.019466 seconds 
========================================================================
Received Import Request.
  Time since last request: 0.000021 seconds.
  path: Assets/Sprites/Music/Fantasy Music Collection Lite/natural_cave_loop.wav
  artifactKey: Guid(8d87a71e43a441747914899c420b4826) Importer(815301076,1909f56bfc062723c751e8b465ee728b)
Start importing Assets/Sprites/Music/Fantasy Music Collection Lite/natural_cave_loop.wav using Guid(8d87a71e43a441747914899c420b4826) Importer(815301076,1909f56bfc062723c751e8b465ee728b)  -> (artifact id: '1a0cfbdc7e76146e405fbf8f5aebd6e0') in 0.016389 seconds 
========================================================================
Received Import Request.
  Time since last request: 0.000040 seconds.
  path: Assets/Sprites/Music/Fantasy Music Collection Lite/lower_cavern_loop.wav
  artifactKey: Guid(3fc0fc27ebf04834baa4edb20a405aef) Importer(815301076,1909f56bfc062723c751e8b465ee728b)
Start importing Assets/Sprites/Music/Fantasy Music Collection Lite/lower_cavern_loop.wav using Guid(3fc0fc27ebf04834baa4edb20a405aef) Importer(815301076,1909f56bfc062723c751e8b465ee728b)  -> (artifact id: 'a27cb0b27c5cabe5e7f19f691e9438d3') in 0.016369 seconds 
========================================================================
Received Import Request.
  Time since last request: 0.000020 seconds.
  path: Assets/Sprites/Music/Fantasy Music Collection Lite/grassland_short_loop.wav
  artifactKey: Guid(bead0199fb2cd8d40832fcf68aeefc5f) Importer(815301076,1909f56bfc062723c751e8b465ee728b)
Start importing Assets/Sprites/Music/Fantasy Music Collection Lite/grassland_short_loop.wav using Guid(bead0199fb2cd8d40832fcf68aeefc5f) Importer(815301076,1909f56bfc062723c751e8b465ee728b)  -> (artifact id: '568f5719aa7e0f427d0184c36434e9ab') in 0.017830 seconds 
========================================================================
Received Import Request.
  Time since last request: 4.008613 seconds.
  path: Assets/Sprites/Music/Fantasy Sfx
  artifactKey: Guid(3549fa2e4722938469c1c0304dbf5020) Importer(815301076,1909f56bfc062723c751e8b465ee728b)
Start importing Assets/Sprites/Music/Fantasy Sfx using Guid(3549fa2e4722938469c1c0304dbf5020) Importer(815301076,1909f56bfc062723c751e8b465ee728b)  -> (artifact id: '318261abed166befbb90b72326aa842b') in 0.004713 seconds 
========================================================================
Received Import Request.
  Time since last request: 3.085912 seconds.
  path: Assets/Sprites/Music/Fantasy Sfx/Wav
  artifactKey: Guid(1e2fe7b54e3ca7843bc4873835beb19e) Importer(815301076,1909f56bfc062723c751e8b465ee728b)
Start importing Assets/Sprites/Music/Fantasy Sfx/Wav using Guid(1e2fe7b54e3ca7843bc4873835beb19e) Importer(815301076,1909f56bfc062723c751e8b465ee728b)  -> (artifact id: '8e7a0658994a27cbeadfb290df19f59d') in 0.004353 seconds 
========================================================================
Received Import Request.
  Time since last request: 0.045019 seconds.
  path: Assets/Sprites/Music/Fantasy Sfx/Wav/Ambience_Cave_00.wav
  artifactKey: Guid(f74396619b7154fa5a38a1959cfa67ae) Importer(815301076,1909f56bfc062723c751e8b465ee728b)
Start importing Assets/Sprites/Music/Fantasy Sfx/Wav/Ambience_Cave_00.wav using Guid(f74396619b7154fa5a38a1959cfa67ae) Importer(815301076,1909f56bfc062723c751e8b465ee728b)  -> (artifact id: '1b438984fa4b097ca9820fe768d3956b') in 0.019106 seconds 
========================================================================
Received Import Request.
  Time since last request: 0.000022 seconds.
  path: Assets/Sprites/Music/Fantasy Sfx/Wav/Inventory_Open_01.wav
  artifactKey: Guid(914a4a2a124d040df96bf13308aadc2e) Importer(815301076,1909f56bfc062723c751e8b465ee728b)
Start importing Assets/Sprites/Music/Fantasy Sfx/Wav/Inventory_Open_01.wav using Guid(914a4a2a124d040df96bf13308aadc2e) Importer(815301076,1909f56bfc062723c751e8b465ee728b)  -> (artifact id: 'cf81e5e4dc3a4ecc38a0862b3433a2a0') in 0.019883 seconds 
========================================================================
Received Import Request.
  Time since last request: 0.000017 seconds.
  path: Assets/Sprites/Music/Fantasy Sfx/Wav/Spell_04.wav
  artifactKey: Guid(a03a8831d95ef44a2b870d4b4850f7d0) Importer(815301076,1909f56bfc062723c751e8b465ee728b)
Start importing Assets/Sprites/Music/Fantasy Sfx/Wav/Spell_04.wav using Guid(a03a8831d95ef44a2b870d4b4850f7d0) Importer(815301076,1909f56bfc062723c751e8b465ee728b)  -> (artifact id: 'b355cff00ab50565ff9c4676a2abda39') in 0.017494 seconds 
========================================================================
Received Import Request.
  Time since last request: 0.000023 seconds.
  path: Assets/Sprites/Music/Fantasy Sfx/Wav/Jingle_Lose_00.wav
  artifactKey: Guid(2135b07382ab043e3a8947ca810d9bfa) Importer(815301076,1909f56bfc062723c751e8b465ee728b)
Start importing Assets/Sprites/Music/Fantasy Sfx/Wav/Jingle_Lose_00.wav using Guid(2135b07382ab043e3a8947ca810d9bfa) Importer(815301076,1909f56bfc062723c751e8b465ee728b)  -> (artifact id: '6df9d3eea1fd1a6d7194c5ae51818055') in 0.014771 seconds 
========================================================================
Received Import Request.
  Time since last request: 0.000040 seconds.
  path: Assets/Sprites/Music/Fantasy Sfx/Wav/Goblin_04.wav
  artifactKey: Guid(b1e15b00e5c084b14b2fee5b2f708e7d) Importer(815301076,1909f56bfc062723c751e8b465ee728b)
Start importing Assets/Sprites/Music/Fantasy Sfx/Wav/Goblin_04.wav using Guid(b1e15b00e5c084b14b2fee5b2f708e7d) Importer(815301076,1909f56bfc062723c751e8b465ee728b)  -> (artifact id: 'c48abd07159c5c584efe8d88a4e78d2b') in 0.014796 seconds 
========================================================================
Received Import Request.
  Time since last request: 0.000020 seconds.
  path: Assets/Sprites/Music/Fantasy Sfx/Wav/Spell_00.wav
  artifactKey: Guid(61e73f3e692c640eb9f9c7ee724ac862) Importer(815301076,1909f56bfc062723c751e8b465ee728b)
Start importing Assets/Sprites/Music/Fantasy Sfx/Wav/Spell_00.wav using Guid(61e73f3e692c640eb9f9c7ee724ac862) Importer(815301076,1909f56bfc062723c751e8b465ee728b)  -> (artifact id: '262b0ecca29e94e4be38baf83c8d5ad0') in 0.014362 seconds 
========================================================================
Received Import Request.
  Time since last request: 0.000018 seconds.
  path: Assets/Sprites/Music/Fantasy Sfx/Wav/Pickup_Gold_03.wav
  artifactKey: Guid(a6b96b8ff0a354589a034b674322e457) Importer(815301076,1909f56bfc062723c751e8b465ee728b)
Start importing Assets/Sprites/Music/Fantasy Sfx/Wav/Pickup_Gold_03.wav using Guid(a6b96b8ff0a354589a034b674322e457) Importer(815301076,1909f56bfc062723c751e8b465ee728b)  -> (artifact id: '3f5e6a05d6fd127a420430488cfdb719') in 0.015542 seconds 
========================================================================
Received Import Request.
  Time since last request: 0.000020 seconds.
  path: Assets/Sprites/Music/Fantasy Sfx/Wav/Trap_01.wav
  artifactKey: Guid(d4a7952ebb861462b92df5cdbb5177e0) Importer(815301076,1909f56bfc062723c751e8b465ee728b)
Start importing Assets/Sprites/Music/Fantasy Sfx/Wav/Trap_01.wav using Guid(d4a7952ebb861462b92df5cdbb5177e0) Importer(815301076,1909f56bfc062723c751e8b465ee728b)  -> (artifact id: 'd96830239b2954bab5d7f5fa0f49b4a7') in 0.016399 seconds 
========================================================================
Received Import Request.
  Time since last request: 0.000019 seconds.
  path: Assets/Sprites/Music/Fantasy Sfx/Wav/Inventory_Open_00.wav
  artifactKey: Guid(ca056d4afe5e74498a0798f16e0e866d) Importer(815301076,1909f56bfc062723c751e8b465ee728b)
Start importing Assets/Sprites/Music/Fantasy Sfx/Wav/Inventory_Open_00.wav using Guid(ca056d4afe5e74498a0798f16e0e866d) Importer(815301076,1909f56bfc062723c751e8b465ee728b)  -> (artifact id: '7f2af2c594d6e7c2b0087b1fa1f3fbd9') in 0.017482 seconds 
========================================================================
Received Import Request.
  Time since last request: 0.000021 seconds.
  path: Assets/Sprites/Music/Fantasy Sfx/Wav/Goblin_00.wav
  artifactKey: Guid(2bffc6a78a1534549a1ab2124a23ea39) Importer(815301076,1909f56bfc062723c751e8b465ee728b)
Start importing Assets/Sprites/Music/Fantasy Sfx/Wav/Goblin_00.wav using Guid(2bffc6a78a1534549a1ab2124a23ea39) Importer(815301076,1909f56bfc062723c751e8b465ee728b)  -> (artifact id: 'cd5a2e077887bf244d0fbe98dde7c144') in 0.015448 seconds 
========================================================================
Received Import Request.
  Time since last request: 45.628123 seconds.
  path: Assets/Sprites/Music/Fantasy Sfx/Wav/Footsteps
  artifactKey: Guid(7170370204bc9ff429a866cb70c0483e) Importer(815301076,1909f56bfc062723c751e8b465ee728b)
Start importing Assets/Sprites/Music/Fantasy Sfx/Wav/Footsteps using Guid(7170370204bc9ff429a866cb70c0483e) Importer(815301076,1909f56bfc062723c751e8b465ee728b)  -> (artifact id: '11054e7f9b52d8dd0309d2ab28dcd44b') in 0.004490 seconds 
========================================================================
Received Import Request.
  Time since last request: 1.656796 seconds.
  path: Assets/Sprites/Music/Fantasy Sfx/Mp3
  artifactKey: Guid(d94de91d4f229a448b251b6b4cf1ee8b) Importer(815301076,1909f56bfc062723c751e8b465ee728b)
Start importing Assets/Sprites/Music/Fantasy Sfx/Mp3 using Guid(d94de91d4f229a448b251b6b4cf1ee8b) Importer(815301076,1909f56bfc062723c751e8b465ee728b)  -> (artifact id: '5468a4b45f2b11d78aab874d767b0813') in 0.004779 seconds 
========================================================================
Received Import Request.
  Time since last request: 0.061832 seconds.
  path: Assets/Sprites/Music/Fantasy Sfx/Mp3/Ambience_Cave_00.mp3
  artifactKey: Guid(dff547ca933eb4d72a80bbb104e16ab7) Importer(815301076,1909f56bfc062723c751e8b465ee728b)
Start importing Assets/Sprites/Music/Fantasy Sfx/Mp3/Ambience_Cave_00.mp3 using Guid(dff547ca933eb4d72a80bbb104e16ab7) Importer(815301076,1909f56bfc062723c751e8b465ee728b)  -> (artifact id: '1db9c43fccf3721c6507b4b38375124f') in 0.013970 seconds 
========================================================================
Received Import Request.
  Time since last request: 0.000021 seconds.
  path: Assets/Sprites/Music/Fantasy Sfx/Mp3/Spell_02.mp3
  artifactKey: Guid(7743889c22ea9472a895ecd63b2bb221) Importer(815301076,1909f56bfc062723c751e8b465ee728b)
Start importing Assets/Sprites/Music/Fantasy Sfx/Mp3/Spell_02.mp3 using Guid(7743889c22ea9472a895ecd63b2bb221) Importer(815301076,1909f56bfc062723c751e8b465ee728b)  -> (artifact id: '12252ed87815df13bc8e62b3c710c4cf') in 0.014456 seconds 
========================================================================
Received Import Request.
  Time since last request: 0.000023 seconds.
  path: Assets/Sprites/Music/Fantasy Sfx/Mp3/Inventory_Open_01.mp3
  artifactKey: Guid(b7db7ff580d9848ed8f011953f466b66) Importer(815301076,1909f56bfc062723c751e8b465ee728b)
Start importing Assets/Sprites/Music/Fantasy Sfx/Mp3/Inventory_Open_01.mp3 using Guid(b7db7ff580d9848ed8f011953f466b66) Importer(815301076,1909f56bfc062723c751e8b465ee728b)  -> (artifact id: 'c8bb6f9698bbdb883079e2a0886533c8') in 0.015929 seconds 
========================================================================
Received Import Request.
  Time since last request: 0.000018 seconds.
  path: Assets/Sprites/Music/Fantasy Sfx/Mp3/Pickup_Gold_00.mp3
  artifactKey: Guid(0f579092c76764d8e8df04853e9a2c13) Importer(815301076,1909f56bfc062723c751e8b465ee728b)
Start importing Assets/Sprites/Music/Fantasy Sfx/Mp3/Pickup_Gold_00.mp3 using Guid(0f579092c76764d8e8df04853e9a2c13) Importer(815301076,1909f56bfc062723c751e8b465ee728b)  -> (artifact id: '6da8a13f6d54b1068a91aa2db6d9edde') in 0.015535 seconds 
========================================================================
Received Import Request.
  Time since last request: 0.000023 seconds.
  path: Assets/Sprites/Music/Fantasy Sfx/Mp3/Trap_00.mp3
  artifactKey: Guid(e44bb15d0be184e228244208f1a94e2c) Importer(815301076,1909f56bfc062723c751e8b465ee728b)
Start importing Assets/Sprites/Music/Fantasy Sfx/Mp3/Trap_00.mp3 using Guid(e44bb15d0be184e228244208f1a94e2c) Importer(815301076,1909f56bfc062723c751e8b465ee728b)  -> (artifact id: 'fb86534129113563fe60260ff19b939c') in 0.012783 seconds 
========================================================================
Received Import Request.
  Time since last request: 0.000023 seconds.
  path: Assets/Sprites/Music/Fantasy Sfx/Mp3/Jingle_Achievement_00.mp3
  artifactKey: Guid(aa348f776c7354f36917fef10c6b48d1) Importer(815301076,1909f56bfc062723c751e8b465ee728b)
Start importing Assets/Sprites/Music/Fantasy Sfx/Mp3/Jingle_Achievement_00.mp3 using Guid(aa348f776c7354f36917fef10c6b48d1) Importer(815301076,1909f56bfc062723c751e8b465ee728b)  -> (artifact id: 'e943dbcd5235ba2db0183171955a88fe') in 0.017253 seconds 
========================================================================
Received Import Request.
  Time since last request: 0.000022 seconds.
  path: Assets/Sprites/Music/Fantasy Sfx/Mp3/Goblin_00.mp3
  artifactKey: Guid(0d3def65994b84d04b8791e02beb2391) Importer(815301076,1909f56bfc062723c751e8b465ee728b)
Start importing Assets/Sprites/Music/Fantasy Sfx/Mp3/Goblin_00.mp3 using Guid(0d3def65994b84d04b8791e02beb2391) Importer(815301076,1909f56bfc062723c751e8b465ee728b)  -> (artifact id: 'c111758248d7c021edce5e471825dcd9') in 0.014188 seconds 
========================================================================
Received Import Request.
  Time since last request: 0.000024 seconds.
  path: Assets/Sprites/Music/Fantasy Sfx/Mp3/Trap_02.mp3
  artifactKey: Guid(1078039422a884908b82570ba0bfb6cd) Importer(815301076,1909f56bfc062723c751e8b465ee728b)
Start importing Assets/Sprites/Music/Fantasy Sfx/Mp3/Trap_02.mp3 using Guid(1078039422a884908b82570ba0bfb6cd) Importer(815301076,1909f56bfc062723c751e8b465ee728b)  -> (artifact id: 'a522db2f96ab208ec6d753ecdd44e61b') in 0.014277 seconds 
========================================================================
Received Import Request.
  Time since last request: 0.000023 seconds.
  path: Assets/Sprites/Music/Fantasy Sfx/Mp3/Jingle_Lose_00.mp3
  artifactKey: Guid(2f07c3b7706a64f489133201c2342886) Importer(815301076,1909f56bfc062723c751e8b465ee728b)
Start importing Assets/Sprites/Music/Fantasy Sfx/Mp3/Jingle_Lose_00.mp3 using Guid(2f07c3b7706a64f489133201c2342886) Importer(815301076,1909f56bfc062723c751e8b465ee728b)  -> (artifact id: '8c3091ac69e47cdce5ea4eeb9d42962f') in 0.014427 seconds 
========================================================================
Received Import Request.
  Time since last request: 1.856890 seconds.
  path: Assets/Sprites/Music/Fantasy Sfx/Mp3/Footsteps
  artifactKey: Guid(8ef3d74aa75f7b843a26f553f202489d) Importer(815301076,1909f56bfc062723c751e8b465ee728b)
Start importing Assets/Sprites/Music/Fantasy Sfx/Mp3/Footsteps using Guid(8ef3d74aa75f7b843a26f553f202489d) Importer(815301076,1909f56bfc062723c751e8b465ee728b)  -> (artifact id: 'dc576524e0553204f23d0f5a1cc3ad61') in 0.002002 seconds 
========================================================================
Received Import Request.
  Time since last request: 1.813110 seconds.
  path: Assets/Sprites/Music/Monster SFX - 111518
  artifactKey: Guid(49eb92f47936de44fba687086d44456a) Importer(815301076,1909f56bfc062723c751e8b465ee728b)
Start importing Assets/Sprites/Music/Monster SFX - 111518 using Guid(49eb92f47936de44fba687086d44456a) Importer(815301076,1909f56bfc062723c751e8b465ee728b)  -> (artifact id: '1f2bb1c7133df4465bac3c87a5fdbc7e') in 0.004877 seconds 
========================================================================
Received Import Request.
  Time since last request: 0.882768 seconds.
  path: Assets/Sprites/Music/Monster SFX - 111518/monster
  artifactKey: Guid(fb99660f00edd71438151ee31b4623f7) Importer(815301076,1909f56bfc062723c751e8b465ee728b)
Start importing Assets/Sprites/Music/Monster SFX - 111518/monster using Guid(fb99660f00edd71438151ee31b4623f7) Importer(815301076,1909f56bfc062723c751e8b465ee728b)  -> (artifact id: 'b7d4383f0a967b9c8a4274e1347030be') in 0.004317 seconds 
========================================================================
Received Import Request.
  Time since last request: 1.095216 seconds.
  path: Assets/Sprites/Music/Monster SFX - 111518/monster/bird
  artifactKey: Guid(d3f79a0a1f3029f42a3ce9bb89dc77e4) Importer(815301076,1909f56bfc062723c751e8b465ee728b)
Start importing Assets/Sprites/Music/Monster SFX - 111518/monster/bird using Guid(d3f79a0a1f3029f42a3ce9bb89dc77e4) Importer(815301076,1909f56bfc062723c751e8b465ee728b)  -> (artifact id: '29615ded13beb32b5626ba0b8666aba9') in 0.004706 seconds 
========================================================================
Received Import Request.
  Time since last request: 0.032679 seconds.
  path: Assets/Sprites/Music/Monster SFX - 111518/monster/bird/bird1.wav
  artifactKey: Guid(6caf1d491fac9924a8aa9f3269cca80a) Importer(815301076,1909f56bfc062723c751e8b465ee728b)
Start importing Assets/Sprites/Music/Monster SFX - 111518/monster/bird/bird1.wav using Guid(6caf1d491fac9924a8aa9f3269cca80a) Importer(815301076,1909f56bfc062723c751e8b465ee728b)  -> (artifact id: 'f2526a8920d67ddabaa02aaccee99ee8') in 0.014561 seconds 
========================================================================
Received Import Request.
  Time since last request: 0.000021 seconds.
  path: Assets/Sprites/Music/Monster SFX - 111518/monster/bird/bird2atk.wav
  artifactKey: Guid(96b45f13372d54f4385c6aa8483a1d82) Importer(815301076,1909f56bfc062723c751e8b465ee728b)
Start importing Assets/Sprites/Music/Monster SFX - 111518/monster/bird/bird2atk.wav using Guid(96b45f13372d54f4385c6aa8483a1d82) Importer(815301076,1909f56bfc062723c751e8b465ee728b)  -> (artifact id: 'f184c4070cf46c8a2ab96378b5f72625') in 0.016070 seconds 
========================================================================
Received Import Request.
  Time since last request: 0.000022 seconds.
  path: Assets/Sprites/Music/Monster SFX - 111518/monster/bird/bird2.wav
  artifactKey: Guid(fb0b5cc1bb0d3e84b81025435dc7c624) Importer(815301076,1909f56bfc062723c751e8b465ee728b)
Start importing Assets/Sprites/Music/Monster SFX - 111518/monster/bird/bird2.wav using Guid(fb0b5cc1bb0d3e84b81025435dc7c624) Importer(815301076,1909f56bfc062723c751e8b465ee728b)  -> (artifact id: '6f5e26e9b9aca339387716fa3ebba9f8') in 0.015746 seconds 
========================================================================
Received Import Request.
  Time since last request: 0.000018 seconds.
  path: Assets/Sprites/Music/Monster SFX - 111518/monster/bird/bird3.wav
  artifactKey: Guid(cf9765ca9ec1f1346a6b62e8c5afd8d2) Importer(815301076,1909f56bfc062723c751e8b465ee728b)
Start importing Assets/Sprites/Music/Monster SFX - 111518/monster/bird/bird3.wav using Guid(cf9765ca9ec1f1346a6b62e8c5afd8d2) Importer(815301076,1909f56bfc062723c751e8b465ee728b)  -> (artifact id: 'a25aac7ef0bbbb14ab1dd190ad88919d') in 0.011778 seconds 
========================================================================
Received Import Request.
  Time since last request: 0.000032 seconds.
  path: Assets/Sprites/Music/Monster SFX - 111518/monster/bird/bird5die.wav
  artifactKey: Guid(ce20bcdccd1779649bcc502f08dfb8c7) Importer(815301076,1909f56bfc062723c751e8b465ee728b)
Start importing Assets/Sprites/Music/Monster SFX - 111518/monster/bird/bird5die.wav using Guid(ce20bcdccd1779649bcc502f08dfb8c7) Importer(815301076,1909f56bfc062723c751e8b465ee728b)  -> (artifact id: '525174f05f7ae1d90a3c06e499d715a9') in 0.016016 seconds 
========================================================================
Received Import Request.
  Time since last request: 0.000018 seconds.
  path: Assets/Sprites/Music/Monster SFX - 111518/monster/bird/bird2die.wav
  artifactKey: Guid(c430a20dd5602c745b454215888bd038) Importer(815301076,1909f56bfc062723c751e8b465ee728b)
Start importing Assets/Sprites/Music/Monster SFX - 111518/monster/bird/bird2die.wav using Guid(c430a20dd5602c745b454215888bd038) Importer(815301076,1909f56bfc062723c751e8b465ee728b)  -> (artifact id: '625e1183cddaa9d92b5c9b3effa3db84') in 0.016905 seconds 
========================================================================
Received Prepare
Registering precompiled user dll's ...
Registered in 0.003093 seconds.
Begin MonoManager ReloadAssembly
Symbol file LoadedFromMemory doesn't match image O:\MSc AI\Dissertation-Project\RPG\Library\PackageCache\com.unity.visualscripting@1.7.8\Editor\VisualScripting.Core\Dependencies\YamlDotNet\Unity.VisualScripting.YamlDotNet.dll
Symbol file LoadedFromMemory doesn't match image O:\MSc AI\Dissertation-Project\RPG\Library\PackageCache\com.unity.visualscripting@1.7.8\Editor\VisualScripting.Core\Dependencies\DotNetZip\Unity.VisualScripting.IonicZip.dll
Native extension for WindowsStandalone target not found
Native extension for OSXStandalone target not found
Refreshing native plugins compatible for Editor in 0.96 ms, found 3 plugins.
Preloading 0 native plugins for Editor in 0.00 ms.
Mono: successfully reloaded assembly
- Completed reload, in  0.882 seconds
Domain Reload Profiling:
	ReloadAssembly (883ms)
		BeginReloadAssembly (117ms)
			ExecutionOrderSort (0ms)
			DisableScriptedObjects (3ms)
			BackupInstance (0ms)
			ReleaseScriptingObjects (0ms)
			CreateAndSetChildDomain (43ms)
		EndReloadAssembly (680ms)
			LoadAssemblies (66ms)
			RebuildTransferFunctionScriptingTraits (0ms)
			SetupTypeCache (228ms)
			ReleaseScriptCaches (2ms)
			RebuildScriptCaches (40ms)
			SetupLoadedEditorAssemblies (304ms)
				LogAssemblyErrors (0ms)
				InitializePlatformSupportModulesInManaged (12ms)
				SetLoadedEditorAssemblies (0ms)
				RefreshPlugins (1ms)
				BeforeProcessingInitializeOnLoad (60ms)
				ProcessInitializeOnLoadAttributes (204ms)
				ProcessInitializeOnLoadMethodAttributes (21ms)
				AfterProcessingInitializeOnLoad (5ms)
				EditorAssembliesLoaded (0ms)
			ExecutionOrderSort2 (0ms)
			AwakeInstancesAfterBackupRestoration (4ms)
Platform modules already initialized, skipping
Shader Custom/UnlitShadow uses undefined Queue: 'Opaque'
Shader Custom/UnlitShadow uses undefined Queue: 'Opaque'
Refreshing native plugins compatible for Editor in 2.02 ms, found 3 plugins.
Preloading 0 native plugins for Editor in 0.00 ms.
Unloading 4086 Unused Serialized files (Serialized files now loaded: 0)
Unloading 34 unused Assets / (1.4 MB). Loaded Objects now: 4807.
Memory consumption went from 257.5 MB to 256.1 MB.
Total: 3.661600 ms (FindLiveObjects: 0.330100 ms CreateObjectMapping: 0.203200 ms MarkObjects: 2.746300 ms  DeleteObjects: 0.381200 ms)

AssetImportParameters requested are different than current active one (requested -> active):
  custom:video-decoder-ogg-theora: a1e56fd34408186e4bbccfd4996cb3dc -> 
  custom:container-muxer-webm: aa71ff27fc2769a1b78a27578f13a17b -> 
  custom:container-demuxer-webm: 4f35f7cbe854078d1ac9338744f61a02 -> 
  custom:video-encoder-webm-vp8: eb34c28f22e8b96e1ab97ce403110664 -> 
  custom:audio-encoder-webm-vorbis: bf7c407c2cedff20999df2af8eb42d56 -> 
  custom:framework-win-MediaFoundation: 216162199b28c13a410421893ffa2e32 -> 
  custom:container-demuxer-ogg: 62fdf1f143b41e24485cea50d1cbac27 -> 
  custom:video-decoder-webm-vp8: 9c59270c3fd7afecdb556c50c9e8de78 -> 
  custom:audio-decoder-ogg-vorbis: bf7c407c2cedff20999df2af8eb42d56 -> 
========================================================================
Received Import Request.
  Time since last request: 1542.522041 seconds.
  path: Assets/Sprites/Music/Monster SFX - 111518/roar/lowlevel/roar1.wav
  artifactKey: Guid(2bef44c58e277b349992531b1fbab271) Importer(815301076,1909f56bfc062723c751e8b465ee728b)
Start importing Assets/Sprites/Music/Monster SFX - 111518/roar/lowlevel/roar1.wav using Guid(2bef44c58e277b349992531b1fbab271) Importer(815301076,1909f56bfc062723c751e8b465ee728b)  -> (artifact id: 'b342788eedf1565dc42a81a5e7c35866') in 0.057451 seconds 
========================================================================
Received Import Request.
  Time since last request: 0.000022 seconds.
  path: Assets/Sprites/Music/Monster SFX - 111518/roar/highlevel/roar05.wav
  artifactKey: Guid(4286e0f3bc57be8469430eb1eb7e10c4) Importer(815301076,1909f56bfc062723c751e8b465ee728b)
Start importing Assets/Sprites/Music/Monster SFX - 111518/roar/highlevel/roar05.wav using Guid(4286e0f3bc57be8469430eb1eb7e10c4) Importer(815301076,1909f56bfc062723c751e8b465ee728b)  -> (artifact id: '618bed0322f52c1b6db042bed9099c4f') in 0.021247 seconds 
========================================================================
Received Import Request.
  Time since last request: 0.000026 seconds.
  path: Assets/Sprites/Music/Monster SFX - 111518/roar/highlevel/roar19.wav
  artifactKey: Guid(a84a239d8e3ecf14bba428c093af8745) Importer(815301076,1909f56bfc062723c751e8b465ee728b)
Start importing Assets/Sprites/Music/Monster SFX - 111518/roar/highlevel/roar19.wav using Guid(a84a239d8e3ecf14bba428c093af8745) Importer(815301076,1909f56bfc062723c751e8b465ee728b)  -> (artifact id: 'c3e75f5a606fa211572fa1f39b720977') in 0.015404 seconds 
========================================================================
Received Import Request.
  Time since last request: 0.000021 seconds.
  path: Assets/Sprites/Music/Monster SFX - 111518/roar/highlevel/roar23.wav
  artifactKey: Guid(241a629fee9e15c4cab53e2109c8931c) Importer(815301076,1909f56bfc062723c751e8b465ee728b)
Start importing Assets/Sprites/Music/Monster SFX - 111518/roar/highlevel/roar23.wav using Guid(241a629fee9e15c4cab53e2109c8931c) Importer(815301076,1909f56bfc062723c751e8b465ee728b)  -> (artifact id: '67566baf391397f0ceca90b896665f10') in 0.014997 seconds 
========================================================================
Received Import Request.
  Time since last request: 0.000022 seconds.
  path: Assets/Sprites/Music/Monster SFX - 111518/roar/highlevel/roar36.wav
  artifactKey: Guid(571d225e0b10f104aa3ff08f74d1bd28) Importer(815301076,1909f56bfc062723c751e8b465ee728b)
Start importing Assets/Sprites/Music/Monster SFX - 111518/roar/highlevel/roar36.wav using Guid(571d225e0b10f104aa3ff08f74d1bd28) Importer(815301076,1909f56bfc062723c751e8b465ee728b)  -> (artifact id: 'b0cf3a64d9cf093907e503ee7037d53a') in 0.017662 seconds 
========================================================================
Received Import Request.
  Time since last request: 0.000017 seconds.
  path: Assets/Sprites/Music/Monster SFX - 111518/roar/lowlevel/roar3.wav
  artifactKey: Guid(200cb2aa8e14729409c0a82e7bdae856) Importer(815301076,1909f56bfc062723c751e8b465ee728b)
Start importing Assets/Sprites/Music/Monster SFX - 111518/roar/lowlevel/roar3.wav using Guid(200cb2aa8e14729409c0a82e7bdae856) Importer(815301076,1909f56bfc062723c751e8b465ee728b)  -> (artifact id: 'c2fdebb1cce4bca7ea83df4e204043a0') in 0.014436 seconds 
========================================================================
Received Import Request.
  Time since last request: 0.000025 seconds.
  path: Assets/Sprites/Music/Monster SFX - 111518/roar/highlevel/roar09.wav
  artifactKey: Guid(fd8fcb5dd913ffe46bc22afe3ad1c8da) Importer(815301076,1909f56bfc062723c751e8b465ee728b)
Start importing Assets/Sprites/Music/Monster SFX - 111518/roar/highlevel/roar09.wav using Guid(fd8fcb5dd913ffe46bc22afe3ad1c8da) Importer(815301076,1909f56bfc062723c751e8b465ee728b)  -> (artifact id: 'd44767f3b752776cd5d6c90450afeed7') in 0.014990 seconds 
========================================================================
Received Import Request.
  Time since last request: 0.000021 seconds.
  path: Assets/Sprites/Music/Monster SFX - 111518/monster/lowlevel/wolf2atk.wav
  artifactKey: Guid(32ef17fc14d90d84d918d2e02e52624b) Importer(815301076,1909f56bfc062723c751e8b465ee728b)
Start importing Assets/Sprites/Music/Monster SFX - 111518/monster/lowlevel/wolf2atk.wav using Guid(32ef17fc14d90d84d918d2e02e52624b) Importer(815301076,1909f56bfc062723c751e8b465ee728b)  -> (artifact id: 'aa9031c1654c31dfba50a9f009f229a1') in 0.014791 seconds 
========================================================================
Received Import Request.
  Time since last request: 0.000021 seconds.
  path: Assets/Sprites/Music/Monster SFX - 111518/roar/highlevel/roar18.wav
  artifactKey: Guid(611dc768e19356644916286a84ff4f75) Importer(815301076,1909f56bfc062723c751e8b465ee728b)
Start importing Assets/Sprites/Music/Monster SFX - 111518/roar/highlevel/roar18.wav using Guid(611dc768e19356644916286a84ff4f75) Importer(815301076,1909f56bfc062723c751e8b465ee728b)  -> (artifact id: '21973af5d1ec6580467cb271557fd397') in 0.015876 seconds 
========================================================================
Received Import Request.
  Time since last request: 0.000018 seconds.
  path: Assets/Sprites/Music/Monster SFX - 111518/roar/highlevel/roar17.wav
  artifactKey: Guid(96a403d103199544ba812f9f527bafee) Importer(815301076,1909f56bfc062723c751e8b465ee728b)
Start importing Assets/Sprites/Music/Monster SFX - 111518/roar/highlevel/roar17.wav using Guid(96a403d103199544ba812f9f527bafee) Importer(815301076,1909f56bfc062723c751e8b465ee728b)  -> (artifact id: 'c256333a2fab804b6683c0b5a65a4d53') in 0.014154 seconds 
========================================================================
Received Import Request.
  Time since last request: 0.000020 seconds.
  path: Assets/Sprites/Music/Monster SFX - 111518/roar/highlevel/roar25.wav
  artifactKey: Guid(39d048fe5ac0fe24489d885125296aa0) Importer(815301076,1909f56bfc062723c751e8b465ee728b)
Start importing Assets/Sprites/Music/Monster SFX - 111518/roar/highlevel/roar25.wav using Guid(39d048fe5ac0fe24489d885125296aa0) Importer(815301076,1909f56bfc062723c751e8b465ee728b)  -> (artifact id: 'a76841f05efc059df046dc9eac938fe9') in 0.021307 seconds 
========================================================================
Received Import Request.
  Time since last request: 0.000021 seconds.
  path: Assets/Sprites/Music/Monster SFX - 111518/roar/highlevel/roar26.wav
  artifactKey: Guid(2b603dff6e69b2b47b97ec52356aae06) Importer(815301076,1909f56bfc062723c751e8b465ee728b)
Start importing Assets/Sprites/Music/Monster SFX - 111518/roar/highlevel/roar26.wav using Guid(2b603dff6e69b2b47b97ec52356aae06) Importer(815301076,1909f56bfc062723c751e8b465ee728b)  -> (artifact id: 'bc44bfa4eb854fbba646212ed3631295') in 0.016970 seconds 
========================================================================
Received Import Request.
  Time since last request: 0.000023 seconds.
  path: Assets/Sprites/Music/Monster SFX - 111518/roar/highlevel/roar08.wav
  artifactKey: Guid(76ccf628404201942b403e1bacf0dc17) Importer(815301076,1909f56bfc062723c751e8b465ee728b)
Start importing Assets/Sprites/Music/Monster SFX - 111518/roar/highlevel/roar08.wav using Guid(76ccf628404201942b403e1bacf0dc17) Importer(815301076,1909f56bfc062723c751e8b465ee728b)  -> (artifact id: '3937c631d6b3ea81378527bbfb98f921') in 0.016124 seconds 
========================================================================
Received Import Request.
  Time since last request: 0.000029 seconds.
  path: Assets/Sprites/Music/Monster SFX - 111518/monster/lowlevel/wolf1.wav
  artifactKey: Guid(59da53b9e5683144f9707ff796156cde) Importer(815301076,1909f56bfc062723c751e8b465ee728b)
Start importing Assets/Sprites/Music/Monster SFX - 111518/monster/lowlevel/wolf1.wav using Guid(59da53b9e5683144f9707ff796156cde) Importer(815301076,1909f56bfc062723c751e8b465ee728b)  -> (artifact id: '37cb7ceafb7489047e5aa7a3c91cde6b') in 0.017729 seconds 
========================================================================
Received Import Request.
  Time since last request: 0.000020 seconds.
  path: Assets/Sprites/Music/Monster SFX - 111518/roar/highlevel/roar35.wav
  artifactKey: Guid(411ab8c05aa4e974cb1d889d5c7f42c0) Importer(815301076,1909f56bfc062723c751e8b465ee728b)
Start importing Assets/Sprites/Music/Monster SFX - 111518/roar/highlevel/roar35.wav using Guid(411ab8c05aa4e974cb1d889d5c7f42c0) Importer(815301076,1909f56bfc062723c751e8b465ee728b)  -> (artifact id: '89bf77c188476697e43eea47f251f2d9') in 0.016901 seconds 
========================================================================
Received Import Request.
  Time since last request: 0.000021 seconds.
  path: Assets/Sprites/Music/Monster SFX - 111518/roar/highlevel/roar16.wav
  artifactKey: Guid(457d83bb6db5a584c9cad4fe2b3a3cb1) Importer(815301076,1909f56bfc062723c751e8b465ee728b)
Start importing Assets/Sprites/Music/Monster SFX - 111518/roar/highlevel/roar16.wav using Guid(457d83bb6db5a584c9cad4fe2b3a3cb1) Importer(815301076,1909f56bfc062723c751e8b465ee728b)  -> (artifact id: '3aefbad90e7296adb07577e99e24267d') in 0.014804 seconds 
========================================================================
Received Import Request.
  Time since last request: 0.000022 seconds.
  path: Assets/Sprites/Music/Monster SFX - 111518/monster/lowlevel/wolf2die.wav
  artifactKey: Guid(faaf450e18d68904dadc9bcd6e86e101) Importer(815301076,1909f56bfc062723c751e8b465ee728b)
Start importing Assets/Sprites/Music/Monster SFX - 111518/monster/lowlevel/wolf2die.wav using Guid(faaf450e18d68904dadc9bcd6e86e101) Importer(815301076,1909f56bfc062723c751e8b465ee728b)  -> (artifact id: '1174312aac3501479b649301168ec919') in 0.013810 seconds 
========================================================================
Received Import Request.
  Time since last request: 0.000020 seconds.
  path: Assets/Sprites/Music/Monster SFX - 111518/roar/highlevel/roar21.wav
  artifactKey: Guid(aa2178d2dc696a740bd657d9fee7c772) Importer(815301076,1909f56bfc062723c751e8b465ee728b)
Start importing Assets/Sprites/Music/Monster SFX - 111518/roar/highlevel/roar21.wav using Guid(aa2178d2dc696a740bd657d9fee7c772) Importer(815301076,1909f56bfc062723c751e8b465ee728b)  -> (artifact id: '52e8dd2e9559344dbac9be9eac5e2c46') in 0.014356 seconds 
========================================================================
Received Import Request.
  Time since last request: 0.000020 seconds.
  path: Assets/Sprites/Music/Monster SFX - 111518/roar/highlevel/roar29.wav
  artifactKey: Guid(96d2991881fd84249ab9738294ec81e3) Importer(815301076,1909f56bfc062723c751e8b465ee728b)
Start importing Assets/Sprites/Music/Monster SFX - 111518/roar/highlevel/roar29.wav using Guid(96d2991881fd84249ab9738294ec81e3) Importer(815301076,1909f56bfc062723c751e8b465ee728b)  -> (artifact id: 'cc130178eb9dbb62500e0173730b5777') in 0.015999 seconds 
========================================================================
Received Import Request.
  Time since last request: 0.000027 seconds.
  path: Assets/Sprites/Music/Monster SFX - 111518/roar/lowlevel/roar2.wav
  artifactKey: Guid(0a2174f9223d04f449665ad6c3d92aab) Importer(815301076,1909f56bfc062723c751e8b465ee728b)
Start importing Assets/Sprites/Music/Monster SFX - 111518/roar/lowlevel/roar2.wav using Guid(0a2174f9223d04f449665ad6c3d92aab) Importer(815301076,1909f56bfc062723c751e8b465ee728b)  -> (artifact id: 'fe777809aace350beef93ade3f8b7e49') in 0.019211 seconds 
========================================================================
Received Import Request.
  Time since last request: 0.000021 seconds.
  path: Assets/Sprites/Music/Monster SFX - 111518/roar/highlevel/roar32.wav
  artifactKey: Guid(e0168baac8e1f7b4490197b7575469c6) Importer(815301076,1909f56bfc062723c751e8b465ee728b)
Start importing Assets/Sprites/Music/Monster SFX - 111518/roar/highlevel/roar32.wav using Guid(e0168baac8e1f7b4490197b7575469c6) Importer(815301076,1909f56bfc062723c751e8b465ee728b)  -> (artifact id: '383d09dd88874e46de433d6145787eb2') in 0.015778 seconds 
========================================================================
Received Import Request.
  Time since last request: 0.000030 seconds.
  path: Assets/Sprites/Music/Monster SFX - 111518/roar/highlevel/roar04.wav
  artifactKey: Guid(da79055cc27a29547b4a6a35deb76776) Importer(815301076,1909f56bfc062723c751e8b465ee728b)
Start importing Assets/Sprites/Music/Monster SFX - 111518/roar/highlevel/roar04.wav using Guid(da79055cc27a29547b4a6a35deb76776) Importer(815301076,1909f56bfc062723c751e8b465ee728b)  -> (artifact id: '53aeaa35095d284db789227e2c47b127') in 0.016200 seconds 
========================================================================
Received Import Request.
  Time since last request: 0.000023 seconds.
  path: Assets/Sprites/Music/Monster SFX - 111518/roar/highlevel/roar07.wav
  artifactKey: Guid(18d316e88ad48754aa4a360cf90d4d15) Importer(815301076,1909f56bfc062723c751e8b465ee728b)
Start importing Assets/Sprites/Music/Monster SFX - 111518/roar/highlevel/roar07.wav using Guid(18d316e88ad48754aa4a360cf90d4d15) Importer(815301076,1909f56bfc062723c751e8b465ee728b)  -> (artifact id: '1d676f5da7399d52f18e3097689b392e') in 0.014263 seconds 
========================================================================
Received Import Request.
  Time since last request: 0.000026 seconds.
  path: Assets/Sprites/Music/Monster SFX - 111518/roar/highlevel/roar11.wav
  artifactKey: Guid(855fe1bcb44c46c47b82fdfcae523d67) Importer(815301076,1909f56bfc062723c751e8b465ee728b)
Start importing Assets/Sprites/Music/Monster SFX - 111518/roar/highlevel/roar11.wav using Guid(855fe1bcb44c46c47b82fdfcae523d67) Importer(815301076,1909f56bfc062723c751e8b465ee728b)  -> (artifact id: '31a2a966c09433aebf6fca87db8d312b') in 0.013684 seconds 
========================================================================
Received Import Request.
  Time since last request: 0.020665 seconds.
  path: Assets/Sprites/Music/Monster SFX - 111518/monster/lowlevel/rat1.wav
  artifactKey: Guid(2a3d44abd336aee46a40b1038fa57a6a) Importer(815301076,1909f56bfc062723c751e8b465ee728b)
Start importing Assets/Sprites/Music/Monster SFX - 111518/monster/lowlevel/rat1.wav using Guid(2a3d44abd336aee46a40b1038fa57a6a) Importer(815301076,1909f56bfc062723c751e8b465ee728b)  -> (artifact id: '63b16c64c6d1690dd092f988c008683f') in 0.015301 seconds 
========================================================================
Received Import Request.
  Time since last request: 0.000030 seconds.
  path: Assets/Sprites/Music/Monster SFX - 111518/monster/lowlevel/mob5atk.wav
  artifactKey: Guid(3e317175c1bcf74439ebdfba17baf66f) Importer(815301076,1909f56bfc062723c751e8b465ee728b)
Start importing Assets/Sprites/Music/Monster SFX - 111518/monster/lowlevel/mob5atk.wav using Guid(3e317175c1bcf74439ebdfba17baf66f) Importer(815301076,1909f56bfc062723c751e8b465ee728b)  -> (artifact id: '8303be9e2d39f9b6cdef1127a4b3cee4') in 0.013568 seconds 
========================================================================
Received Import Request.
  Time since last request: 0.000027 seconds.
  path: Assets/Sprites/Music/Monster SFX - 111518/monster/highlevel/mob3atk.wav
  artifactKey: Guid(cc47d394ade5def4dac3043b144bc740) Importer(815301076,1909f56bfc062723c751e8b465ee728b)
Start importing Assets/Sprites/Music/Monster SFX - 111518/monster/highlevel/mob3atk.wav using Guid(cc47d394ade5def4dac3043b144bc740) Importer(815301076,1909f56bfc062723c751e8b465ee728b)  -> (artifact id: '7a2cd8ad21381410e82a23bdf9ae6267') in 0.014367 seconds 
========================================================================
Received Import Request.
  Time since last request: 0.000019 seconds.
  path: Assets/Sprites/Music/Monster SFX - 111518/monster/highlevel/mob12die.wav
  artifactKey: Guid(fb1786398f238e94ba081af02ce8150c) Importer(815301076,1909f56bfc062723c751e8b465ee728b)
Start importing Assets/Sprites/Music/Monster SFX - 111518/monster/highlevel/mob12die.wav using Guid(fb1786398f238e94ba081af02ce8150c) Importer(815301076,1909f56bfc062723c751e8b465ee728b)  -> (artifact id: '151a73537b47cb3bc1dd59588397d370') in 0.015381 seconds 
========================================================================
Received Import Request.
  Time since last request: 0.000019 seconds.
  path: Assets/Sprites/Music/Monster SFX - 111518/monster/lowlevel/mob2atk.wav
  artifactKey: Guid(65001550408fb864ba0f6a85dfa368c5) Importer(815301076,1909f56bfc062723c751e8b465ee728b)
Start importing Assets/Sprites/Music/Monster SFX - 111518/monster/lowlevel/mob2atk.wav using Guid(65001550408fb864ba0f6a85dfa368c5) Importer(815301076,1909f56bfc062723c751e8b465ee728b)  -> (artifact id: '8c6196152c4892f4986a0b799242675c') in 0.013477 seconds 
========================================================================
Received Import Request.
  Time since last request: 0.000019 seconds.
  path: Assets/Sprites/Music/Monster SFX - 111518/monster/insect/insect1atk.wav
  artifactKey: Guid(048db73fda998474e8aec9825cbbaf5e) Importer(815301076,1909f56bfc062723c751e8b465ee728b)
Start importing Assets/Sprites/Music/Monster SFX - 111518/monster/insect/insect1atk.wav using Guid(048db73fda998474e8aec9825cbbaf5e) Importer(815301076,1909f56bfc062723c751e8b465ee728b)  -> (artifact id: 'a185c3fcc07fed72af5f544491e55bcc') in 0.015406 seconds 
========================================================================
Received Import Request.
  Time since last request: 0.000021 seconds.
  path: Assets/Sprites/Music/Monster SFX - 111518/roar/highlevel/roar01.wav
  artifactKey: Guid(3c9c0bbacf942674583cbbf3431b5c9b) Importer(815301076,1909f56bfc062723c751e8b465ee728b)
Start importing Assets/Sprites/Music/Monster SFX - 111518/roar/highlevel/roar01.wav using Guid(3c9c0bbacf942674583cbbf3431b5c9b) Importer(815301076,1909f56bfc062723c751e8b465ee728b)  -> (artifact id: '59ef0ad8a403aca463aba3f9691da51f') in 0.013141 seconds 
========================================================================
Received Import Request.
  Time since last request: 0.000034 seconds.
  path: Assets/Sprites/Music/Fantasy Sfx/Mp3/Footsteps/Footstep_Dirt_06.mp3
  artifactKey: Guid(dd1266cc97b6b4a38a280331273cb1ed) Importer(815301076,1909f56bfc062723c751e8b465ee728b)
Start importing Assets/Sprites/Music/Fantasy Sfx/Mp3/Footsteps/Footstep_Dirt_06.mp3 using Guid(dd1266cc97b6b4a38a280331273cb1ed) Importer(815301076,1909f56bfc062723c751e8b465ee728b)  -> (artifact id: '548ad33c73438f82a6a9042d64d6e723') in 0.014751 seconds 
========================================================================
Received Import Request.
  Time since last request: 0.000022 seconds.
  path: Assets/Sprites/Music/Fantasy Sfx/Wav/Footsteps/Footstep_Water_07.wav
  artifactKey: Guid(ddc836e71a287472f84ae230e7382010) Importer(815301076,1909f56bfc062723c751e8b465ee728b)
Start importing Assets/Sprites/Music/Fantasy Sfx/Wav/Footsteps/Footstep_Water_07.wav using Guid(ddc836e71a287472f84ae230e7382010) Importer(815301076,1909f56bfc062723c751e8b465ee728b)  -> (artifact id: '3af62cdf04262e44659e7ebbee727aa4') in 0.013113 seconds 
========================================================================
Received Import Request.
  Time since last request: 0.000022 seconds.
  path: Assets/Sprites/Music/Monster SFX - 111518/monster/lowlevel/rat1die.wav
  artifactKey: Guid(39d2907d8f026a94d83aaf31ab9f765f) Importer(815301076,1909f56bfc062723c751e8b465ee728b)
Start importing Assets/Sprites/Music/Monster SFX - 111518/monster/lowlevel/rat1die.wav using Guid(39d2907d8f026a94d83aaf31ab9f765f) Importer(815301076,1909f56bfc062723c751e8b465ee728b)  -> (artifact id: 'aa82b602e52e44022970d9df0216812a') in 0.014613 seconds 
========================================================================
Received Import Request.
  Time since last request: 0.000031 seconds.
  path: Assets/Sprites/Music/Monster SFX - 111518/monster/lowlevel/mob3atk.wav
  artifactKey: Guid(ef852f4dba9f9e34285d4227eb3883d0) Importer(815301076,1909f56bfc062723c751e8b465ee728b)
Start importing Assets/Sprites/Music/Monster SFX - 111518/monster/lowlevel/mob3atk.wav using Guid(ef852f4dba9f9e34285d4227eb3883d0) Importer(815301076,1909f56bfc062723c751e8b465ee728b)  -> (artifact id: 'db3ab6170bf2825c3e629c5d0422a7c4') in 0.014060 seconds 
========================================================================
Received Import Request.
  Time since last request: 0.000029 seconds.
  path: Assets/Sprites/Music/Fantasy Sfx/Wav/Footsteps/Footstep_Dirt_08.wav
  artifactKey: Guid(f54a7e8aabfc8436b965149db8156132) Importer(815301076,1909f56bfc062723c751e8b465ee728b)
Start importing Assets/Sprites/Music/Fantasy Sfx/Wav/Footsteps/Footstep_Dirt_08.wav using Guid(f54a7e8aabfc8436b965149db8156132) Importer(815301076,1909f56bfc062723c751e8b465ee728b)  -> (artifact id: '3d5666b9843938c26fcd09fba7253ef9') in 0.015279 seconds 
========================================================================
Received Import Request.
  Time since last request: 0.000024 seconds.
  path: Assets/Sprites/Music/Monster SFX - 111518/monster/insect/insect2die.wav
  artifactKey: Guid(461c75de4bf167a4688657a9c4bd432f) Importer(815301076,1909f56bfc062723c751e8b465ee728b)
Start importing Assets/Sprites/Music/Monster SFX - 111518/monster/insect/insect2die.wav using Guid(461c75de4bf167a4688657a9c4bd432f) Importer(815301076,1909f56bfc062723c751e8b465ee728b)  -> (artifact id: '94f01700486095e63b97e855fac9dba6') in 0.014151 seconds 
========================================================================
Received Import Request.
  Time since last request: 0.000022 seconds.
  path: Assets/Sprites/Music/Fantasy Sfx/Mp3/Footsteps/Footstep_Dirt_09.mp3
  artifactKey: Guid(a476e34385a8f43f5a7cd7280badc54f) Importer(815301076,1909f56bfc062723c751e8b465ee728b)
Start importing Assets/Sprites/Music/Fantasy Sfx/Mp3/Footsteps/Footstep_Dirt_09.mp3 using Guid(a476e34385a8f43f5a7cd7280badc54f) Importer(815301076,1909f56bfc062723c751e8b465ee728b)  -> (artifact id: '1b06abf3535dd80e7300383e73663446') in 0.013903 seconds 
========================================================================
Received Import Request.
  Time since last request: 0.000024 seconds.
  path: Assets/Sprites/Music/Fantasy Sfx/Wav/Footsteps/Footstep_Water_06.wav
  artifactKey: Guid(45a5e778890d448db9da5c7dc4a72a05) Importer(815301076,1909f56bfc062723c751e8b465ee728b)
Start importing Assets/Sprites/Music/Fantasy Sfx/Wav/Footsteps/Footstep_Water_06.wav using Guid(45a5e778890d448db9da5c7dc4a72a05) Importer(815301076,1909f56bfc062723c751e8b465ee728b)  -> (artifact id: 'a322a08306d4fe65b0b443ba13bc814b') in 0.014042 seconds 
========================================================================
Received Import Request.
  Time since last request: 0.000023 seconds.
  path: Assets/Sprites/Music/Monster SFX - 111518/monster/highlevel/mob1atk.wav
  artifactKey: Guid(d1f8d4165dfa79a4fa92289d2d83d58f) Importer(815301076,1909f56bfc062723c751e8b465ee728b)
Start importing Assets/Sprites/Music/Monster SFX - 111518/monster/highlevel/mob1atk.wav using Guid(d1f8d4165dfa79a4fa92289d2d83d58f) Importer(815301076,1909f56bfc062723c751e8b465ee728b)  -> (artifact id: 'f7987f3e58b98f75a0a3aae36d3f1134') in 0.013529 seconds 
========================================================================
Received Import Request.
  Time since last request: 0.000022 seconds.
  path: Assets/Sprites/Music/Monster SFX - 111518/monster/highlevel/mob7die.wav
  artifactKey: Guid(8abaebcc3dd4f7c48acd0c806ba80fb2) Importer(815301076,1909f56bfc062723c751e8b465ee728b)
Start importing Assets/Sprites/Music/Monster SFX - 111518/monster/highlevel/mob7die.wav using Guid(8abaebcc3dd4f7c48acd0c806ba80fb2) Importer(815301076,1909f56bfc062723c751e8b465ee728b)  -> (artifact id: 'd62eaa5e8e280ce076e85f062bf34637') in 0.015353 seconds 
========================================================================
Received Import Request.
  Time since last request: 0.000019 seconds.
  path: Assets/Sprites/Music/Monster SFX - 111518/monster/highlevel/mob13die.wav
  artifactKey: Guid(1d38a58a3709c5c45a53a41932a81c95) Importer(815301076,1909f56bfc062723c751e8b465ee728b)
Start importing Assets/Sprites/Music/Monster SFX - 111518/monster/highlevel/mob13die.wav using Guid(1d38a58a3709c5c45a53a41932a81c95) Importer(815301076,1909f56bfc062723c751e8b465ee728b)  -> (artifact id: '8f9789c9177a61f9ef7bb7793547bdc6') in 0.015479 seconds 
========================================================================
Received Import Request.
  Time since last request: 0.000023 seconds.
  path: Assets/Sprites/Music/Monster SFX - 111518/monster/highlevel/mob9.wav
  artifactKey: Guid(8b7617f8b7d8ccb46a35ee3b291d568f) Importer(815301076,1909f56bfc062723c751e8b465ee728b)
Start importing Assets/Sprites/Music/Monster SFX - 111518/monster/highlevel/mob9.wav using Guid(8b7617f8b7d8ccb46a35ee3b291d568f) Importer(815301076,1909f56bfc062723c751e8b465ee728b)  -> (artifact id: '6b925c9adb52169a27828d0089c7ad88') in 0.013236 seconds 
========================================================================
Received Import Request.
  Time since last request: 0.000024 seconds.
  path: Assets/Sprites/Music/Monster SFX - 111518/monster/lowlevel/mob1atk.wav
  artifactKey: Guid(b609876ba6b5b3b4ca7271338aa0c51c) Importer(815301076,1909f56bfc062723c751e8b465ee728b)
Start importing Assets/Sprites/Music/Monster SFX - 111518/monster/lowlevel/mob1atk.wav using Guid(b609876ba6b5b3b4ca7271338aa0c51c) Importer(815301076,1909f56bfc062723c751e8b465ee728b)  -> (artifact id: '24f21c2faeceaa307c69c0a40793af64') in 0.014403 seconds 
========================================================================
Received Import Request.
  Time since last request: 0.000021 seconds.
  path: Assets/Sprites/Music/Monster SFX - 111518/monster/highlevel/mob12atk.wav
  artifactKey: Guid(32fafbc6fa7104a4eb3879eab5c38e45) Importer(815301076,1909f56bfc062723c751e8b465ee728b)
Start importing Assets/Sprites/Music/Monster SFX - 111518/monster/highlevel/mob12atk.wav using Guid(32fafbc6fa7104a4eb3879eab5c38e45) Importer(815301076,1909f56bfc062723c751e8b465ee728b)  -> (artifact id: '29bb4e89d251e52244f3daacfb9f9a1e') in 0.013086 seconds 
========================================================================
Received Import Request.
  Time since last request: 0.000019 seconds.
  path: Assets/Sprites/Music/Fantasy Sfx/Wav/Footsteps/Footstep_Dirt_06.wav
  artifactKey: Guid(27f4d8a727d874633b0292b089ec9b7c) Importer(815301076,1909f56bfc062723c751e8b465ee728b)
Start importing Assets/Sprites/Music/Fantasy Sfx/Wav/Footsteps/Footstep_Dirt_06.wav using Guid(27f4d8a727d874633b0292b089ec9b7c) Importer(815301076,1909f56bfc062723c751e8b465ee728b)  -> (artifact id: '153a330fc51edadc79bfac50f57e8f73') in 0.013969 seconds 
========================================================================
Received Import Request.
  Time since last request: 0.000024 seconds.
  path: Assets/Sprites/Music/Monster SFX - 111518/monster/highlevel/mob2.wav
  artifactKey: Guid(1b462c87f66df494fb109108fb54f441) Importer(815301076,1909f56bfc062723c751e8b465ee728b)
Start importing Assets/Sprites/Music/Monster SFX - 111518/monster/highlevel/mob2.wav using Guid(1b462c87f66df494fb109108fb54f441) Importer(815301076,1909f56bfc062723c751e8b465ee728b)  -> (artifact id: 'd3766b73893f0e22bded2946aeea820a') in 0.014556 seconds 
========================================================================
Received Import Request.
  Time since last request: 0.000026 seconds.
  path: Assets/Sprites/Music/Monster SFX - 111518/monster/lowlevel/mob2.wav
  artifactKey: Guid(804060a6134c444478707906af48750f) Importer(815301076,1909f56bfc062723c751e8b465ee728b)
Start importing Assets/Sprites/Music/Monster SFX - 111518/monster/lowlevel/mob2.wav using Guid(804060a6134c444478707906af48750f) Importer(815301076,1909f56bfc062723c751e8b465ee728b)  -> (artifact id: 'dece0ee133d6838e0d4bf54b772a4096') in 0.013694 seconds 
========================================================================
Received Import Request.
  Time since last request: 0.000020 seconds.
  path: Assets/Sprites/Music/Monster SFX - 111518/monster/highlevel/mob10die.wav
  artifactKey: Guid(44b624131e7031745b405f90a3a12532) Importer(815301076,1909f56bfc062723c751e8b465ee728b)
Start importing Assets/Sprites/Music/Monster SFX - 111518/monster/highlevel/mob10die.wav using Guid(44b624131e7031745b405f90a3a12532) Importer(815301076,1909f56bfc062723c751e8b465ee728b)  -> (artifact id: '8b2a7ab0fa832943ac84da019e51b806') in 0.015107 seconds 
========================================================================
Received Import Request.
  Time since last request: 0.000020 seconds.
  path: Assets/Sprites/Music/Monster SFX - 111518/monster/highlevel/mob6.wav
  artifactKey: Guid(e27f50f725600624f88427a841fd9596) Importer(815301076,1909f56bfc062723c751e8b465ee728b)
Start importing Assets/Sprites/Music/Monster SFX - 111518/monster/highlevel/mob6.wav using Guid(e27f50f725600624f88427a841fd9596) Importer(815301076,1909f56bfc062723c751e8b465ee728b)  -> (artifact id: '83568314b078b58ab7c5c44706a6cbf4') in 0.014772 seconds 
========================================================================
Received Import Request.
  Time since last request: 0.000020 seconds.
  path: Assets/Sprites/Music/Monster SFX - 111518/monster/highlevel/mob3die.wav
  artifactKey: Guid(8b92e318fbedb1645b76497c2b958fcc) Importer(815301076,1909f56bfc062723c751e8b465ee728b)
Start importing Assets/Sprites/Music/Monster SFX - 111518/monster/highlevel/mob3die.wav using Guid(8b92e318fbedb1645b76497c2b958fcc) Importer(815301076,1909f56bfc062723c751e8b465ee728b)  -> (artifact id: 'e5bc9bad57472232138b7c20d136332e') in 0.014096 seconds 
========================================================================
Received Import Request.
  Time since last request: 0.000024 seconds.
  path: Assets/Sprites/Music/Monster SFX - 111518/monster/insect/insect1.wav
  artifactKey: Guid(a624bcb07d968db4ca3b4ea98c11ed26) Importer(815301076,1909f56bfc062723c751e8b465ee728b)
Start importing Assets/Sprites/Music/Monster SFX - 111518/monster/insect/insect1.wav using Guid(a624bcb07d968db4ca3b4ea98c11ed26) Importer(815301076,1909f56bfc062723c751e8b465ee728b)  -> (artifact id: '55a932dd875cc2e412405a81baad84ef') in 0.017653 seconds 
========================================================================
Received Import Request.
  Time since last request: 0.000020 seconds.
  path: Assets/Sprites/Music/Fantasy Sfx/Mp3/Footsteps/Footstep_Water_00.mp3
  artifactKey: Guid(0f7237cf710e142909810e114ce1d2fb) Importer(815301076,1909f56bfc062723c751e8b465ee728b)
Start importing Assets/Sprites/Music/Fantasy Sfx/Mp3/Footsteps/Footstep_Water_00.mp3 using Guid(0f7237cf710e142909810e114ce1d2fb) Importer(815301076,1909f56bfc062723c751e8b465ee728b)  -> (artifact id: 'c943fea6e849f557cad8db3515a6bd2b') in 0.013410 seconds 
========================================================================
Received Import Request.
  Time since last request: 0.000023 seconds.
  path: Assets/Sprites/Music/Fantasy Sfx/Wav/Footsteps/Footstep_Dirt_07.wav
  artifactKey: Guid(c1eac1c698fc84605adb7e1074fd7d34) Importer(815301076,1909f56bfc062723c751e8b465ee728b)
Start importing Assets/Sprites/Music/Fantasy Sfx/Wav/Footsteps/Footstep_Dirt_07.wav using Guid(c1eac1c698fc84605adb7e1074fd7d34) Importer(815301076,1909f56bfc062723c751e8b465ee728b)  -> (artifact id: 'fb39bd6c61084b46c8df973993ad68b5') in 0.013501 seconds 
========================================================================
Received Import Request.
  Time since last request: 0.000024 seconds.
  path: Assets/Sprites/Music/Fantasy Sfx/Wav/Footsteps/Footstep_Water_00.wav
  artifactKey: Guid(f19e74cad832142c99ce7fdf008daa40) Importer(815301076,1909f56bfc062723c751e8b465ee728b)
Start importing Assets/Sprites/Music/Fantasy Sfx/Wav/Footsteps/Footstep_Water_00.wav using Guid(f19e74cad832142c99ce7fdf008daa40) Importer(815301076,1909f56bfc062723c751e8b465ee728b)  -> (artifact id: '60a84045529b8c48217ea2297b4a8df2') in 0.013449 seconds 
========================================================================
Received Import Request.
  Time since last request: 0.000020 seconds.
  path: Assets/Sprites/Music/Monster SFX - 111518/monster/insect/insect1die.wav
  artifactKey: Guid(86211679397d6f041ab20bf366a12fa6) Importer(815301076,1909f56bfc062723c751e8b465ee728b)
Start importing Assets/Sprites/Music/Monster SFX - 111518/monster/insect/insect1die.wav using Guid(86211679397d6f041ab20bf366a12fa6) Importer(815301076,1909f56bfc062723c751e8b465ee728b)  -> (artifact id: '0081ed7ab74d3822790cf7d028cfacdd') in 0.014571 seconds 
========================================================================
Received Import Request.
  Time since last request: 0.000021 seconds.
  path: Assets/Sprites/Music/Fantasy Sfx/Wav/Footsteps/Footstep_Dirt_04.wav
  artifactKey: Guid(f7bff2a24d7d64eb296a8133060bd3e9) Importer(815301076,1909f56bfc062723c751e8b465ee728b)
Start importing Assets/Sprites/Music/Fantasy Sfx/Wav/Footsteps/Footstep_Dirt_04.wav using Guid(f7bff2a24d7d64eb296a8133060bd3e9) Importer(815301076,1909f56bfc062723c751e8b465ee728b)  -> (artifact id: 'e1434a943c5db3563ce795a9829f5ba3') in 0.014937 seconds 
========================================================================
Received Import Request.
  Time since last request: 0.000023 seconds.
  path: Assets/Sprites/Music/Fantasy Sfx/Mp3/Footsteps/Footstep_Water_04.mp3
  artifactKey: Guid(273eb9554375f4ebb9e87931ec8335a0) Importer(815301076,1909f56bfc062723c751e8b465ee728b)
Start importing Assets/Sprites/Music/Fantasy Sfx/Mp3/Footsteps/Footstep_Water_04.mp3 using Guid(273eb9554375f4ebb9e87931ec8335a0) Importer(815301076,1909f56bfc062723c751e8b465ee728b)  -> (artifact id: '16ce2b33febbfff38169b0e1d1a757da') in 0.012748 seconds 
========================================================================
Received Import Request.
  Time since last request: 0.000027 seconds.
  path: Assets/Sprites/Music/Monster SFX - 111518/monster/highlevel/mob11.wav
  artifactKey: Guid(8a8652311b3e503408dd320ca297978f) Importer(815301076,1909f56bfc062723c751e8b465ee728b)
Start importing Assets/Sprites/Music/Monster SFX - 111518/monster/highlevel/mob11.wav using Guid(8a8652311b3e503408dd320ca297978f) Importer(815301076,1909f56bfc062723c751e8b465ee728b)  -> (artifact id: 'e5d4a4be4e2a0fe9b2555914833d4a42') in 0.014092 seconds 
========================================================================
Received Import Request.
  Time since last request: 0.000021 seconds.
  path: Assets/Sprites/Music/Fantasy Sfx/Wav/Footsteps/Footstep_Water_01.wav
  artifactKey: Guid(a132f7ad8ef0645d28a3e3d3a6adee44) Importer(815301076,1909f56bfc062723c751e8b465ee728b)
Start importing Assets/Sprites/Music/Fantasy Sfx/Wav/Footsteps/Footstep_Water_01.wav using Guid(a132f7ad8ef0645d28a3e3d3a6adee44) Importer(815301076,1909f56bfc062723c751e8b465ee728b)  -> (artifact id: '1b8775e3d423ebb94b693187159f2996') in 0.014741 seconds 
========================================================================
Received Import Request.
  Time since last request: 0.000021 seconds.
  path: Assets/Sprites/Music/Fantasy Sfx/Wav/Footsteps/Footstep_Dirt_01.wav
  artifactKey: Guid(bc1c11a60c94e439d84d64c56fdd354f) Importer(815301076,1909f56bfc062723c751e8b465ee728b)
Start importing Assets/Sprites/Music/Fantasy Sfx/Wav/Footsteps/Footstep_Dirt_01.wav using Guid(bc1c11a60c94e439d84d64c56fdd354f) Importer(815301076,1909f56bfc062723c751e8b465ee728b)  -> (artifact id: '7bd349580e3f0d3c59e8bc73e4278ac0') in 0.012502 seconds 
========================================================================
Received Import Request.
  Time since last request: 0.000020 seconds.
  path: Assets/Sprites/Music/Monster SFX - 111518/monster/lowlevel/mob1die.wav
  artifactKey: Guid(d55296892cffb044e99edae1e22bd456) Importer(815301076,1909f56bfc062723c751e8b465ee728b)
Start importing Assets/Sprites/Music/Monster SFX - 111518/monster/lowlevel/mob1die.wav using Guid(d55296892cffb044e99edae1e22bd456) Importer(815301076,1909f56bfc062723c751e8b465ee728b)  -> (artifact id: '508470e80ae60b6095aa15b66056447a') in 0.013740 seconds 
========================================================================
Received Import Request.
  Time since last request: 0.000032 seconds.
  path: Assets/Sprites/Music/Fantasy Sfx/Mp3/Footsteps/Footstep_Water_02.mp3
  artifactKey: Guid(3d466a540cab840049f3a6d6d885a4b5) Importer(815301076,1909f56bfc062723c751e8b465ee728b)
Start importing Assets/Sprites/Music/Fantasy Sfx/Mp3/Footsteps/Footstep_Water_02.mp3 using Guid(3d466a540cab840049f3a6d6d885a4b5) Importer(815301076,1909f56bfc062723c751e8b465ee728b)  -> (artifact id: '998822928d7cefda8b705caf60d70b40') in 0.014925 seconds 
========================================================================
Received Import Request.
  Time since last request: 0.000022 seconds.
  path: Assets/Sprites/Music/Monster SFX - 111518/monster/highlevel/mob4.wav
  artifactKey: Guid(ea00fc8acbbea674c8b6e2401e94b90c) Importer(815301076,1909f56bfc062723c751e8b465ee728b)
Start importing Assets/Sprites/Music/Monster SFX - 111518/monster/highlevel/mob4.wav using Guid(ea00fc8acbbea674c8b6e2401e94b90c) Importer(815301076,1909f56bfc062723c751e8b465ee728b)  -> (artifact id: '0a88b01d2564db3e7830a4b4442b571d') in 0.013852 seconds 
========================================================================
Received Import Request.
  Time since last request: 0.000021 seconds.
  path: Assets/Sprites/Music/Monster SFX - 111518/monster/highlevel/mob9die.wav
  artifactKey: Guid(4734b0abbd6dd0241956ef76b7254f2f) Importer(815301076,1909f56bfc062723c751e8b465ee728b)
Start importing Assets/Sprites/Music/Monster SFX - 111518/monster/highlevel/mob9die.wav using Guid(4734b0abbd6dd0241956ef76b7254f2f) Importer(815301076,1909f56bfc062723c751e8b465ee728b)  -> (artifact id: '24f887fe3dbef49facd050e5fb06efb2') in 0.014729 seconds 
========================================================================
Received Import Request.
  Time since last request: 0.000018 seconds.
  path: Assets/Sprites/Music/Fantasy Sfx/Wav/Footsteps/Footstep_Dirt_03.wav
  artifactKey: Guid(aa9d74433c06a41a9b25cc9175d3f3ae) Importer(815301076,1909f56bfc062723c751e8b465ee728b)
Start importing Assets/Sprites/Music/Fantasy Sfx/Wav/Footsteps/Footstep_Dirt_03.wav using Guid(aa9d74433c06a41a9b25cc9175d3f3ae) Importer(815301076,1909f56bfc062723c751e8b465ee728b)  -> (artifact id: '3b26cdc54d59196c0c79b0dbd5dec37a') in 0.014495 seconds 
========================================================================
Received Import Request.
  Time since last request: 0.000024 seconds.
  path: Assets/Sprites/Music/Fantasy Sfx/Mp3/Footsteps/Footstep_Dirt_00.mp3
  artifactKey: Guid(22b5b26c3429f42c482afafb562afc2a) Importer(815301076,1909f56bfc062723c751e8b465ee728b)
Start importing Assets/Sprites/Music/Fantasy Sfx/Mp3/Footsteps/Footstep_Dirt_00.mp3 using Guid(22b5b26c3429f42c482afafb562afc2a) Importer(815301076,1909f56bfc062723c751e8b465ee728b)  -> (artifact id: '317f8adf5ae7b2f85717e29ac3b60f58') in 0.015119 seconds 
========================================================================
Received Import Request.
  Time since last request: 0.000020 seconds.
  path: Assets/Sprites/Music/Monster SFX - 111518/monster/lowlevel/mob4die.wav
  artifactKey: Guid(57af5a0a8d4cb68408c711f0bc2dd57f) Importer(815301076,1909f56bfc062723c751e8b465ee728b)
Start importing Assets/Sprites/Music/Monster SFX - 111518/monster/lowlevel/mob4die.wav using Guid(57af5a0a8d4cb68408c711f0bc2dd57f) Importer(815301076,1909f56bfc062723c751e8b465ee728b)  -> (artifact id: '984c2f6c495fc5d25d7f81e13e91fa6a') in 0.015877 seconds 
========================================================================
Received Import Request.
  Time since last request: 0.000018 seconds.
  path: Assets/Sprites/Music/Fantasy Sfx/Mp3/Footsteps/Footstep_Water_05.mp3
  artifactKey: Guid(61467420665bc4bb782283cc97cebfdb) Importer(815301076,1909f56bfc062723c751e8b465ee728b)
Start importing Assets/Sprites/Music/Fantasy Sfx/Mp3/Footsteps/Footstep_Water_05.mp3 using Guid(61467420665bc4bb782283cc97cebfdb) Importer(815301076,1909f56bfc062723c751e8b465ee728b)  -> (artifact id: '30c0ff4bce69d01058161b5f7c3d3466') in 0.016087 seconds 
========================================================================
Received Import Request.
  Time since last request: 0.000031 seconds.
  path: Assets/Sprites/Music/Monster SFX - 111518/monster/highlevel/mob12.wav
  artifactKey: Guid(defe1ee8e7a51d343b29bb2e1ec2761b) Importer(815301076,1909f56bfc062723c751e8b465ee728b)
Start importing Assets/Sprites/Music/Monster SFX - 111518/monster/highlevel/mob12.wav using Guid(defe1ee8e7a51d343b29bb2e1ec2761b) Importer(815301076,1909f56bfc062723c751e8b465ee728b)  -> (artifact id: 'bcab9910d95e36cc4c17ec865f4c73d9') in 0.013015 seconds 
========================================================================
Received Import Request.
  Time since last request: 0.000031 seconds.
  path: Assets/Sprites/Music/Monster SFX - 111518/monster/highlevel/mob3.wav
  artifactKey: Guid(2cc46cabf96c30b41aee8de58bffee1c) Importer(815301076,1909f56bfc062723c751e8b465ee728b)
Start importing Assets/Sprites/Music/Monster SFX - 111518/monster/highlevel/mob3.wav using Guid(2cc46cabf96c30b41aee8de58bffee1c) Importer(815301076,1909f56bfc062723c751e8b465ee728b)  -> (artifact id: 'ae7901299dcef80fdd36a3551428c56b') in 0.015776 seconds 
========================================================================
Received Import Request.
  Time since last request: 0.000020 seconds.
  path: Assets/Sprites/Music/Fantasy Sfx/Wav/Footsteps/Footstep_Dirt_05.wav
  artifactKey: Guid(f626dafe2c3e045cd852e86532182f70) Importer(815301076,1909f56bfc062723c751e8b465ee728b)
Start importing Assets/Sprites/Music/Fantasy Sfx/Wav/Footsteps/Footstep_Dirt_05.wav using Guid(f626dafe2c3e045cd852e86532182f70) Importer(815301076,1909f56bfc062723c751e8b465ee728b)  -> (artifact id: '3618536f411787334e44444c96de8725') in 0.014497 seconds 
========================================================================
Received Import Request.
  Time since last request: 0.000024 seconds.
  path: Assets/Sprites/Music/Monster SFX - 111518/monster/highlevel/mob8atk.wav
  artifactKey: Guid(14f5c264a2d87164880f340a83531d61) Importer(815301076,1909f56bfc062723c751e8b465ee728b)
Start importing Assets/Sprites/Music/Monster SFX - 111518/monster/highlevel/mob8atk.wav using Guid(14f5c264a2d87164880f340a83531d61) Importer(815301076,1909f56bfc062723c751e8b465ee728b)  -> (artifact id: '4f003ae6cfb4286a82ca4cbe6b6a8669') in 0.013656 seconds 
========================================================================
Received Import Request.
  Time since last request: 0.000016 seconds.
  path: Assets/Sprites/Music/Fantasy Sfx/Wav/Footsteps/Footstep_Water_05.wav
  artifactKey: Guid(db19e03f19d7f4c8aac6ffbf748d3ccc) Importer(815301076,1909f56bfc062723c751e8b465ee728b)
Start importing Assets/Sprites/Music/Fantasy Sfx/Wav/Footsteps/Footstep_Water_05.wav using Guid(db19e03f19d7f4c8aac6ffbf748d3ccc) Importer(815301076,1909f56bfc062723c751e8b465ee728b)  -> (artifact id: '3c11b7c141716652c6222ccb2c5008f1') in 0.013919 seconds 
========================================================================
Received Prepare
Registering precompiled user dll's ...
Registered in 0.002629 seconds.
Begin MonoManager ReloadAssembly
Symbol file LoadedFromMemory doesn't match image O:\MSc AI\Dissertation-Project\RPG\Library\PackageCache\com.unity.visualscripting@1.7.8\Editor\VisualScripting.Core\Dependencies\YamlDotNet\Unity.VisualScripting.YamlDotNet.dll
Symbol file LoadedFromMemory doesn't match image O:\MSc AI\Dissertation-Project\RPG\Library\PackageCache\com.unity.visualscripting@1.7.8\Editor\VisualScripting.Core\Dependencies\DotNetZip\Unity.VisualScripting.IonicZip.dll
Native extension for WindowsStandalone target not found
Native extension for OSXStandalone target not found
Refreshing native plugins compatible for Editor in 1.23 ms, found 3 plugins.
Preloading 0 native plugins for Editor in 0.00 ms.
Mono: successfully reloaded assembly
- Completed reload, in  0.868 seconds
Domain Reload Profiling:
	ReloadAssembly (868ms)
		BeginReloadAssembly (110ms)
			ExecutionOrderSort (0ms)
			DisableScriptedObjects (3ms)
			BackupInstance (0ms)
			ReleaseScriptingObjects (0ms)
			CreateAndSetChildDomain (37ms)
		EndReloadAssembly (668ms)
			LoadAssemblies (60ms)
			RebuildTransferFunctionScriptingTraits (0ms)
			SetupTypeCache (196ms)
			ReleaseScriptCaches (2ms)
			RebuildScriptCaches (35ms)
			SetupLoadedEditorAssemblies (334ms)
				LogAssemblyErrors (0ms)
				InitializePlatformSupportModulesInManaged (11ms)
				SetLoadedEditorAssemblies (0ms)
				RefreshPlugins (1ms)
				BeforeProcessingInitializeOnLoad (68ms)
				ProcessInitializeOnLoadAttributes (223ms)
				ProcessInitializeOnLoadMethodAttributes (25ms)
				AfterProcessingInitializeOnLoad (5ms)
				EditorAssembliesLoaded (0ms)
			ExecutionOrderSort2 (0ms)
			AwakeInstancesAfterBackupRestoration (5ms)
Platform modules already initialized, skipping
Shader Custom/UnlitShadow uses undefined Queue: 'Opaque'
Shader Custom/UnlitShadow uses undefined Queue: 'Opaque'
Refreshing native plugins compatible for Editor in 2.18 ms, found 3 plugins.
Preloading 0 native plugins for Editor in 0.00 ms.
Unloading 4086 Unused Serialized files (Serialized files now loaded: 0)
Unloading 34 unused Assets / (1.4 MB). Loaded Objects now: 4822.
Memory consumption went from 257.7 MB to 256.2 MB.
Total: 3.517500 ms (FindLiveObjects: 0.336900 ms CreateObjectMapping: 0.093000 ms MarkObjects: 2.721400 ms  DeleteObjects: 0.365500 ms)

AssetImportParameters requested are different than current active one (requested -> active):
  custom:video-decoder-ogg-theora: a1e56fd34408186e4bbccfd4996cb3dc -> 
  custom:container-muxer-webm: aa71ff27fc2769a1b78a27578f13a17b -> 
  custom:container-demuxer-webm: 4f35f7cbe854078d1ac9338744f61a02 -> 
  custom:video-encoder-webm-vp8: eb34c28f22e8b96e1ab97ce403110664 -> 
  custom:audio-encoder-webm-vorbis: bf7c407c2cedff20999df2af8eb42d56 -> 
  custom:framework-win-MediaFoundation: 216162199b28c13a410421893ffa2e32 -> 
  custom:container-demuxer-ogg: 62fdf1f143b41e24485cea50d1cbac27 -> 
  custom:video-decoder-webm-vp8: 9c59270c3fd7afecdb556c50c9e8de78 -> 
  custom:audio-decoder-ogg-vorbis: bf7c407c2cedff20999df2af8eb42d56 -> 
========================================================================
Received Prepare
Registering precompiled user dll's ...
Registered in 0.003519 seconds.
Begin MonoManager ReloadAssembly
Symbol file LoadedFromMemory doesn't match image O:\MSc AI\Dissertation-Project\RPG\Library\PackageCache\com.unity.visualscripting@1.7.8\Editor\VisualScripting.Core\Dependencies\YamlDotNet\Unity.VisualScripting.YamlDotNet.dll
Symbol file LoadedFromMemory doesn't match image O:\MSc AI\Dissertation-Project\RPG\Library\PackageCache\com.unity.visualscripting@1.7.8\Editor\VisualScripting.Core\Dependencies\DotNetZip\Unity.VisualScripting.IonicZip.dll
Native extension for WindowsStandalone target not found
Native extension for OSXStandalone target not found
Refreshing native plugins compatible for Editor in 1.23 ms, found 3 plugins.
Preloading 0 native plugins for Editor in 0.00 ms.
Mono: successfully reloaded assembly
- Completed reload, in  0.889 seconds
Domain Reload Profiling:
	ReloadAssembly (889ms)
		BeginReloadAssembly (120ms)
			ExecutionOrderSort (0ms)
			DisableScriptedObjects (4ms)
			BackupInstance (0ms)
			ReleaseScriptingObjects (0ms)
			CreateAndSetChildDomain (38ms)
		EndReloadAssembly (693ms)
			LoadAssemblies (69ms)
			RebuildTransferFunctionScriptingTraits (0ms)
			SetupTypeCache (219ms)
			ReleaseScriptCaches (2ms)
			RebuildScriptCaches (42ms)
			SetupLoadedEditorAssemblies (330ms)
				LogAssemblyErrors (0ms)
				InitializePlatformSupportModulesInManaged (13ms)
				SetLoadedEditorAssemblies (0ms)
				RefreshPlugins (1ms)
				BeforeProcessingInitializeOnLoad (59ms)
				ProcessInitializeOnLoadAttributes (229ms)
				ProcessInitializeOnLoadMethodAttributes (23ms)
				AfterProcessingInitializeOnLoad (5ms)
				EditorAssembliesLoaded (0ms)
			ExecutionOrderSort2 (0ms)
			AwakeInstancesAfterBackupRestoration (4ms)
Platform modules already initialized, skipping
Shader Custom/UnlitShadow uses undefined Queue: 'Opaque'
Shader Custom/UnlitShadow uses undefined Queue: 'Opaque'
Refreshing native plugins compatible for Editor in 2.29 ms, found 3 plugins.
Preloading 0 native plugins for Editor in 0.00 ms.
Unloading 4086 Unused Serialized files (Serialized files now loaded: 0)
Unloading 34 unused Assets / (1.4 MB). Loaded Objects now: 4837.
Memory consumption went from 257.6 MB to 256.3 MB.
Total: 3.128400 ms (FindLiveObjects: 0.306800 ms CreateObjectMapping: 0.098200 ms MarkObjects: 2.405600 ms  DeleteObjects: 0.317100 ms)

AssetImportParameters requested are different than current active one (requested -> active):
  custom:video-decoder-ogg-theora: a1e56fd34408186e4bbccfd4996cb3dc -> 
  custom:container-muxer-webm: aa71ff27fc2769a1b78a27578f13a17b -> 
  custom:container-demuxer-webm: 4f35f7cbe854078d1ac9338744f61a02 -> 
  custom:video-encoder-webm-vp8: eb34c28f22e8b96e1ab97ce403110664 -> 
  custom:audio-encoder-webm-vorbis: bf7c407c2cedff20999df2af8eb42d56 -> 
  custom:framework-win-MediaFoundation: 216162199b28c13a410421893ffa2e32 -> 
  custom:container-demuxer-ogg: 62fdf1f143b41e24485cea50d1cbac27 -> 
  custom:video-decoder-webm-vp8: 9c59270c3fd7afecdb556c50c9e8de78 -> 
  custom:audio-decoder-ogg-vorbis: bf7c407c2cedff20999df2af8eb42d56 -> 
========================================================================
Received Prepare
Registering precompiled user dll's ...
Registered in 0.003119 seconds.
Begin MonoManager ReloadAssembly
Symbol file LoadedFromMemory doesn't match image O:\MSc AI\Dissertation-Project\RPG\Library\PackageCache\com.unity.visualscripting@1.7.8\Editor\VisualScripting.Core\Dependencies\YamlDotNet\Unity.VisualScripting.YamlDotNet.dll
Symbol file LoadedFromMemory doesn't match image O:\MSc AI\Dissertation-Project\RPG\Library\PackageCache\com.unity.visualscripting@1.7.8\Editor\VisualScripting.Core\Dependencies\DotNetZip\Unity.VisualScripting.IonicZip.dll
Native extension for WindowsStandalone target not found
Native extension for OSXStandalone target not found
Refreshing native plugins compatible for Editor in 2.40 ms, found 3 plugins.
Preloading 0 native plugins for Editor in 0.00 ms.
Mono: successfully reloaded assembly
- Completed reload, in  0.866 seconds
Domain Reload Profiling:
	ReloadAssembly (867ms)
		BeginReloadAssembly (119ms)
			ExecutionOrderSort (0ms)
			DisableScriptedObjects (3ms)
			BackupInstance (0ms)
			ReleaseScriptingObjects (0ms)
			CreateAndSetChildDomain (36ms)
		EndReloadAssembly (677ms)
			LoadAssemblies (68ms)
			RebuildTransferFunctionScriptingTraits (0ms)
			SetupTypeCache (194ms)
			ReleaseScriptCaches (2ms)
			RebuildScriptCaches (34ms)
			SetupLoadedEditorAssemblies (323ms)
				LogAssemblyErrors (0ms)
				InitializePlatformSupportModulesInManaged (20ms)
				SetLoadedEditorAssemblies (1ms)
				RefreshPlugins (2ms)
				BeforeProcessingInitializeOnLoad (61ms)
				ProcessInitializeOnLoadAttributes (208ms)
				ProcessInitializeOnLoadMethodAttributes (22ms)
				AfterProcessingInitializeOnLoad (9ms)
				EditorAssembliesLoaded (0ms)
			ExecutionOrderSort2 (0ms)
			AwakeInstancesAfterBackupRestoration (4ms)
Platform modules already initialized, skipping
Shader Custom/UnlitShadow uses undefined Queue: 'Opaque'
Shader Custom/UnlitShadow uses undefined Queue: 'Opaque'
Refreshing native plugins compatible for Editor in 2.27 ms, found 3 plugins.
Preloading 0 native plugins for Editor in 0.00 ms.
Unloading 4086 Unused Serialized files (Serialized files now loaded: 0)
Unloading 34 unused Assets / (1.4 MB). Loaded Objects now: 4852.
Memory consumption went from 257.7 MB to 256.3 MB.
Total: 3.061200 ms (FindLiveObjects: 0.279500 ms CreateObjectMapping: 0.107100 ms MarkObjects: 2.349900 ms  DeleteObjects: 0.324100 ms)

AssetImportParameters requested are different than current active one (requested -> active):
  custom:video-decoder-ogg-theora: a1e56fd34408186e4bbccfd4996cb3dc -> 
  custom:container-muxer-webm: aa71ff27fc2769a1b78a27578f13a17b -> 
  custom:container-demuxer-webm: 4f35f7cbe854078d1ac9338744f61a02 -> 
  custom:video-encoder-webm-vp8: eb34c28f22e8b96e1ab97ce403110664 -> 
  custom:audio-encoder-webm-vorbis: bf7c407c2cedff20999df2af8eb42d56 -> 
  custom:framework-win-MediaFoundation: 216162199b28c13a410421893ffa2e32 -> 
  custom:container-demuxer-ogg: 62fdf1f143b41e24485cea50d1cbac27 -> 
  custom:video-decoder-webm-vp8: 9c59270c3fd7afecdb556c50c9e8de78 -> 
  custom:audio-decoder-ogg-vorbis: bf7c407c2cedff20999df2af8eb42d56 -> 
========================================================================
Received Import Request.
  Time since last request: 596.103415 seconds.
  path: Assets/ExplosiveLLC/Warrior FREE/TagLayer Presets.preset
  artifactKey: Guid(8a6ca0acd5e2d4847b477156dc8cf109) Importer(815301076,1909f56bfc062723c751e8b465ee728b)
Start importing Assets/ExplosiveLLC/Warrior FREE/TagLayer Presets.preset using Guid(8a6ca0acd5e2d4847b477156dc8cf109) Importer(815301076,1909f56bfc062723c751e8b465ee728b)  -> (artifact id: '7f7c31301ff3f0826e07fdda1e6a4a3b') in 0.039526 seconds 
========================================================================
Received Import Request.
  Time since last request: 18.946094 seconds.
  path: Assets/ExplosiveLLC/Warrior Pack Bundle 1 FREE/Brute Warrior Mecanim Animation Pack/Animations/Brute@Fall.FBX
  artifactKey: Guid(6d3fdfaf6fb0b744abb6dfc9fb1bb766) Importer(815301076,1909f56bfc062723c751e8b465ee728b)
Start importing Assets/ExplosiveLLC/Warrior Pack Bundle 1 FREE/Brute Warrior Mecanim Animation Pack/Animations/Brute@Fall.FBX using Guid(6d3fdfaf6fb0b744abb6dfc9fb1bb766) Importer(815301076,1909f56bfc062723c751e8b465ee728b)  -> (artifact id: '988f7e62b7f159c0734bbbedfa8e336c') in 0.038172 seconds 
========================================================================
Received Import Request.
  Time since last request: 0.000023 seconds.
  path: Assets/ExplosiveLLC/Warrior Pack Bundle 1 FREE/Brute Warrior Mecanim Animation Pack/Animations/Brute@Run.FBX
  artifactKey: Guid(d01bc7c7263ec8d4aa3f7947c2ddf0cb) Importer(815301076,1909f56bfc062723c751e8b465ee728b)
Start importing Assets/ExplosiveLLC/Warrior Pack Bundle 1 FREE/Brute Warrior Mecanim Animation Pack/Animations/Brute@Run.FBX using Guid(d01bc7c7263ec8d4aa3f7947c2ddf0cb) Importer(815301076,1909f56bfc062723c751e8b465ee728b)  -> (artifact id: 'dbbe55c4ae79bea4696da013b05f3502') in 0.012033 seconds 
========================================================================
Received Import Request.
  Time since last request: 0.000022 seconds.
  path: Assets/ExplosiveLLC/Warrior Pack Bundle 1 FREE/Brute Warrior Mecanim Animation Pack/Animations/Brute@Jump.FBX
  artifactKey: Guid(7d6361bc6c3a91a47a6ae4ffef381b3f) Importer(815301076,1909f56bfc062723c751e8b465ee728b)
Start importing Assets/ExplosiveLLC/Warrior Pack Bundle 1 FREE/Brute Warrior Mecanim Animation Pack/Animations/Brute@Jump.FBX using Guid(7d6361bc6c3a91a47a6ae4ffef381b3f) Importer(815301076,1909f56bfc062723c751e8b465ee728b)  -> (artifact id: '52b73059da18263090e3dfeb4c7e4523') in 0.014875 seconds 
========================================================================
Received Import Request.
  Time since last request: 0.000033 seconds.
  path: Assets/ExplosiveLLC/Warrior Pack Bundle 1 FREE/Brute Warrior Mecanim Animation Pack/Animations/Brute@Idle.FBX
  artifactKey: Guid(743b2f433ce9dc34fa40bbc53b94319f) Importer(815301076,1909f56bfc062723c751e8b465ee728b)
Start importing Assets/ExplosiveLLC/Warrior Pack Bundle 1 FREE/Brute Warrior Mecanim Animation Pack/Animations/Brute@Idle.FBX using Guid(743b2f433ce9dc34fa40bbc53b94319f) Importer(815301076,1909f56bfc062723c751e8b465ee728b)  -> (artifact id: '2852113766e4578cb5c42e4db3dd5b5c') in 0.011178 seconds 
Editor requested this worker to shutdown with reason: Scaling down because of idle timeout
AssetImportWorker is now disconnected from the server
Process exiting
Exiting without the bug reporter. Application will terminate with return code 0